Tipo Titulo;Data Vencimento;Data Base;Taxa Compra Manha;Taxa Venda Manha;PU Compra Manha;PU Venda Manha;PU Base Manha
Tesouro Prefixado;01/01/2027;02/01/2024;13,53;13,50;682,71;684,08;683,39
Tesouro Prefixado;01/01/2029;02/01/2024;13,37;13,34;533,75;534,82;534,29
Tesouro Prefixado;01/01/2031;02/01/2024;13,35;13,32;415,98;416,81;416,40
Tesouro Prefixado com Juros Semestrais;01/01/2033;02/01/2024;13,30;13,27;325,23;325,88;325,56
Tesouro Prefixado com Juros Semestrais;01/01/2035;02/01/2024;13,21;13,18;255,61;256,12;255,86
Tesouro Prefixado com Juros Semestrais;01/01/2037;02/01/2024;13,16;13,13;200,71;201,11;200,91
Tesouro IPCA+;15/05/2029;02/01/2024;7,41;7,38;2860,65;2866,38;2863,51
Tesouro IPCA+;15/05/2035;02/01/2024;7,49;7,46;1849,86;1853,57;1851,71
Tesouro IPCA+;15/05/2045;02/01/2024;7,57;7,54;887,06;888,84;887,95
Tesouro IPCA+ com Juros Semestrais;15/08/2032;02/01/2024;7,47;7,44;2258,75;2263,28;2261,01
Tesouro IPCA+ com Juros Semestrais;15/08/2040;02/01/2024;7,53;7,50;1259,94;1262,47;1261,20
Tesouro IPCA+ com Juros Semestrais;15/05/2055;02/01/2024;7,63;7,60;421,65;422,49;422,07
Tesouro Selic;01/03/2029;02/01/2024;0,06;0,03;13972,00;14000,00;13986,00
Tesouro Prefixado;01/01/2027;03/01/2024;13,46;13,43;684,32;685,69;685,01
Tesouro Prefixado;01/01/2029;03/01/2024;13,31;13,28;535,32;536,39;535,85
Tesouro Prefixado;01/01/2031;03/01/2024;13,26;13,23;418,48;419,32;418,90
Tesouro Prefixado com Juros Semestrais;01/01/2033;03/01/2024;13,19;13,16;328,11;328,77;328,44
Tesouro Prefixado com Juros Semestrais;01/01/2035;03/01/2024;13,18;13,15;256,47;256,99;256,73
Tesouro Prefixado com Juros Semestrais;01/01/2037;03/01/2024;13,11;13,08;201,91;202,32;202,11
Tesouro IPCA+;15/05/2029;03/01/2024;7,43;7,40;2858,23;2863,95;2861,09
Tesouro IPCA+;15/05/2035;03/01/2024;7,55;7,52;1838,29;1841,97;1840,13
Tesouro IPCA+;15/05/2045;03/01/2024;7,65;7,62;873,14;874,89;874,02
Tesouro IPCA+ com Juros Semestrais;15/08/2032;03/01/2024;7,49;7,46;2255,55;2260,07;2257,81
Tesouro IPCA+ com Juros Semestrais;15/08/2040;03/01/2024;7,57;7,54;1251,95;1254,45;1253,20
Tesouro IPCA+ com Juros Semestrais;15/05/2055;03/01/2024;7,63;7,60;421,49;422,34;421,92
Tesouro Selic;01/03/2029;03/01/2024;0,07;0,04;13975,09;14003,10;13989,10
Tesouro Prefixado;01/01/2027;04/01/2024;13,46;13,43;684,50;685,87;685,19
Tesouro Prefixado;01/01/2029;04/01/2024;13,36;13,33;534,18;535,25;534,71
Tesouro Prefixado;01/01/2031;04/01/2024;13,31;13,28;417,33;418,17;417,75
Tesouro Prefixado com Juros Semestrais;01/01/2033;04/01/2024;13,26;13,23;326,39;327,05;326,72
Tesouro Prefixado com Juros Semestrais;01/01/2035;04/01/2024;13,17;13,14;256,80;257,32;257,06
Tesouro Prefixado com Juros Semestrais;01/01/2037;04/01/2024;13,15;13,12;201,12;201,53;201,32
Tesouro IPCA+;15/05/2029;04/01/2024;7,39;7,36;2864,62;2870,36;2867,49
Tesouro IPCA+;15/05/2035;04/01/2024;7,48;7,45;1853,39;1857,10;1855,25
Tesouro IPCA+;15/05/2045;04/01/2024;7,57;7,54;887,75;889,53;888,64
Tesouro IPCA+ com Juros Semestrais;15/08/2032;04/01/2024;7,45;7,42;2262,45;2266,98;2264,71
Tesouro IPCA+ com Juros Semestrais;15/08/2040;04/01/2024;7,51;7,48;1264,02;1266,55;1265,28
Tesouro IPCA+ com Juros Semestrais;15/05/2055;04/01/2024;7,63;7,60;421,39;422,23;421,81
Tesouro Selic;01/03/2029;04/01/2024;0,06;0,03;13978,19;14006,20;13992,19
Tesouro Prefixado;01/01/2027;05/01/2024;13,43;13,40;685,31;686,68;685,99
Tesouro Prefixado;01/01/2029;05/01/2024;13,31;13,28;535,68;536,75;536,22
Tesouro Prefixado;01/01/2031;05/01/2024;13,23;13,20;419,60;420,44;420,02
Tesouro Prefixado com Juros Semestrais;01/01/2033;05/01/2024;13,18;13,15;328,51;329,17;328,84
Tesouro Prefixado com Juros Semestrais;01/01/2035;05/01/2024;13,17;13,14;257,07;257,59;257,33
Tesouro Prefixado com Juros Semestrais;01/01/2037;05/01/2024;13,12;13,09;201,78;202,19;201,99
Tesouro IPCA+;15/05/2029;05/01/2024;7,38;7,35;2865,75;2871,49;2868,62
Tesouro IPCA+;15/05/2035;05/01/2024;7,51;7,48;1847,19;1850,89;1849,04
Tesouro IPCA+;15/05/2045;05/01/2024;7,56;7,53;888,28;890,06;889,17
Tesouro IPCA+ com Juros Semestrais;15/08/2032;05/01/2024;7,45;7,42;2263,11;2267,64;2265,37
Tesouro IPCA+ com Juros Semestrais;15/08/2040;05/01/2024;7,53;7,50;1260,52;1263,05;1261,78
Tesouro IPCA+ com Juros Semestrais;15/05/2055;05/01/2024;7,62;7,59;423,12;423,97;423,54
Tesouro Selic;01/03/2029;05/01/2024;0,07;0,04;13981,28;14009,30;13995,29
Tesouro Prefixado;01/01/2027;08/01/2024;13,38;13,35;686,85;688,22;687,53
Tesouro Prefixado;01/01/2029;08/01/2024;13,25;13,22;537,55;538,63;538,09
Tesouro Prefixado;01/01/2031;08/01/2024;13,18;13,15;421,37;422,22;421,79
Tesouro Prefixado com Juros Semestrais;01/01/2033;08/01/2024;13,10;13,07;330,97;331,63;331,30
Tesouro Prefixado com Juros Semestrais;01/01/2035;08/01/2024;13,06;13,03;260,05;260,57;260,31
Tesouro Prefixado com Juros Semestrais;01/01/2037;08/01/2024;13,02;12,99;204,34;204,75;204,54
Tesouro IPCA+;15/05/2029;08/01/2024;7,35;7,32;2872,93;2878,69;2875,81
Tesouro IPCA+;15/05/2035;08/01/2024;7,51;7,48;1849,14;1852,84;1850,99
Tesouro IPCA+;15/05/2045;08/01/2024;7,54;7,51;892,87;894,66;893,76
Tesouro IPCA+ com Juros Semestrais;15/08/2032;08/01/2024;7,43;7,40;2268,73;2273,28;2271,00
Tesouro IPCA+ com Juros Semestrais;15/08/2040;08/01/2024;7,51;7,48;1265,09;1267,62;1266,36
Tesouro IPCA+ com Juros Semestrais;15/05/2055;08/01/2024;7,60;7,57;425,96;426,81;426,39
Tesouro Selic;01/03/2029;08/01/2024;0,06;0,03;13984,38;14012,40;13998,39
Tesouro Prefixado;01/01/2027;09/01/2024;13,40;13,37;686,83;688,20;687,52
Tesouro Prefixado;01/01/2029;09/01/2024;13,23;13,20;538,13;539,21;538,67
Tesouro Prefixado;01/01/2031;09/01/2024;13,14;13,11;422,47;423,32;422,90
Tesouro Prefixado com Juros Semestrais;01/01/2033;09/01/2024;13,09;13,06;331,57;332,24;331,90
Tesouro Prefixado com Juros Semestrais;01/01/2035;09/01/2024;13,04;13,01;260,71;261,23;260,97
Tesouro Prefixado com Juros Semestrais;01/01/2037;09/01/2024;12,95;12,92;206,21;206,62;206,42
Tesouro IPCA+;15/05/2029;09/01/2024;7,41;7,38;2864,52;2870,27;2867,39
Tesouro IPCA+;15/05/2035;09/01/2024;7,51;7,48;1848,78;1852,49;1850,64
Tesouro IPCA+;15/05/2045;09/01/2024;7,60;7,57;882,90;884,67;883,78
Tesouro IPCA+ com Juros Semestrais;15/08/2032;09/01/2024;7,45;7,42;2264,25;2268,79;2266,52
Tesouro IPCA+ com Juros Semestrais;15/08/2040;09/01/2024;7,55;7,52;1257,91;1260,43;1259,17
Tesouro IPCA+ com Juros Semestrais;15/05/2055;09/01/2024;7,65;7,62;419,64;420,49;420,06
Tesouro Selic;01/03/2029;09/01/2024;0,06;0,03;13987,47;14015,50;14001,48
Tesouro Prefixado;01/01/2027;10/01/2024;13,45;13,42;686,11;687,49;686,80
Tesouro Prefixado;01/01/2029;10/01/2024;13,30;13,27;536,68;537,75;537,21
Tesouro Prefixado;01/01/2031;10/01/2024;13,21;13,18;420,73;421,57;421,15
Tesouro Prefixado com Juros Semestrais;01/01/2033;10/01/2024;13,11;13,08;330,95;331,61;331,28
Tesouro Prefixado com Juros Semestrais;01/01/2035;10/01/2024;13,10;13,07;259,08;259,60;259,34
Tesouro Prefixado com Juros Semestrais;01/01/2037;10/01/2024;13,02;12,99;204,56;204,97;204,77
Tesouro IPCA+;15/05/2029;10/01/2024;7,41;7,38;2864,30;2870,04;2867,17
Tesouro IPCA+;15/05/2035;10/01/2024;7,53;7,50;1844,92;1848,62;1846,77
Tesouro IPCA+;15/05/2045;10/01/2024;7,62;7,59;878,87;880,63;879,75
Tesouro IPCA+ com Juros Semestrais;15/08/2032;10/01/2024;7,48;7,45;2259,55;2264,08;2261,81
Tesouro IPCA+ com Juros Semestrais;15/08/2040;10/01/2024;7,54;7,51;1261,03;1263,56;1262,29
Tesouro IPCA+ com Juros Semestrais;15/05/2055;10/01/2024;7,68;7,65;416,04;416,88;416,46
Tesouro Selic;01/03/2029;10/01/2024;0,05;0,02;13990,56;14018,60;14004,58
Tesouro Prefixado;01/01/2027;11/01/2024;13,35;13,32;688,09;689,47;688,78
Tesouro Prefixado;01/01/2029;11/01/2024;13,24;13,21;538,29;539,36;538,82
Tesouro Prefixado;01/01/2031;11/01/2024;13,14;13,11;422,79;423,63;423,21
Tesouro Prefixado com Juros Semestrais;01/01/2033;11/01/2024;13,08;13,05;331,86;332,53;332,19
Tesouro Prefixado com Juros Semestrais;01/01/2035;11/01/2024;13,04;13,01;260,76;261,28;261,02
Tesouro Prefixado com Juros Semestrais;01/01/2037;11/01/2024;12,96;12,93;205,99;206,40;206,20
Tesouro IPCA+;15/05/2029;11/01/2024;7,40;7,37;2866,93;2872,67;2869,80
Tesouro IPCA+;15/05/2035;11/01/2024;7,53;7,50;1845,46;1849,16;1847,31
Tesouro IPCA+;15/05/2045;11/01/2024;7,60;7,57;882,74;884,51;883,62
Tesouro IPCA+ com Juros Semestrais;15/08/2032;11/01/2024;7,49;7,46;2259,31;2263,84;2261,58
Tesouro IPCA+ com Juros Semestrais;15/08/2040;11/01/2024;7,56;7,53;1256,44;1258,96;1257,70
Tesouro IPCA+ com Juros Semestrais;15/05/2055;11/01/2024;7,63;7,60;422,37;423,22;422,80
Tesouro Selic;01/03/2029;11/01/2024;0,06;0,03;13993,66;14021,70;14007,68
Tesouro Prefixado;01/01/2027;12/01/2024;13,35;13,32;688,39;689,77;689,08
Tesouro Prefixado;01/01/2029;12/01/2024;13,20;13,17;539,48;540,56;540,02
Tesouro Prefixado;01/01/2031;12/01/2024;13,09;13,06;424,12;424,97;424,54
Tesouro Prefixado com Juros Semestrais;01/01/2033;12/01/2024;13,03;13,00;333,48;334,15;333,82
Tesouro Prefixado com Juros Semestrais;01/01/2035;12/01/2024;13,00;12,97;261,85;262,37;262,11
Tesouro Prefixado com Juros Semestrais;01/01/2037;12/01/2024;12,95;12,92;206,27;206,69;206,48
Tesouro IPCA+;15/05/2029;12/01/2024;7,42;7,39;2864,40;2870,14;2867,27
Tesouro IPCA+;15/05/2035;12/01/2024;7,54;7,51;1844,04;1847,74;1845,89
Tesouro IPCA+;15/05/2045;12/01/2024;7,58;7,55;887,36;889,14;888,25
Tesouro IPCA+ com Juros Semestrais;15/08/2032;12/01/2024;7,45;7,42;2267,13;2271,68;2269,40
Tesouro IPCA+ com Juros Semestrais;15/08/2040;12/01/2024;7,58;7,55;1253,79;1256,30;1255,05
Tesouro IPCA+ com Juros Semestrais;15/05/2055;12/01/2024;7,63;7,60;422,68;423,52;423,10
Tesouro Selic;01/03/2029;12/01/2024;0,06;0,03;13996,75;14024,80;14010,78
Tesouro Prefixado;01/01/2027;15/01/2024;13,35;13,32;689,12;690,51;689,82
Tesouro Prefixado;01/01/2029;15/01/2024;13,20;13,17;540,04;541,12;540,58
Tesouro Prefixado;01/01/2031;15/01/2024;13,08;13,05;424,78;425,63;425,20
Tesouro Prefixado com Juros Semestrais;01/01/2033;15/01/2024;13,03;13,00;333,57;334,24;333,91
Tesouro Prefixado com Juros Semestrais;01/01/2035;15/01/2024;12,96;12,93;263,14;263,67;263,40
Tesouro Prefixado com Juros Semestrais;01/01/2037;15/01/2024;12,92;12,89;207,26;207,68;207,47
Tesouro IPCA+;15/05/2029;15/01/2024;7,43;7,40;2864,59;2870,33;2867,46
Tesouro IPCA+;15/05/2035;15/01/2024;7,53;7,50;1846,73;1850,43;1848,58
Tesouro IPCA+;15/05/2045;15/01/2024;7,60;7,57;884,28;886,05;885,17
Tesouro IPCA+ com Juros Semestrais;15/08/2032;15/01/2024;7,51;7,48;2256,29;2260,82;2258,55
Tesouro IPCA+ com Juros Semestrais;15/08/2040;15/01/2024;7,59;7,56;1252,17;1254,68;1253,42
Tesouro IPCA+ com Juros Semestrais;15/05/2055;15/01/2024;7,68;7,65;416,75;417,59;417,17
Tesouro Selic;01/03/2029;15/01/2024;0,07;0,04;13999,84;14027,90;14013,87
Tesouro Prefixado;01/01/2027;16/01/2024;13,39;13,36;688,57;689,95;689,26
Tesouro Prefixado;01/01/2029;16/01/2024;13,22;13,19;539,79;540,87;540,33
Tesouro Prefixado;01/01/2031;16/01/2024;13,12;13,09;423,96;424,81;424,39
Tesouro Prefixado com Juros Semestrais;01/01/2033;16/01/2024;13,10;13,07;331,91;332,57;332,24
Tesouro Prefixado com Juros Semestrais;01/01/2035;16/01/2024;13,00;12,97;262,15;262,68;262,41
Tesouro Prefixado com Juros Semestrais;01/01/2037;16/01/2024;12,98;12,95;205,82;206,23;206,03
Tesouro IPCA+;15/05/2029;16/01/2024;7,39;7,36;2871,84;2877,59;2874,71
Tesouro IPCA+;15/05/2035;16/01/2024;7,48;7,45;1856,54;1860,26;1858,40
Tesouro IPCA+;15/05/2045;16/01/2024;7,62;7,59;881,23;882,99;882,11
Tesouro IPCA+ com Juros Semestrais;15/08/2032;16/01/2024;7,46;7,43;2265,76;2270,30;2268,03
Tesouro IPCA+ com Juros Semestrais;15/08/2040;16/01/2024;7,57;7,54;1255,25;1257,77;1256,51
Tesouro IPCA+ com Juros Semestrais;15/05/2055;16/01/2024;7,64;7,61;420,99;421,84;421,41
Tesouro Selic;01/03/2029;16/01/2024;0,06;0,03;14002,94;14031,00;14016,97
Tesouro Prefixado;01/01/2027;17/01/2024;13,34;13,31;689,78;691,17;690,48
Tesouro Prefixado;01/01/2029;17/01/2024;13,17;13,14;541,03;542,12;541,57
Tesouro Prefixado;01/01/2031;17/01/2024;13,11;13,08;424,40;425,25;424,82
Tesouro Prefixado com Juros Semestrais;01/01/2033;17/01/2024;13,01;12,98;334,51;335,18;334,85
Tesouro Prefixado com Juros Semestrais;01/01/2035;17/01/2024;12,96;12,93;263,31;263,83;263,57
Tesouro Prefixado com Juros Semestrais;01/01/2037;17/01/2024;12,92;12,89;207,47;207,88;207,67
Tesouro IPCA+;15/05/2029;17/01/2024;7,37;7,34;2874,93;2880,69;2877,81
Tesouro IPCA+;15/05/2035;17/01/2024;7,48;7,45;1856,99;1860,71;1858,85
Tesouro IPCA+;15/05/2045;17/01/2024;7,63;7,60;879,11;880,87;879,99
Tesouro IPCA+ com Juros Semestrais;15/08/2032;17/01/2024;7,46;7,43;2266,38;2270,93;2268,66
Tesouro IPCA+ com Juros Semestrais;15/08/2040;17/01/2024;7,58;7,55;1254,55;1257,06;1255,80
Tesouro IPCA+ com Juros Semestrais;15/05/2055;17/01/2024;7,64;7,61;421,14;421,99;421,57
Tesouro Selic;01/03/2029;17/01/2024;0,07;0,04;14006,03;14034,10;14020,07
Tesouro Prefixado;01/01/2027;18/01/2024;13,42;13,39;688,57;689,95;689,26
Tesouro Prefixado;01/01/2029;18/01/2024;13,24;13,21;539,61;540,69;540,15
Tesouro Prefixado;01/01/2031;18/01/2024;13,17;13,14;423,05;423,90;423,47
Tesouro Prefixado com Juros Semestrais;01/01/2033;18/01/2024;13,07;13,04;332,97;333,64;333,31
Tesouro Prefixado com Juros Semestrais;01/01/2035;18/01/2024;13,00;12,97;262,29;262,82;262,55
Tesouro Prefixado com Juros Semestrais;01/01/2037;18/01/2024;12,99;12,96;205,85;206,27;206,06
Tesouro IPCA+;15/05/2029;18/01/2024;7,40;7,37;2871,19;2876,95;2874,07
Tesouro IPCA+;15/05/2035;18/01/2024;7,51;7,48;1851,45;1855,16;1853,31
Tesouro IPCA+;15/05/2045;18/01/2024;7,59;7,56;886,75;888,53;887,64
Tesouro IPCA+ com Juros Semestrais;15/08/2032;18/01/2024;7,50;7,47;2260,57;2265,10;2262,83
Tesouro IPCA+ com Juros Semestrais;15/08/2040;18/01/2024;7,57;7,54;1256,59;1259,11;1257,85
Tesouro IPCA+ com Juros Semestrais;15/05/2055;18/01/2024;7,70;7,67;414,10;414,93;414,51
Tesouro Selic;01/03/2029;18/01/2024;0,06;0,03;14009,13;14037,20;14023,16
Tesouro Prefixado;01/01/2027;19/01/2024;13,35;13,32;690,03;691,41;690,72
Tesouro Prefixado;01/01/2029;19/01/2024;13,20;13,17;540,72;541,80;541,26
Tesouro Prefixado;01/01/2031;19/01/2024;13,11;13,08;424,70;425,56;425,13
Tesouro Prefixado com Juros Semestrais;01/01/2033;19/01/2024;13,05;13,02;333,54;334,21;333,88
Tesouro Prefixado com Juros Semestrais;01/01/2035;19/01/2024;12,96;12,93;263,41;263,94;263,68
Tesouro Prefixado com Juros Semestrais;01/01/2037;19/01/2024;12,95;12,92;206,89;207,30;207,09
Tesouro IPCA+;15/05/2029;19/01/2024;7,41;7,38;2870,58;2876,33;2873,45
Tesouro IPCA+;15/05/2035;19/01/2024;7,53;7,50;1848,60;1852,30;1850,45
Tesouro IPCA+;15/05/2045;19/01/2024;7,58;7,55;888,27;890,05;889,16
Tesouro IPCA+ com Juros Semestrais;15/08/2032;19/01/2024;7,46;7,43;2267,32;2271,86;2269,59
Tesouro IPCA+ com Juros Semestrais;15/08/2040;19/01/2024;7,57;7,54;1256,48;1259,00;1257,74
Tesouro IPCA+ com Juros Semestrais;15/05/2055;19/01/2024;7,65;7,62;420,00;420,84;420,42
Tesouro Selic;01/03/2029;19/01/2024;0,06;0,03;14012,22;14040,30;14026,26
Tesouro Prefixado;01/01/2027;22/01/2024;13,43;13,40;689,29;690,67;689,98
Tesouro Prefixado;01/01/2029;22/01/2024;13,24;13,21;540,33;541,41;540,87
Tesouro Prefixado;01/01/2031;22/01/2024;13,13;13,10;424,47;425,32;424,90
Tesouro Prefixado com Juros Semestrais;01/01/2033;22/01/2024;13,09;13,06;332,94;333,61;333,27
Tesouro Prefixado com Juros Semestrais;01/01/2035;22/01/2024;12,96;12,93;263,74;264,27;264,01
Tesouro Prefixado com Juros Semestrais;01/01/2037;22/01/2024;12,95;12,92;207,03;207,44;207,23
Tesouro IPCA+;15/05/2029;22/01/2024;7,44;7,41;2868,08;2873,83;2870,96
Tesouro IPCA+;15/05/2035;22/01/2024;7,50;7,47;1855,84;1859,56;1857,70
Tesouro IPCA+;15/05/2045;22/01/2024;7,61;7,58;883,34;885,11;884,23
Tesouro IPCA+ com Juros Semestrais;15/08/2032;22/01/2024;7,49;7,46;2262,97;2267,50;2265,24
Tesouro IPCA+ com Juros Semestrais;15/08/2040;22/01/2024;7,60;7,57;1251,64;1254,15;1252,90
Tesouro IPCA+ com Juros Semestrais;15/05/2055;22/01/2024;7,64;7,61;422,33;423,17;422,75
Tesouro Selic;01/03/2029;22/01/2024;0,05;0,02;14015,31;14043,40;14029,36
Tesouro Prefixado;01/01/2027;23/01/2024;13,41;13,38;689,85;691,23;690,54
Tesouro Prefixado;01/01/2029;23/01/2024;13,27;13,24;539,95;541,03;540,49
Tesouro Prefixado;01/01/2031;23/01/2024;13,15;13,12;424,30;425,15;424,72
Tesouro Prefixado com Juros Semestrais;01/01/2033;23/01/2024;13,04;13,01;334,24;334,91;334,58
Tesouro Prefixado com Juros Semestrais;01/01/2035;23/01/2024;12,99;12,96;263,09;263,61;263,35
Tesouro Prefixado com Juros Semestrais;01/01/2037;23/01/2024;12,94;12,91;207,33;207,75;207,54
Tesouro IPCA+;15/05/2029;23/01/2024;7,47;7,44;2863,10;2868,83;2865,96
Tesouro IPCA+;15/05/2035;23/01/2024;7,54;7,51;1848,83;1852,54;1850,68
Tesouro IPCA+;15/05/2045;23/01/2024;7,65;7,62;876,37;878,12;877,25
Tesouro IPCA+ com Juros Semestrais;15/08/2032;23/01/2024;7,54;7,51;2254,74;2259,25;2256,99
Tesouro IPCA+ com Juros Semestrais;15/08/2040;23/01/2024;7,63;7,60;1246,04;1248,54;1247,29
Tesouro IPCA+ com Juros Semestrais;15/05/2055;23/01/2024;7,70;7,67;414,99;415,82;415,40
Tesouro Selic;01/03/2029;23/01/2024;0,07;0,04;14018,41;14046,50;14032,45
Tesouro Prefixado;01/01/2027;24/01/2024;13,41;13,38;690,16;691,54;690,85
Tesouro Prefixado;01/01/2029;24/01/2024;13,28;13,25;539,91;541,00;540,45
Tesouro Prefixado;01/01/2031;24/01/2024;13,15;13,12;424,29;425,14;424,71
Tesouro Prefixado com Juros Semestrais;01/01/2033;24/01/2024;13,05;13,02;334,12;334,79;334,46
Tesouro Prefixado com Juros Semestrais;01/01/2035;24/01/2024;13,04;13,01;261,92;262,44;262,18
Tesouro Prefixado com Juros Semestrais;01/01/2037;24/01/2024;12,98;12,95;206,54;206,95;206,75
Tesouro IPCA+;15/05/2029;24/01/2024;7,43;7,40;2869,37;2875,12;2872,24
Tesouro IPCA+;15/05/2035;24/01/2024;7,56;7,53;1845,52;1849,21;1847,36
Tesouro IPCA+;15/05/2045;24/01/2024;7,64;7,61;878,36;880,12;879,24
Tesouro IPCA+ com Juros Semestrais;15/08/2032;24/01/2024;7,56;7,53;2251,95;2256,47;2254,21
Tesouro IPCA+ com Juros Semestrais;15/08/2040;24/01/2024;7,62;7,59;1247,42;1249,92;1248,67
Tesouro IPCA+ com Juros Semestrais;15/05/2055;24/01/2024;7,72;7,69;412,70;413,52;413,11
Tesouro Selic;01/03/2029;24/01/2024;0,06;0,03;14021,50;14049,60;14035,55
Tesouro Prefixado;01/01/2027;25/01/2024;13,43;13,40;690,00;691,38;690,69
Tesouro Prefixado;01/01/2029;25/01/2024;13,28;13,25;540,01;541,09;540,55
Tesouro Prefixado;01/01/2031;25/01/2024;13,22;13,19;422,67;423,52;423,10
Tesouro Prefixado com Juros Semestrais;01/01/2033;25/01/2024;13,12;13,09;332,47;333,14;332,81
Tesouro Prefixado com Juros Semestrais;01/01/2035;25/01/2024;13,04;13,01;262,11;262,64;262,37
Tesouro Prefixado com Juros Semestrais;01/01/2037;25/01/2024;12,99;12,96;206,18;206,60;206,39
Tesouro IPCA+;15/05/2029;25/01/2024;7,51;7,48;2858,81;2864,54;2861,67
Tesouro IPCA+;15/05/2035;25/01/2024;7,57;7,54;1843,82;1847,51;1845,66
Tesouro IPCA+;15/05/2045;25/01/2024;7,66;7,63;875,43;877,19;876,31
Tesouro IPCA+ com Juros Semestrais;15/08/2032;25/01/2024;7,56;7,53;2251,54;2256,05;2253,80
Tesouro IPCA+ com Juros Semestrais;15/08/2040;25/01/2024;7,66;7,63;1241,10;1243,59;1242,34
Tesouro IPCA+ com Juros Semestrais;15/05/2055;25/01/2024;7,71;7,68;413,20;414,03;413,61
Tesouro Selic;01/03/2029;25/01/2024;0,06;0,03;14024,59;14052,70;14038,65
Tesouro Prefixado;01/01/2027;26/01/2024;13,34;13,31;691,92;693,31;692,62
Tesouro Prefixado;01/01/2029;26/01/2024;13,24;13,21;541,07;542,15;541,61
Tesouro Prefixado;01/01/2031;26/01/2024;13,16;13,13;424,41;425,26;424,83
Tesouro Prefixado com Juros Semestrais;01/01/2033;26/01/2024;13,10;13,07;333,05;333,72;333,39
Tesouro Prefixado com Juros Semestrais;01/01/2035;26/01/2024;13,05;13,02;261,88;262,41;262,15
Tesouro Prefixado com Juros Semestrais;01/01/2037;26/01/2024;12,98;12,95;206,69;207,10;206,90
Tesouro IPCA+;15/05/2029;26/01/2024;7,56;7,53;2852,67;2858,38;2855,52
Tesouro IPCA+;15/05/2035;26/01/2024;7,67;7,64;1824,86;1828,52;1826,69
Tesouro IPCA+;15/05/2045;26/01/2024;7,74;7,71;861,26;862,99;862,12
Tesouro IPCA+ com Juros Semestrais;15/08/2032;26/01/2024;7,62;7,59;2242,57;2247,07;2244,82
Tesouro IPCA+ com Juros Semestrais;15/08/2040;26/01/2024;7,70;7,67;1233,22;1235,69;1234,45
Tesouro IPCA+ com Juros Semestrais;15/05/2055;26/01/2024;7,80;7,77;403,41;404,22;403,81
Tesouro Selic;01/03/2029;26/01/2024;0,06;0,03;14027,69;14055,80;14041,74
Tesouro Prefixado;01/01/2027;29/01/2024;13,35;13,32;692,43;693,81;693,12
Tesouro Prefixado;01/01/2029;29/01/2024;13,23;13,20;541,90;542,98;542,44
Tesouro Prefixado;01/01/2031;29/01/2024;13,14;13,11;425,38;426,23;425,81
Tesouro Prefixado com Juros Semestrais;01/01/2033;29/01/2024;13,11;13,08;333,25;333,92;333,58
Tesouro Prefixado com Juros Semestrais;01/01/2035;29/01/2024;13,00;12,97;263,41;263,94;263,67
Tesouro Prefixado com Juros Semestrais;01/01/2037;29/01/2024;12,96;12,93;207,23;207,64;207,43
Tesouro IPCA+;15/05/2029;29/01/2024;7,55;7,52;2855,87;2861,59;2858,73
Tesouro IPCA+;15/05/2035;29/01/2024;7,62;7,59;1834,57;1838,24;1836,41
Tesouro IPCA+;15/05/2045;29/01/2024;7,71;7,68;867,23;868,97;868,10
Tesouro IPCA+ com Juros Semestrais;15/08/2032;29/01/2024;7,58;7,55;2250,07;2254,58;2252,32
Tesouro IPCA+ com Juros Semestrais;15/08/2040;29/01/2024;7,70;7,67;1234,06;1236,53;1235,29
Tesouro IPCA+ com Juros Semestrais;15/05/2055;29/01/2024;7,77;7,74;407,05;407,87;407,46
Tesouro Selic;01/03/2029;29/01/2024;0,07;0,04;14030,78;14058,90;14044,84
Tesouro Prefixado;01/01/2027;30/01/2024;13,37;13,34;692,23;693,62;692,92
Tesouro Prefixado;01/01/2029;30/01/2024;13,28;13,25;541,02;542,10;541,56
Tesouro Prefixado;01/01/2031;30/01/2024;13,18;13,15;424,43;425,28;424,86
Tesouro Prefixado com Juros Semestrais;01/01/2033;30/01/2024;13,07;13,04;334,23;334,90;334,57
Tesouro Prefixado com Juros Semestrais;01/01/2035;30/01/2024;13,08;13,05;261,54;262,06;261,80
Tesouro Prefixado com Juros Semestrais;01/01/2037;30/01/2024;13,01;12,98;206,20;206,62;206,41
Tesouro IPCA+;15/05/2029;30/01/2024;7,55;7,52;2855,84;2861,57;2858,71
Tesouro IPCA+;15/05/2035;30/01/2024;7,63;7,60;1833,99;1837,67;1835,83
Tesouro IPCA+;15/05/2045;30/01/2024;7,71;7,68;867,23;868,97;868,10
Tesouro IPCA+ com Juros Semestrais;15/08/2032;30/01/2024;7,59;7,56;2249,15;2253,65;2251,40
Tesouro IPCA+ com Juros Semestrais;15/08/2040;30/01/2024;7,69;7,66;1235,98;1238,45;1237,21
Tesouro IPCA+ com Juros Semestrais;15/05/2055;30/01/2024;7,82;7,79;400,84;401,64;401,24
Tesouro Selic;01/03/2029;30/01/2024;0,07;0,04;14033,88;14062,00;14047,94
Tesouro Prefixado;01/01/2027;31/01/2024;13,38;13,35;692,24;693,62;692,93
Tesouro Prefixado;01/01/2029;31/01/2024;13,22;13,19;542,52;543,61;543,07
Tesouro Prefixado;01/01/2031;31/01/2024;13,12;13,09;426,05;426,91;426,48
Tesouro Prefixado com Juros Semestrais;01/01/2033;31/01/2024;13,05;13,02;334,95;335,63;335,29
Tesouro Prefixado com Juros Semestrais;01/01/2035;31/01/2024;13,04;13,01;262,43;262,95;262,69
Tesouro Prefixado com Juros Semestrais;01/01/2037;31/01/2024;12,94;12,91;207,82;208,24;208,03
Tesouro IPCA+;15/05/2029;31/01/2024;7,57;7,54;2853,52;2859,24;2856,38
Tesouro IPCA+;15/05/2035;31/01/2024;7,68;7,65;1823,38;1827,03;1825,21
Tesouro IPCA+;15/05/2045;31/01/2024;7,74;7,71;862,33;864,06;863,19
Tesouro IPCA+ com Juros Semestrais;15/08/2032;31/01/2024;7,61;7,58;2245,94;2250,44;2248,19
Tesouro IPCA+ com Juros Semestrais;15/08/2040;31/01/2024;7,74;7,71;1227,90;1230,36;1229,13
Tesouro IPCA+ com Juros Semestrais;15/05/2055;31/01/2024;7,82;7,79;400,78;401,58;401,18
Tesouro Selic;01/03/2029;31/01/2024;0,06;0,03;14036,97;14065,10;14051,03
Tesouro Prefixado;01/01/2027;01/02/2024;13,26;13,23;694,65;696,04;695,35
Tesouro Prefixado;01/01/2029;01/02/2024;13,09;13,06;545,73;546,83;546,28
Tesouro Prefixado;01/01/2031;01/02/2024;13,01;12,98;429,02;429,88;429,45
Tesouro Prefixado com Juros Semestrais;01/01/2033;01/02/2024;12,98;12,95;336,96;337,64;337,30
Tesouro Prefixado com Juros Semestrais;01/01/2035;01/02/2024;12,91;12,88;265,83;266,36;266,10
Tesouro Prefixado com Juros Semestrais;01/01/2037;01/02/2024;12,88;12,85;209,33;209,75;209,54
Tesouro IPCA+;15/05/2029;01/02/2024;7,55;7,52;2857,42;2863,14;2860,28
Tesouro IPCA+;15/05/2035;01/02/2024;7,70;7,67;1820,65;1824,30;1822,48
Tesouro IPCA+;15/05/2045;01/02/2024;7,78;7,75;856,30;858,01;857,15
Tesouro IPCA+ com Juros Semestrais;15/08/2032;01/02/2024;7,61;7,58;2246,73;2251,23;2248,98
Tesouro IPCA+ com Juros Semestrais;15/08/2040;01/02/2024;7,73;7,70;1230,12;1232,58;1231,35
Tesouro IPCA+ com Juros Semestrais;15/05/2055;01/02/2024;7,82;7,79;401,00;401,81;401,41
Tesouro Selic;01/03/2029;01/02/2024;0,06;0,03;14040,06;14068,20;14054,13
Tesouro Prefixado;01/01/2027;02/02/2024;13,35;13,32;693,25;694,64;693,94
Tesouro Prefixado;01/01/2029;02/02/2024;13,17;13,14;544,04;545,13;544,59
Tesouro Prefixado;01/01/2031;02/02/2024;13,14;13,11;425,81;426,66;426,24
Tesouro Prefixado com Juros Semestrais;01/01/2033;02/02/2024;13,07;13,04;334,62;335,29;334,95
Tesouro Prefixado com Juros Semestrais;01/01/2035;02/02/2024;13,01;12,98;263,51;264,04;263,77
Tesouro Prefixado com Juros Semestrais;01/01/2037;02/02/2024;12,96;12,93;207,65;208,07;207,86
Tesouro IPCA+;15/05/2029;02/02/2024;7,59;7,56;2852,12;2857,83;2854,98
Tesouro IPCA+;15/05/2035;02/02/2024;7,68;7,65;1824,90;1828,56;1826,73
Tesouro IPCA+;15/05/2045;02/02/2024;7,75;7,72;861,33;863,05;862,19
Tesouro IPCA+ com Juros Semestrais;15/08/2032;02/02/2024;7,65;7,62;2240,45;2244,94;2242,69
Tesouro IPCA+ com Juros Semestrais;15/08/2040;02/02/2024;7,71;7,68;1232,74;1235,21;1233,97
Tesouro IPCA+ com Juros Semestrais;15/05/2055;02/02/2024;7,84;7,81;399,33;400,13;399,73
Tesouro Selic;01/03/2029;02/02/2024;0,06;0,03;14043,16;14071,30;14057,23
Tesouro Prefixado;01/01/2027;05/02/2024;13,36;13,33;693,80;695,19;694,50
Tesouro Prefixado;01/01/2029;05/02/2024;13,20;13,17;543,87;544,96;544,41
Tesouro Prefixado;01/01/2031;05/02/2024;13,09;13,06;427,50;428,36;427,93
Tesouro Prefixado com Juros Semestrais;01/01/2033;05/02/2024;13,02;12,99;336,22;336,90;336,56
Tesouro Prefixado com Juros Semestrais;01/01/2035;05/02/2024;13,02;12,99;263,54;264,07;263,80
Tesouro Prefixado com Juros Semestrais;01/01/2037;05/02/2024;13,01;12,98;206,61;207,02;206,82
Tesouro IPCA+;15/05/2029;05/02/2024;7,52;7,49;2863,65;2869,39;2866,52
Tesouro IPCA+;15/05/2035;05/02/2024;7,68;7,65;1826,64;1830,30;1828,47
Tesouro IPCA+;15/05/2045;05/02/2024;7,75;7,72;860,89;862,62;861,75
Tesouro IPCA+ com Juros Semestrais;15/08/2032;05/02/2024;7,64;7,61;2242,96;2247,46;2245,21
Tesouro IPCA+ com Juros Semestrais;15/08/2040;05/02/2024;7,74;7,71;1228,31;1230,77;1229,54
Tesouro IPCA+ com Juros Semestrais;15/05/2055;05/02/2024;7,78;7,75;405,66;406,47;406,06
Tesouro Selic;01/03/2029;05/02/2024;0,06;0,03;14046,25;14074,40;14060,33
Tesouro Prefixado;01/01/2027;06/02/2024;13,42;13,39;693,04;694,43;693,74
Tesouro Prefixado;01/01/2029;06/02/2024;13,27;13,24;542,50;543,59;543,05
Tesouro Prefixado;01/01/2031;06/02/2024;13,17;13,14;425,70;426,55;426,12
Tesouro Prefixado com Juros Semestrais;01/01/2033;06/02/2024;13,10;13,07;334,40;335,07;334,73
Tesouro Prefixado com Juros Semestrais;01/01/2035;06/02/2024;13,03;13,00;263,32;263,85;263,58
Tesouro Prefixado com Juros Semestrais;01/01/2037;06/02/2024;12,99;12,96;207,12;207,54;207,33
Tesouro IPCA+;15/05/2029;06/02/2024;7,59;7,56;2854,69;2860,41;2857,55
Tesouro IPCA+;15/05/2035;06/02/2024;7,71;7,68;1821,54;1825,19;1823,36
Tesouro IPCA+;15/05/2045;06/02/2024;7,81;7,78;852,40;854,11;853,25
Tesouro IPCA+ com Juros Semestrais;15/08/2032;06/02/2024;7,70;7,67;2231,93;2236,40;2234,16
Tesouro IPCA+ com Juros Semestrais;15/08/2040;06/02/2024;7,77;7,74;1223,50;1225,96;1224,73
Tesouro IPCA+ com Juros Semestrais;15/05/2055;06/02/2024;7,85;7,82;397,68;398,47;398,08
Tesouro Selic;01/03/2029;06/02/2024;0,05;0,02;14049,34;14077,50;14063,42
Tesouro Prefixado;01/01/2027;07/02/2024;13,44;13,41;692,82;694,21;693,52
Tesouro Prefixado;01/01/2029;07/02/2024;13,30;13,27;541,85;542,94;542,40
Tesouro Prefixado;01/01/2031;07/02/2024;13,19;13,16;425,17;426,02;425,60
Tesouro Prefixado com Juros Semestrais;01/01/2033;07/02/2024;13,13;13,10;333,74;334,41;334,07
Tesouro Prefixado com Juros Semestrais;01/01/2035;07/02/2024;13,10;13,07;261,60;262,12;261,86
Tesouro Prefixado com Juros Semestrais;01/01/2037;07/02/2024;13,05;13,02;205,77;206,18;205,97
Tesouro IPCA+;15/05/2029;07/02/2024;7,58;7,55;2856,63;2862,35;2859,49
Tesouro IPCA+;15/05/2035;07/02/2024;7,64;7,61;1833,68;1837,36;1835,52
Tesouro IPCA+;15/05/2045;07/02/2024;7,72;7,69;866,61;868,35;867,48
Tesouro IPCA+ com Juros Semestrais;15/08/2032;07/02/2024;7,62;7,59;2247,01;2251,51;2249,26
Tesouro IPCA+ com Juros Semestrais;15/08/2040;07/02/2024;7,71;7,68;1234,80;1237,28;1236,04
Tesouro IPCA+ com Juros Semestrais;15/05/2055;07/02/2024;7,81;7,78;403,11;403,92;403,51
Tesouro Selic;01/03/2029;07/02/2024;0,06;0,03;14052,44;14080,60;14066,52
Tesouro Prefixado;01/01/2027;08/02/2024;13,48;13,45;692,43;693,82;693,12
Tesouro Prefixado;01/01/2029;08/02/2024;13,31;13,28;541,91;543,00;542,45
Tesouro Prefixado;01/01/2031;08/02/2024;13,21;13,18;425,03;425,88;425,45
Tesouro Prefixado com Juros Semestrais;01/01/2033;08/02/2024;13,17;13,14;332,78;333,44;333,11
Tesouro Prefixado com Juros Semestrais;01/01/2035;08/02/2024;13,11;13,08;261,40;261,93;261,66
Tesouro Prefixado com Juros Semestrais;01/01/2037;08/02/2024;13,04;13,01;206,11;206,53;206,32
Tesouro IPCA+;15/05/2029;08/02/2024;7,54;7,51;2863,52;2869,26;2866,39
Tesouro IPCA+;15/05/2035;08/02/2024;7,64;7,61;1834,13;1837,81;1835,97
Tesouro IPCA+;15/05/2045;08/02/2024;7,73;7,70;864,86;866,60;865,73
Tesouro IPCA+ com Juros Semestrais;15/08/2032;08/02/2024;7,62;7,59;2247,56;2252,06;2249,81
Tesouro IPCA+ com Juros Semestrais;15/08/2040;08/02/2024;7,67;7,64;1242,79;1245,28;1244,03
Tesouro IPCA+ com Juros Semestrais;15/05/2055;08/02/2024;7,79;7,76;404,69;405,50;405,10
Tesouro Selic;01/03/2029;08/02/2024;0,07;0,04;14055,53;14083,70;14069,62
Tesouro Prefixado;01/01/2027;09/02/2024;13,38;13,35;694,37;695,77;695,07
Tesouro Prefixado;01/01/2029;09/02/2024;13,28;13,25;542,79;543,88;543,34
Tesouro Prefixado;01/01/2031;09/02/2024;13,19;13,16;425,57;426,42;426,00
Tesouro Prefixado com Juros Semestrais;01/01/2033;09/02/2024;13,08;13,05;335,30;335,97;335,63
Tesouro Prefixado com Juros Semestrais;01/01/2035;09/02/2024;13,03;13,00;263,51;264,04;263,77
Tesouro Prefixado com Juros Semestrais;01/01/2037;09/02/2024;13,00;12,97;207,04;207,45;207,24
Tesouro IPCA+;15/05/2029;09/02/2024;7,62;7,59;2851,58;2857,29;2854,44
Tesouro IPCA+;15/05/2035;09/02/2024;7,69;7,66;1824,79;1828,45;1826,62
Tesouro IPCA+;15/05/2045;09/02/2024;7,80;7,77;853,94;855,65;854,80
Tesouro IPCA+ com Juros Semestrais;15/08/2032;09/02/2024;7,73;7,70;2229,25;2233,71;2231,48
Tesouro IPCA+ com Juros Semestrais;15/08/2040;09/02/2024;7,74;7,71;1228,55;1231,01;1229,78
Tesouro IPCA+ com Juros Semestrais;15/05/2055;09/02/2024;7,82;7,79;401,26;402,06;401,66
Tesouro Selic;01/03/2029;09/02/2024;0,06;0,03;14058,63;14086,80;14072,71
Tesouro Prefixado;01/01/2027;12/02/2024;13,26;13,23;697,22;698,62;697,92
Tesouro Prefixado;01/01/2029;12/02/2024;13,14;13,11;546,53;547,62;547,07
Tesouro Prefixado;01/01/2031;12/02/2024;13,02;12,99;430,33;431,19;430,76
Tesouro Prefixado com Juros Semestrais;01/01/2033;12/02/2024;12,94;12,91;339,13;339,81;339,47
Tesouro Prefixado com Juros Semestrais;01/01/2035;12/02/2024;12,91;12,88;267,03;267,57;267,30
Tesouro Prefixado com Juros Semestrais;01/01/2037;12/02/2024;12,82;12,79;211,58;212,01;211,79
Tesouro IPCA+;15/05/2029;12/02/2024;7,57;7,54;2861,53;2867,26;2864,39
Tesouro IPCA+;15/05/2035;12/02/2024;7,69;7,66;1826,57;1830,23;1828,40
Tesouro IPCA+;15/05/2045;12/02/2024;7,79;7,76;856,61;858,33;857,47
Tesouro IPCA+ com Juros Semestrais;15/08/2032;12/02/2024;7,66;7,63;2243,30;2247,79;2245,54
Tesouro IPCA+ com Juros Semestrais;15/08/2040;12/02/2024;7,73;7,70;1231,90;1234,37;1233,13
Tesouro IPCA+ com Juros Semestrais;15/05/2055;12/02/2024;7,85;7,82;398,24;399,04;398,64
Tesouro Selic;01/03/2029;12/02/2024;0,06;0,03;14061,72;14089,90;14075,81
Tesouro Prefixado;01/01/2027;13/02/2024;13,26;13,23;697,47;698,87;698,17
Tesouro Prefixado;01/01/2029;13/02/2024;13,15;13,12;546,59;547,68;547,13
Tesouro Prefixado;01/01/2031;13/02/2024;13,05;13,02;429,67;430,54;430,11
Tesouro Prefixado com Juros Semestrais;01/01/2033;13/02/2024;12,99;12,96;337,90;338,58;338,24
Tesouro Prefixado com Juros Semestrais;01/01/2035;13/02/2024;12,92;12,89;266,77;267,31;267,04
Tesouro Prefixado com Juros Semestrais;01/01/2037;13/02/2024;12,81;12,78;211,93;212,36;212,15
Tesouro IPCA+;15/05/2029;13/02/2024;7,64;7,61;2851,21;2856,92;2854,06
Tesouro IPCA+;15/05/2035;13/02/2024;7,70;7,67;1824,82;1828,48;1826,65
Tesouro IPCA+;15/05/2045;13/02/2024;7,75;7,72;863,10;864,83;863,97
Tesouro IPCA+ com Juros Semestrais;15/08/2032;13/02/2024;7,67;7,64;2240,47;2244,96;2242,72
Tesouro IPCA+ com Juros Semestrais;15/08/2040;13/02/2024;7,75;7,72;1229,15;1231,61;1230,38
Tesouro IPCA+ com Juros Semestrais;15/05/2055;13/02/2024;7,84;7,81;399,99;400,79;400,39
Tesouro Selic;01/03/2029;13/02/2024;0,06;0,03;14064,81;14093,00;14078,91
Tesouro Prefixado;01/01/2027;14/02/2024;13,23;13,20;698,25;699,65;698,95
Tesouro Prefixado;01/01/2029;14/02/2024;13,10;13,07;547,89;548,99;548,44
Tesouro Prefixado;01/01/2031;14/02/2024;13,01;12,98;431,07;431,94;431,51
Tesouro Prefixado com Juros Semestrais;01/01/2033;14/02/2024;12,93;12,90;339,76;340,44;340,10
Tesouro Prefixado com Juros Semestrais;01/01/2035;14/02/2024;12,87;12,84;268,05;268,59;268,32
Tesouro Prefixado com Juros Semestrais;01/01/2037;14/02/2024;12,79;12,76;212,44;212,86;212,65
Tesouro IPCA+;15/05/2029;14/02/2024;7,60;7,57;2858,27;2863,99;2861,13
Tesouro IPCA+;15/05/2035;14/02/2024;7,71;7,68;1823,84;1827,49;1825,66
Tesouro IPCA+;15/05/2045;14/02/2024;7,77;7,74;859,30;861,02;860,16
Tesouro IPCA+ com Juros Semestrais;15/08/2032;14/02/2024;7,68;7,65;2240,59;2245,08;2242,83
Tesouro IPCA+ com Juros Semestrais;15/08/2040;14/02/2024;7,78;7,75;1222,78;1225,23;1224,01
Tesouro IPCA+ com Juros Semestrais;15/05/2055;14/02/2024;7,83;7,80;401,49;402,30;401,90
Tesouro Selic;01/03/2029;14/02/2024;0,06;0,03;14067,91;14096,10;14082,00
Tesouro Prefixado;01/01/2027;15/02/2024;13,20;13,17;699,13;700,53;699,83
Tesouro Prefixado;01/01/2029;15/02/2024;13,05;13,02;549,17;550,27;549,72
Tesouro Prefixado;01/01/2031;15/02/2024;12,96;12,93;432,41;433,28;432,84
Tesouro Prefixado com Juros Semestrais;01/01/2033;15/02/2024;12,89;12,86;341,02;341,70;341,36
Tesouro Prefixado com Juros Semestrais;01/01/2035;15/02/2024;12,83;12,80;269,26;269,80;269,53
Tesouro Prefixado com Juros Semestrais;01/01/2037;15/02/2024;12,74;12,71;213,74;214,17;213,96
Tesouro IPCA+;15/05/2029;15/02/2024;7,60;7,57;2858,70;2864,43;2861,56
Tesouro IPCA+;15/05/2035;15/02/2024;7,74;7,71;1817,42;1821,06;1819,24
Tesouro IPCA+;15/05/2045;15/02/2024;7,82;7,79;851,42;853,13;852,28
Tesouro IPCA+ com Juros Semestrais;15/08/2032;15/02/2024;7,72;7,69;2232,72;2237,19;2234,96
Tesouro IPCA+ com Juros Semestrais;15/08/2040;15/02/2024;7,79;7,76;1221,33;1223,78;1222,55
Tesouro IPCA+ com Juros Semestrais;15/05/2055;15/02/2024;7,88;7,85;394,91;395,70;395,30
Tesouro Selic;01/03/2029;15/02/2024;0,07;0,04;14071,00;14099,20;14085,10
Tesouro Prefixado;01/01/2027;16/02/2024;13,22;13,19;699,01;700,41;699,71
Tesouro Prefixado;01/01/2029;16/02/2024;13,03;13,00;550,02;551,12;550,57
Tesouro Prefixado;01/01/2031;16/02/2024;12,93;12,90;433,39;434,26;433,82
Tesouro Prefixado com Juros Semestrais;01/01/2033;16/02/2024;12,90;12,87;340,82;341,50;341,16
Tesouro Prefixado com Juros Semestrais;01/01/2035;16/02/2024;12,79;12,76;270,25;270,79;270,52
Tesouro Prefixado com Juros Semestrais;01/01/2037;16/02/2024;12,75;12,72;213,59;214,01;213,80
Tesouro IPCA+;15/05/2029;16/02/2024;7,61;7,58;2857,80;2863,53;2860,66
Tesouro IPCA+;15/05/2035;16/02/2024;7,70;7,67;1826,64;1830,30;1828,47
Tesouro IPCA+;15/05/2045;16/02/2024;7,79;7,76;856,74;858,46;857,60
Tesouro IPCA+ com Juros Semestrais;15/08/2032;16/02/2024;7,71;7,68;2236,35;2240,84;2238,60
Tesouro IPCA+ com Juros Semestrais;15/08/2040;16/02/2024;7,80;7,77;1219,78;1222,22;1221,00
Tesouro IPCA+ com Juros Semestrais;15/05/2055;16/02/2024;7,88;7,85;395,86;396,65;396,25
Tesouro Selic;01/03/2029;16/02/2024;0,06;0,03;14074,10;14102,30;14088,20
Tesouro Prefixado;01/01/2027;19/02/2024;13,23;13,20;699,45;700,85;700,15
Tesouro Prefixado;01/01/2029;19/02/2024;13,08;13,05;549,31;550,41;549,86
Tesouro Prefixado;01/01/2031;19/02/2024;12,99;12,96;432,28;433,14;432,71
Tesouro Prefixado com Juros Semestrais;01/01/2033;19/02/2024;12,91;12,88;340,91;341,60;341,26
Tesouro Prefixado com Juros Semestrais;01/01/2035;19/02/2024;12,84;12,81;269,44;269,98;269,71
Tesouro Prefixado com Juros Semestrais;01/01/2037;19/02/2024;12,81;12,78;212,25;212,67;212,46
Tesouro IPCA+;15/05/2029;19/02/2024;7,53;7,50;2870,83;2876,59;2873,71
Tesouro IPCA+;15/05/2035;19/02/2024;7,70;7,67;1828,27;1831,93;1830,10
Tesouro IPCA+;15/05/2045;19/02/2024;7,73;7,70;867,31;869,04;868,18
Tesouro IPCA+ com Juros Semestrais;15/08/2032;19/02/2024;7,64;7,61;2249,99;2254,50;2252,25
Tesouro IPCA+ com Juros Semestrais;15/08/2040;19/02/2024;7,73;7,70;1232,99;1235,46;1234,22
Tesouro IPCA+ com Juros Semestrais;15/05/2055;19/02/2024;7,85;7,82;399,10;399,90;399,50
Tesouro Selic;01/03/2029;19/02/2024;0,06;0,03;14077,19;14105,40;14091,29
Tesouro Prefixado;01/01/2027;20/02/2024;13,18;13,15;700,58;701,99;701,28
Tesouro Prefixado;01/01/2029;20/02/2024;12,99;12,96;551,52;552,63;552,08
Tesouro Prefixado;01/01/2031;20/02/2024;12,91;12,88;434,52;435,39;434,96
Tesouro Prefixado com Juros Semestrais;01/01/2033;20/02/2024;12,88;12,85;341,77;342,45;342,11
Tesouro Prefixado com Juros Semestrais;01/01/2035;20/02/2024;12,79;12,76;270,63;271,17;270,90
Tesouro Prefixado com Juros Semestrais;01/01/2037;20/02/2024;12,74;12,71;214,01;214,44;214,23
Tesouro IPCA+;15/05/2029;20/02/2024;7,61;7,58;2859,52;2865,25;2862,38
Tesouro IPCA+;15/05/2035;20/02/2024;7,69;7,66;1830,63;1834,29;1832,46
Tesouro IPCA+;15/05/2045;20/02/2024;7,81;7,78;854,21;855,93;855,07
Tesouro IPCA+ com Juros Semestrais;15/08/2032;20/02/2024;7,67;7,64;2244,49;2248,99;2246,74
Tesouro IPCA+ com Juros Semestrais;15/08/2040;20/02/2024;7,79;7,76;1222,88;1225,33;1224,11
Tesouro IPCA+ com Juros Semestrais;15/05/2055;20/02/2024;7,83;7,80;401,04;401,85;401,44
Tesouro Selic;01/03/2029;20/02/2024;0,07;0,04;14080,28;14108,50;14094,39
Tesouro Prefixado;01/01/2027;21/02/2024;13,14;13,11;701,54;702,95;702,25
Tesouro Prefixado;01/01/2029;21/02/2024;12,99;12,96;551,83;552,93;552,38
Tesouro Prefixado;01/01/2031;21/02/2024;12,91;12,88;434,67;435,54;435,11
Tesouro Prefixado com Juros Semestrais;01/01/2033;21/02/2024;12,82;12,79;343,43;344,11;343,77
Tesouro Prefixado com Juros Semestrais;01/01/2035;21/02/2024;12,77;12,74;271,31;271,86;271,58
Tesouro Prefixado com Juros Semestrais;01/01/2037;21/02/2024;12,75;12,72;213,96;214,38;214,17
Tesouro IPCA+;15/05/2029;21/02/2024;7,59;7,56;2863,08;2868,82;2865,95
Tesouro IPCA+;15/05/2035;21/02/2024;7,70;7,67;1828,60;1832,26;1830,43
Tesouro IPCA+;15/05/2045;21/02/2024;7,78;7,75;859,91;861,63;860,77
Tesouro IPCA+ com Juros Semestrais;15/08/2032;21/02/2024;7,67;7,64;2244,16;2248,66;2246,41
Tesouro IPCA+ com Juros Semestrais;15/08/2040;21/02/2024;7,74;7,71;1232,24;1234,71;1233,48
Tesouro IPCA+ com Juros Semestrais;15/05/2055;21/02/2024;7,82;7,79;403,02;403,82;403,42
Tesouro Selic;01/03/2029;21/02/2024;0,06;0,03;14083,38;14111,60;14097,49
Tesouro Prefixado;01/01/2027;22/02/2024;13,17;13,14;701,24;702,65;701,94
Tesouro Prefixado;01/01/2029;22/02/2024;13,00;12,97;551,83;552,93;552,38
Tesouro Prefixado;01/01/2031;22/02/2024;12,89;12,86;435,25;436,12;435,68
Tesouro Prefixado com Juros Semestrais;01/01/2033;22/02/2024;12,86;12,83;342,44;343,12;342,78
Tesouro Prefixado com Juros Semestrais;01/01/2035;22/02/2024;12,83;12,80;269,97;270,51;270,24
Tesouro Prefixado com Juros Semestrais;01/01/2037;22/02/2024;12,76;12,73;213,67;214,09;213,88
Tesouro IPCA+;15/05/2029;22/02/2024;7,56;7,53;2867,79;2873,54;2870,67
Tesouro IPCA+;15/05/2035;22/02/2024;7,68;7,65;1831,67;1835,34;1833,51
Tesouro IPCA+;15/05/2045;22/02/2024;7,76;7,73;863,15;864,88;864,01
Tesouro IPCA+ com Juros Semestrais;15/08/2032;22/02/2024;7,62;7,59;2253,97;2258,49;2256,23
Tesouro IPCA+ com Juros Semestrais;15/08/2040;22/02/2024;7,72;7,69;1237,04;1239,52;1238,28
Tesouro IPCA+ com Juros Semestrais;15/05/2055;22/02/2024;7,83;7,80;401,70;402,51;402,11
Tesouro Selic;01/03/2029;22/02/2024;0,06;0,03;14086,47;14114,70;14100,59
Tesouro Prefixado;01/01/2027;23/02/2024;13,11;13,08;702,54;703,95;703,24
Tesouro Prefixado;01/01/2029;23/02/2024;12,98;12,95;552,46;553,57;553,02
Tesouro Prefixado;01/01/2031;23/02/2024;12,87;12,84;435,93;436,81;436,37
Tesouro Prefixado com Juros Semestrais;01/01/2033;23/02/2024;12,79;12,76;344,48;345,17;344,83
Tesouro Prefixado com Juros Semestrais;01/01/2035;23/02/2024;12,75;12,72;271,93;272,48;272,21
Tesouro Prefixado com Juros Semestrais;01/01/2037;23/02/2024;12,69;12,66;215,56;216,00;215,78
Tesouro IPCA+;15/05/2029;23/02/2024;7,54;7,51;2871,38;2877,14;2874,26
Tesouro IPCA+;15/05/2035;23/02/2024;7,69;7,66;1831,66;1835,33;1833,50
Tesouro IPCA+;15/05/2045;23/02/2024;7,72;7,69;869,67;871,41;870,54
Tesouro IPCA+ com Juros Semestrais;15/08/2032;23/02/2024;7,60;7,57;2258,66;2263,19;2260,92
Tesouro IPCA+ com Juros Semestrais;15/08/2040;23/02/2024;7,72;7,69;1237,19;1239,67;1238,43
Tesouro IPCA+ com Juros Semestrais;15/05/2055;23/02/2024;7,81;7,78;403,52;404,33;403,92
Tesouro Selic;01/03/2029;23/02/2024;0,06;0,03;14089,56;14117,80;14103,68
Tesouro Prefixado;01/01/2027;26/02/2024;13,09;13,06;703,68;705,09;704,38
Tesouro Prefixado;01/01/2029;26/02/2024;12,93;12,90;554,17;555,28;554,72
Tesouro Prefixado;01/01/2031;26/02/2024;12,86;12,83;436,72;437,60;437,16
Tesouro Prefixado com Juros Semestrais;01/01/2033;26/02/2024;12,79;12,76;344,91;345,60;345,25
Tesouro Prefixado com Juros Semestrais;01/01/2035;26/02/2024;12,72;12,69;272,99;273,53;273,26
Tesouro Prefixado com Juros Semestrais;01/01/2037;26/02/2024;12,70;12,67;215,52;215,96;215,74
Tesouro IPCA+;15/05/2029;26/02/2024;7,51;7,48;2876,91;2882,67;2879,79
Tesouro IPCA+;15/05/2035;26/02/2024;7,65;7,62;1840,12;1843,81;1841,96
Tesouro IPCA+;15/05/2045;26/02/2024;7,74;7,71;866,95;868,69;867,82
Tesouro IPCA+ com Juros Semestrais;15/08/2032;26/02/2024;7,62;7,59;2255,77;2260,29;2258,03
Tesouro IPCA+ com Juros Semestrais;15/08/2040;26/02/2024;7,68;7,65;1245,77;1248,27;1247,02
Tesouro IPCA+ com Juros Semestrais;15/05/2055;26/02/2024;7,77;7,74;409,24;410,06;409,65
Tesouro Selic;01/03/2029;26/02/2024;0,06;0,03;14092,66;14120,90;14106,78
Tesouro Prefixado;01/01/2027;27/02/2024;13,16;13,13;702,54;703,95;703,25
Tesouro Prefixado;01/01/2029;27/02/2024;13,02;12,99;552,23;553,33;552,78
Tesouro Prefixado;01/01/2031;27/02/2024;12,94;12,91;434,81;435,68;435,25
Tesouro Prefixado com Juros Semestrais;01/01/2033;27/02/2024;12,89;12,86;342,33;343,02;342,68
Tesouro Prefixado com Juros Semestrais;01/01/2035;27/02/2024;12,83;12,80;270,41;270,95;270,68
Tesouro Prefixado com Juros Semestrais;01/01/2037;27/02/2024;12,78;12,75;213,71;214,13;213,92
Tesouro IPCA+;15/05/2029;27/02/2024;7,55;7,52;2872,73;2878,49;2875,61
Tesouro IPCA+;15/05/2035;27/02/2024;7,68;7,65;1835,09;1838,77;1836,93
Tesouro IPCA+;15/05/2045;27/02/2024;7,78;7,75;859,72;861,44;860,58
Tesouro IPCA+ com Juros Semestrais;15/08/2032;27/02/2024;7,62;7,59;2257,25;2261,77;2259,51
Tesouro IPCA+ com Juros Semestrais;15/08/2040;27/02/2024;7,73;7,70;1236,56;1239,03;1237,79
Tesouro IPCA+ com Juros Semestrais;15/05/2055;27/02/2024;7,78;7,75;407,38;408,20;407,79
Tesouro Selic;01/03/2029;27/02/2024;0,07;0,04;14095,75;14124,00;14109,88
Tesouro Prefixado;01/01/2027;28/02/2024;13,18;13,15;702,49;703,90;703,20
Tesouro Prefixado;01/01/2029;28/02/2024;13,03;13,00;552,25;553,36;552,80
Tesouro Prefixado;01/01/2031;28/02/2024;12,92;12,89;435,50;436,37;435,93
Tesouro Prefixado com Juros Semestrais;01/01/2033;28/02/2024;12,89;12,86;342,45;343,14;342,80
Tesouro Prefixado com Juros Semestrais;01/01/2035;28/02/2024;12,79;12,76;271,32;271,86;271,59
Tesouro Prefixado com Juros Semestrais;01/01/2037;28/02/2024;12,79;12,76;213,43;213,86;213,64
Tesouro IPCA+;15/05/2029;28/02/2024;7,48;7,45;2882,86;2888,64;2885,75
Tesouro IPCA+;15/05/2035;28/02/2024;7,64;7,61;1842,13;1845,82;1843,98
Tesouro IPCA+;15/05/2045;28/02/2024;7,71;7,68;871,97;873,72;872,85
Tesouro IPCA+ com Juros Semestrais;15/08/2032;28/02/2024;7,57;7,54;2265,28;2269,82;2267,55
Tesouro IPCA+ com Juros Semestrais;15/08/2040;28/02/2024;7,63;7,60;1254,71;1257,22;1255,97
Tesouro IPCA+ com Juros Semestrais;15/05/2055;28/02/2024;7,77;7,74;408,74;409,56;409,15
Tesouro Selic;01/03/2029;28/02/2024;0,06;0,03;14098,85;14127,10;14112,97
Tesouro Prefixado;01/01/2027;29/02/2024;13,11;13,08;704,05;705,46;704,75
Tesouro Prefixado;01/01/2029;29/02/2024;12,98;12,95;553,64;554,75;554,19
Tesouro Prefixado;01/01/2031;29/02/2024;12,87;12,84;436,83;437,70;437,27
Tesouro Prefixado com Juros Semestrais;01/01/2033;29/02/2024;12,84;12,81;343,78;344,47;344,13
Tesouro Prefixado com Juros Semestrais;01/01/2035;29/02/2024;12,78;12,75;271,77;272,31;272,04
Tesouro Prefixado com Juros Semestrais;01/01/2037;29/02/2024;12,75;12,72;214,46;214,89;214,68
Tesouro IPCA+;15/05/2029;29/02/2024;7,50;7,47;2880,71;2886,49;2883,60
Tesouro IPCA+;15/05/2035;29/02/2024;7,61;7,58;1848,31;1852,01;1850,16
Tesouro IPCA+;15/05/2045;29/02/2024;7,69;7,66;876,75;878,50;877,63
Tesouro IPCA+ com Juros Semestrais;15/08/2032;29/02/2024;7,55;7,52;2269,78;2274,32;2272,05
Tesouro IPCA+ com Juros Semestrais;15/08/2040;29/02/2024;7,63;7,60;1255,66;1258,18;1256,92
Tesouro IPCA+ com Juros Semestrais;15/05/2055;29/02/2024;7,71;7,68;416,17;417,00;416,58
Tesouro Selic;01/03/2029;29/02/2024;0,06;0,03;14101,94;14130,20;14116,07
Tesouro Prefixado;01/01/2027;01/03/2024;13,04;13,01;705,50;706,92;706,21
Tesouro Prefixado;01/01/2029;01/03/2024;12,91;12,88;555,28;556,39;555,84
Tesouro Prefixado;01/01/2031;01/03/2024;12,80;12,77;438,91;439,79;439,35
Tesouro Prefixado com Juros Semestrais;01/01/2033;01/03/2024;12,73;12,70;346,94;347,63;347,29
Tesouro Prefixado com Juros Semestrais;01/01/2035;01/03/2024;12,67;12,64;274,80;275,36;275,08
Tesouro Prefixado com Juros Semestrais;01/01/2037;01/03/2024;12,67;12,64;216,42;216,86;216,64
Tesouro IPCA+;15/05/2029;01/03/2024;7,45;7,42;2888,56;2894,35;2891,46
Tesouro IPCA+;15/05/2035;01/03/2024;7,55;7,52;1860,31;1864,03;1862,17
Tesouro IPCA+;15/05/2045;01/03/2024;7,63;7,60;886,54;888,32;887,43
Tesouro IPCA+ com Juros Semestrais;15/08/2032;01/03/2024;7,53;7,50;2274,36;2278,92;2276,64
Tesouro IPCA+ com Juros Semestrais;15/08/2040;01/03/2024;7,64;7,61;1254,53;1257,05;1255,79
Tesouro IPCA+ com Juros Semestrais;15/05/2055;01/03/2024;7,72;7,69;414,89;415,72;415,31
Tesouro Selic;01/03/2029;01/03/2024;0,06;0,03;14105,03;14133,30;14119,17
Tesouro Prefixado;01/01/2027;04/03/2024;12,96;12,93;707,60;709,02;708,31
Tesouro Prefixado;01/01/2029;04/03/2024;12,87;12,84;556,95;558,06;557,50
Tesouro Prefixado;01/01/2031;04/03/2024;12,74;12,71;440,95;441,84;441,40
Tesouro Prefixado com Juros Semestrais;01/01/2033;04/03/2024;12,71;12,68;347,71;348,41;348,06
Tesouro Prefixado com Juros Semestrais;01/01/2035;04/03/2024;12,63;12,60;276,18;276,73;276,46
Tesouro Prefixado com Juros Semestrais;01/01/2037;04/03/2024;12,61;12,58;218,31;218,75;218,53
Tesouro IPCA+;15/05/2029;04/03/2024;7,45;7,42;2890,19;2895,98;2893,08
Tesouro IPCA+;15/05/2035;04/03/2024;7,57;7,54;1857,85;1861,58;1859,71
Tesouro IPCA+;15/05/2045;04/03/2024;7,63;7,60;888,06;889,84;888,95
Tesouro IPCA+ com Juros Semestrais;15/08/2032;04/03/2024;7,50;7,47;2280,08;2284,65;2282,36
Tesouro IPCA+ com Juros Semestrais;15/08/2040;04/03/2024;7,62;7,59;1258,40;1260,92;1259,66
Tesouro IPCA+ com Juros Semestrais;15/05/2055;04/03/2024;7,72;7,69;415,60;416,43;416,02
Tesouro Selic;01/03/2029;04/03/2024;0,06;0,03;14108,13;14136,40;14122,26
Tesouro Prefixado;01/01/2027;05/03/2024;12,92;12,89;708,47;709,89;709,18
Tesouro Prefixado;01/01/2029;05/03/2024;12,84;12,81;557,74;558,86;558,30
Tesouro Prefixado;01/01/2031;05/03/2024;12,70;12,67;441,97;442,86;442,42
Tesouro Prefixado com Juros Semestrais;01/01/2033;05/03/2024;12,72;12,69;347,70;348,40;348,05
Tesouro Prefixado com Juros Semestrais;01/01/2035;05/03/2024;12,62;12,59;276,33;276,89;276,61
Tesouro Prefixado com Juros Semestrais;01/01/2037;05/03/2024;12,61;12,58;218,35;218,79;218,57
Tesouro IPCA+;15/05/2029;05/03/2024;7,47;7,44;2888,13;2893,92;2891,03
Tesouro IPCA+;15/05/2035;05/03/2024;7,62;7,59;1848,76;1852,46;1850,61
Tesouro IPCA+;15/05/2045;05/03/2024;7,68;7,65;879,03;880,80;879,92
Tesouro IPCA+ com Juros Semestrais;15/08/2032;05/03/2024;7,54;7,51;2273,85;2278,41;2276,13
Tesouro IPCA+ com Juros Semestrais;15/08/2040;05/03/2024;7,64;7,61;1254,18;1256,70;1255,44
Tesouro IPCA+ com Juros Semestrais;15/05/2055;05/03/2024;7,72;7,69;415,51;416,34;415,92
Tesouro Selic;01/03/2029;05/03/2024;0,07;0,04;14111,22;14139,50;14125,36
Tesouro Prefixado;01/01/2027;06/03/2024;12,94;12,91;708,33;709,75;709,04
Tesouro Prefixado;01/01/2029;06/03/2024;12,77;12,74;559,68;560,80;560,24
Tesouro Prefixado;01/01/2031;06/03/2024;12,72;12,69;441,77;442,66;442,21
Tesouro Prefixado com Juros Semestrais;01/01/2033;06/03/2024;12,64;12,61;350,01;350,71;350,36
Tesouro Prefixado com Juros Semestrais;01/01/2035;06/03/2024;12,62;12,59;276,63;277,18;276,90
Tesouro Prefixado com Juros Semestrais;01/01/2037;06/03/2024;12,57;12,54;219,31;219,75;219,53
Tesouro IPCA+;15/05/2029;06/03/2024;7,45;7,42;2890,20;2895,99;2893,09
Tesouro IPCA+;15/05/2035;06/03/2024;7,54;7,51;1864,42;1868,16;1866,29
Tesouro IPCA+;15/05/2045;06/03/2024;7,64;7,61;885,54;887,32;886,43
Tesouro IPCA+ com Juros Semestrais;15/08/2032;06/03/2024;7,48;7,45;2284,22;2288,80;2286,51
Tesouro IPCA+ com Juros Semestrais;15/08/2040;06/03/2024;7,60;7,57;1262,73;1265,26;1263,99
Tesouro IPCA+ com Juros Semestrais;15/05/2055;06/03/2024;7,68;7,65;420,74;421,59;421,16
Tesouro Selic;01/03/2029;06/03/2024;0,06;0,03;14114,31;14142,60;14128,46
Tesouro Prefixado;01/01/2027;07/03/2024;12,93;12,90;708,76;710,18;709,47
Tesouro Prefixado;01/01/2029;07/03/2024;12,77;12,74;559,76;560,88;560,32
Tesouro Prefixado;01/01/2031;07/03/2024;12,69;12,66;442,61;443,49;443,05
Tesouro Prefixado com Juros Semestrais;01/01/2033;07/03/2024;12,63;12,60;350,48;351,18;350,83
Tesouro Prefixado com Juros Semestrais;01/01/2035;07/03/2024;12,58;12,55;277,72;278,27;278,00
Tesouro Prefixado com Juros Semestrais;01/01/2037;07/03/2024;12,60;12,57;218,73;219,17;218,95
Tesouro IPCA+;15/05/2029;07/03/2024;7,46;7,43;2890,13;2895,92;2893,02
Tesouro IPCA+;15/05/2035;07/03/2024;7,53;7,50;1865,56;1869,30;1867,43
Tesouro IPCA+;15/05/2045;07/03/2024;7,64;7,61;886,29;888,07;887,18
Tesouro IPCA+ com Juros Semestrais;15/08/2032;07/03/2024;7,50;7,47;2282,44;2287,01;2284,72
Tesouro IPCA+ com Juros Semestrais;15/08/2040;07/03/2024;7,59;7,56;1264,67;1267,20;1265,94
Tesouro IPCA+ com Juros Semestrais;15/05/2055;07/03/2024;7,73;7,70;414,13;414,96;414,54
Tesouro Selic;01/03/2029;07/03/2024;0,05;0,02;14117,41;14145,70;14131,55
Tesouro Prefixado;01/01/2027;08/03/2024;12,89;12,86;709,74;711,16;710,45
Tesouro Prefixado;01/01/2029;08/03/2024;12,74;12,71;560,72;561,85;561,28
Tesouro Prefixado;01/01/2031;08/03/2024;12,66;12,63;443,66;444,55;444,11
Tesouro Prefixado com Juros Semestrais;01/01/2033;08/03/2024;12,62;12,59;350,72;351,42;351,07
Tesouro Prefixado com Juros Semestrais;01/01/2035;08/03/2024;12,52;12,49;279,30;279,86;279,58
Tesouro Prefixado com Juros Semestrais;01/01/2037;08/03/2024;12,47;12,44;222,12;222,57;222,34
Tesouro IPCA+;15/05/2029;08/03/2024;7,47;7,44;2889,74;2895,54;2892,64
Tesouro IPCA+;15/05/2035;08/03/2024;7,53;7,50;1866,41;1870,15;1868,28
Tesouro IPCA+;15/05/2045;08/03/2024;7,64;7,61;886,00;887,78;886,89
Tesouro IPCA+ com Juros Semestrais;15/08/2032;08/03/2024;7,53;7,50;2276,27;2280,83;2278,55
Tesouro IPCA+ com Juros Semestrais;15/08/2040;08/03/2024;7,63;7,60;1257,53;1260,05;1258,79
Tesouro IPCA+ com Juros Semestrais;15/05/2055;08/03/2024;7,71;7,68;416,69;417,53;417,11
Tesouro Selic;01/03/2029;08/03/2024;0,05;0,02;14120,50;14148,80;14134,65
Tesouro Prefixado;01/01/2027;11/03/2024;12,91;12,88;710,08;711,50;710,79
Tesouro Prefixado;01/01/2029;11/03/2024;12,75;12,72;561,11;562,23;561,67
Tesouro Prefixado;01/01/2031;11/03/2024;12,64;12,61;444,50;445,39;444,94
Tesouro Prefixado com Juros Semestrais;01/01/2033;11/03/2024;12,62;12,59;351,20;351,90;351,55
Tesouro Prefixado com Juros Semestrais;01/01/2035;11/03/2024;12,53;12,50;279,38;279,94;279,66
Tesouro Prefixado com Juros Semestrais;01/01/2037;11/03/2024;12,47;12,44;222,15;222,59;222,37
Tesouro IPCA+;15/05/2029;11/03/2024;7,39;7,36;2901,46;2907,28;2904,37
Tesouro IPCA+;15/05/2035;11/03/2024;7,51;7,48;1870,92;1874,67;1872,79
Tesouro IPCA+;15/05/2045;11/03/2024;7,59;7,56;895,13;896,92;896,02
Tesouro IPCA+ com Juros Semestrais;15/08/2032;11/03/2024;7,48;7,45;2286,77;2291,36;2289,07
Tesouro IPCA+ com Juros Semestrais;15/08/2040;11/03/2024;7,57;7,54;1270,22;1272,77;1271,49
Tesouro IPCA+ com Juros Semestrais;15/05/2055;11/03/2024;7,66;7,63;423,06;423,91;423,49
Tesouro Selic;01/03/2029;11/03/2024;0,06;0,03;14123,60;14151,90;14137,75
Tesouro Prefixado;01/01/2027;12/03/2024;12,90;12,87;710,50;711,92;711,21
Tesouro Prefixado;01/01/2029;12/03/2024;12,78;12,75;560,60;561,73;561,16
Tesouro Prefixado;01/01/2031;12/03/2024;12,67;12,64;443,83;444,72;444,27
Tesouro Prefixado com Juros Semestrais;01/01/2033;12/03/2024;12,61;12,58;351,36;352,06;351,71
Tesouro Prefixado com Juros Semestrais;01/01/2035;12/03/2024;12,55;12,52;279,05;279,61;279,33
Tesouro Prefixado com Juros Semestrais;01/01/2037;12/03/2024;12,48;12,45;221,98;222,42;222,20
Tesouro IPCA+;15/05/2029;12/03/2024;7,41;7,38;2899,13;2904,94;2902,04
Tesouro IPCA+;15/05/2035;12/03/2024;7,54;7,51;1867,16;1870,90;1869,03
Tesouro IPCA+;15/05/2045;12/03/2024;7,63;7,60;888,28;890,06;889,17
Tesouro IPCA+ com Juros Semestrais;15/08/2032;12/03/2024;7,47;7,44;2290,15;2294,74;2292,45
Tesouro IPCA+ com Juros Semestrais;15/08/2040;12/03/2024;7,56;7,53;1272,55;1275,10;1273,82
Tesouro IPCA+ com Juros Semestrais;15/05/2055;12/03/2024;7,65;7,62;424,77;425,62;425,19
Tesouro Selic;01/03/2029;12/03/2024;0,06;0,03;14126,69;14155,00;14140,84
Tesouro Prefixado;01/01/2027;13/03/2024;13,00;12,97;709,04;710,46;709,75
Tesouro Prefixado;01/01/2029;13/03/2024;12,86;12,83;558,75;559,87;559,31
Tesouro Prefixado;01/01/2031;13/03/2024;12,74;12,71;442,09;442,97;442,53
Tesouro Prefixado com Juros Semestrais;01/01/2033;13/03/2024;12,67;12,64;349,84;350,55;350,20
Tesouro Prefixado com Juros Semestrais;01/01/2035;13/03/2024;12,64;12,61;276,54;277,10;276,82
Tesouro Prefixado com Juros Semestrais;01/01/2037;13/03/2024;12,54;12,51;220,52;220,96;220,74
Tesouro IPCA+;15/05/2029;13/03/2024;7,42;7,39;2899,56;2905,38;2902,47
Tesouro IPCA+;15/05/2035;13/03/2024;7,51;7,48;1871,62;1875,37;1873,50
Tesouro IPCA+;15/05/2045;13/03/2024;7,65;7,62;886,24;888,02;887,13
Tesouro IPCA+ com Juros Semestrais;15/08/2032;13/03/2024;7,49;7,46;2287,01;2291,59;2289,30
Tesouro IPCA+ com Juros Semestrais;15/08/2040;13/03/2024;7,61;7,58;1262,86;1265,39;1264,13
Tesouro IPCA+ com Juros Semestrais;15/05/2055;13/03/2024;7,72;7,69;416,77;417,60;417,19
Tesouro Selic;01/03/2029;13/03/2024;0,05;0,02;14129,78;14158,10;14143,94
Tesouro Prefixado;01/01/2027;14/03/2024;12,98;12,95;709,55;710,98;710,26
Tesouro Prefixado;01/01/2029;14/03/2024;12,83;12,80;559,70;560,82;560,26
Tesouro Prefixado;01/01/2031;14/03/2024;12,78;12,75;441,28;442,16;441,72
Tesouro Prefixado com Juros Semestrais;01/01/2033;14/03/2024;12,71;12,68;348,86;349,56;349,21
Tesouro Prefixado com Juros Semestrais;01/01/2035;14/03/2024;12,64;12,61;276,84;277,40;277,12
Tesouro Prefixado com Juros Semestrais;01/01/2037;14/03/2024;12,64;12,61;218,16;218,60;218,38
Tesouro IPCA+;15/05/2029;14/03/2024;7,38;7,35;2904,93;2910,75;2907,84
Tesouro IPCA+;15/05/2035;14/03/2024;7,49;7,46;1876,62;1880,38;1878,50
Tesouro IPCA+;15/05/2045;14/03/2024;7,59;7,56;895,57;897,36;896,46
Tesouro IPCA+ com Juros Semestrais;15/08/2032;14/03/2024;7,44;7,41;2295,01;2299,61;2297,31
Tesouro IPCA+ com Juros Semestrais;15/08/2040;14/03/2024;7,52;7,49;1280,23;1282,80;1281,52
Tesouro IPCA+ com Juros Semestrais;15/05/2055;14/03/2024;7,61;7,58;429,59;430,45;430,02
Tesouro Selic;01/03/2029;14/03/2024;0,05;0,02;14132,88;14161,20;14147,04
Tesouro Prefixado;01/01/2027;15/03/2024;12,99;12,96;709,60;711,03;710,32
Tesouro Prefixado;01/01/2029;15/03/2024;12,84;12,81;559,65;560,77;560,21
Tesouro Prefixado;01/01/2031;15/03/2024;12,65;12,62;444,78;445,67;445,22
Tesouro Prefixado com Juros Semestrais;01/01/2033;15/03/2024;12,64;12,61;350,86;351,56;351,21
Tesouro Prefixado com Juros Semestrais;01/01/2035;15/03/2024;12,55;12,52;279,32;279,88;279,60
Tesouro Prefixado com Juros Semestrais;01/01/2037;15/03/2024;12,54;12,51;220,77;221,21;220,99
Tesouro IPCA+;15/05/2029;15/03/2024;7,40;7,37;2902,57;2908,39;2905,48
Tesouro IPCA+;15/05/2035;15/03/2024;7,48;7,45;1878,65;1882,42;1880,53
Tesouro IPCA+;15/05/2045;15/03/2024;7,60;7,57;894,74;896,54;895,64
Tesouro IPCA+ com Juros Semestrais;15/08/2032;15/03/2024;7,43;7,40;2298,84;2303,45;2301,14
Tesouro IPCA+ com Juros Semestrais;15/08/2040;15/03/2024;7,52;7,49;1279,72;1282,28;1281,00
Tesouro IPCA+ com Juros Semestrais;15/05/2055;15/03/2024;7,66;7,63;423,36;424,21;423,78
Tesouro Selic;01/03/2029;15/03/2024;0,05;0,02;14135,97;14164,30;14150,14
Tesouro Prefixado;01/01/2027;18/03/2024;12,96;12,93;710,95;712,37;711,66
Tesouro Prefixado;01/01/2029;18/03/2024;12,84;12,81;560,17;561,29;560,73
Tesouro Prefixado;01/01/2031;18/03/2024;12,73;12,70;443,08;443,97;443,53
Tesouro Prefixado com Juros Semestrais;01/01/2033;18/03/2024;12,65;12,62;351,07;351,77;351,42
Tesouro Prefixado com Juros Semestrais;01/01/2035;18/03/2024;12,58;12,55;278,70;279,26;278,98
Tesouro Prefixado com Juros Semestrais;01/01/2037;18/03/2024;12,56;12,53;220,57;221,01;220,79
Tesouro IPCA+;15/05/2029;18/03/2024;7,34;7,31;2913,46;2919,30;2916,38
Tesouro IPCA+;15/05/2035;18/03/2024;7,41;7,38;1893,21;1897,01;1895,11
Tesouro IPCA+;15/05/2045;18/03/2024;7,51;7,48;910,76;912,58;911,67
Tesouro IPCA+ com Juros Semestrais;15/08/2032;18/03/2024;7,40;7,37;2304,97;2309,59;2307,28
Tesouro IPCA+ com Juros Semestrais;15/08/2040;18/03/2024;7,49;7,46;1286,43;1289,01;1287,72
Tesouro IPCA+ com Juros Semestrais;15/05/2055;18/03/2024;7,54;7,51;438,68;439,56;439,12
Tesouro Selic;01/03/2029;18/03/2024;0,07;0,04;14139,07;14167,40;14153,23
Tesouro Prefixado;01/01/2027;19/03/2024;12,99;12,96;710,58;712,01;711,30
Tesouro Prefixado;01/01/2029;19/03/2024;12,85;12,82;560,16;561,28;560,72
Tesouro Prefixado;01/01/2031;19/03/2024;12,75;12,72;442,77;443,66;443,22
Tesouro Prefixado com Juros Semestrais;01/01/2033;19/03/2024;12,70;12,67;349,91;350,61;350,26
Tesouro Prefixado com Juros Semestrais;01/01/2035;19/03/2024;12,68;12,65;276,02;276,57;276,30
Tesouro Prefixado com Juros Semestrais;01/01/2037;19/03/2024;12,65;12,62;218,40;218,84;218,62
Tesouro IPCA+;15/05/2029;19/03/2024;7,32;7,29;2915,63;2921,48;2918,55
Tesouro IPCA+;15/05/2035;19/03/2024;7,45;7,42;1887,30;1891,08;1889,19
Tesouro IPCA+;15/05/2045;19/03/2024;7,53;7,50;908,22;910,04;909,13
Tesouro IPCA+ com Juros Semestrais;15/08/2032;19/03/2024;7,40;7,37;2305,49;2310,11;2307,80
Tesouro IPCA+ com Juros Semestrais;15/08/2040;19/03/2024;7,45;7,42;1294,85;1297,44;1296,14
Tesouro IPCA+ com Juros Semestrais;15/05/2055;19/03/2024;7,56;7,53;436,23;437,10;436,66
Tesouro Selic;01/03/2029;19/03/2024;0,06;0,03;14142,16;14170,50;14156,33
Tesouro Prefixado;01/01/2027;20/03/2024;13,02;12,99;710,38;711,80;711,09
Tesouro Prefixado;01/01/2029;20/03/2024;12,87;12,84;559,82;560,95;560,39
Tesouro Prefixado;01/01/2031;20/03/2024;12,79;12,76;441,75;442,64;442,19
Tesouro Prefixado com Juros Semestrais;01/01/2033;20/03/2024;12,76;12,73;348,23;348,93;348,58
Tesouro Prefixado com Juros Semestrais;01/01/2035;20/03/2024;12,71;12,68;275,35;275,90;275,63
Tesouro Prefixado com Juros Semestrais;01/01/2037;20/03/2024;12,65;12,62;218,34;218,78;218,56
Tesouro IPCA+;15/05/2029;20/03/2024;7,36;7,33;2911,43;2917,27;2914,35
Tesouro IPCA+;15/05/2035;20/03/2024;7,48;7,45;1880,78;1884,55;1882,67
Tesouro IPCA+;15/05/2045;20/03/2024;7,58;7,55;898,30;900,10;899,20
Tesouro IPCA+ com Juros Semestrais;15/08/2032;20/03/2024;7,43;7,40;2300,24;2304,85;2302,55
Tesouro IPCA+ com Juros Semestrais;15/08/2040;20/03/2024;7,55;7,52;1275,72;1278,27;1277,00
Tesouro IPCA+ com Juros Semestrais;15/05/2055;20/03/2024;7,60;7,57;431,88;432,75;432,32
Tesouro Selic;01/03/2029;20/03/2024;0,06;0,03;14145,25;14173,60;14159,43
Tesouro Prefixado;01/01/2027;21/03/2024;13,00;12,97;710,94;712,36;711,65
Tesouro Prefixado;01/01/2029;21/03/2024;12,89;12,86;559,55;560,67;560,11
Tesouro Prefixado;01/01/2031;21/03/2024;12,82;12,79;441,32;442,21;441,77
Tesouro Prefixado com Juros Semestrais;01/01/2033;21/03/2024;12,77;12,74;348,25;348,95;348,60
Tesouro Prefixado com Juros Semestrais;01/01/2035;21/03/2024;12,74;12,71;274,82;275,37;275,10
Tesouro Prefixado com Juros Semestrais;01/01/2037;21/03/2024;12,65;12,62;218,35;218,79;218,57
Tesouro IPCA+;15/05/2029;21/03/2024;7,34;7,31;2914,98;2920,82;2917,90
Tesouro IPCA+;15/05/2035;21/03/2024;7,47;7,44;1883,14;1886,92;1885,03
Tesouro IPCA+;15/05/2045;21/03/2024;7,58;7,55;898,37;900,17;899,27
Tesouro IPCA+ com Juros Semestrais;15/08/2032;21/03/2024;7,43;7,40;2301,16;2305,77;2303,46
Tesouro IPCA+ com Juros Semestrais;15/08/2040;21/03/2024;7,53;7,50;1280,54;1283,11;1281,82
Tesouro IPCA+ com Juros Semestrais;15/05/2055;21/03/2024;7,64;7,61;426,91;427,77;427,34
Tesouro Selic;01/03/2029;21/03/2024;0,06;0,03;14148,35;14176,70;14162,52
Tesouro Prefixado;01/01/2027;22/03/2024;13,02;12,99;710,82;712,25;711,54
Tesouro Prefixado;01/01/2029;22/03/2024;12,87;12,84;560,13;561,26;560,69
Tesouro Prefixado;01/01/2031;22/03/2024;12,80;12,77;442,01;442,90;442,46
Tesouro Prefixado com Juros Semestrais;01/01/2033;22/03/2024;12,72;12,69;349,65;350,35;350,00
Tesouro Prefixado com Juros Semestrais;01/01/2035;22/03/2024;12,69;12,66;276,16;276,71;276,43
Tesouro Prefixado com Juros Semestrais;01/01/2037;22/03/2024;12,64;12,61;218,65;219,09;218,87
Tesouro IPCA+;15/05/2029;22/03/2024;7,40;7,37;2906,70;2912,53;2909,61
Tesouro IPCA+;15/05/2035;22/03/2024;7,54;7,51;1869,78;1873,53;1871,66
Tesouro IPCA+;15/05/2045;22/03/2024;7,58;7,55;900,06;901,87;900,96
Tesouro IPCA+ com Juros Semestrais;15/08/2032;22/03/2024;7,45;7,42;2297,54;2302,14;2299,84
Tesouro IPCA+ com Juros Semestrais;15/08/2040;22/03/2024;7,57;7,54;1271,86;1274,41;1273,13
Tesouro IPCA+ com Juros Semestrais;15/05/2055;22/03/2024;7,68;7,65;421,86;422,70;422,28
Tesouro Selic;01/03/2029;22/03/2024;0,06;0,03;14151,44;14179,80;14165,62
Tesouro Prefixado;01/01/2027;25/03/2024;13,07;13,04;710,68;712,11;711,39
Tesouro Prefixado;01/01/2029;25/03/2024;12,92;12,89;559,57;560,69;560,13
Tesouro Prefixado;01/01/2031;25/03/2024;12,83;12,80;441,43;442,31;441,87
Tesouro Prefixado com Juros Semestrais;01/01/2033;25/03/2024;12,77;12,74;348,57;349,27;348,92
Tesouro Prefixado com Juros Semestrais;01/01/2035;25/03/2024;12,77;12,74;274,30;274,85;274,57
Tesouro Prefixado com Juros Semestrais;01/01/2037;25/03/2024;12,71;12,68;217,24;217,67;217,45
Tesouro IPCA+;15/05/2029;25/03/2024;7,40;7,37;2908,26;2914,09;2911,18
Tesouro IPCA+;15/05/2035;25/03/2024;7,50;7,47;1878,61;1882,37;1880,49
Tesouro IPCA+;15/05/2045;25/03/2024;7,57;7,54;902,44;904,25;903,34
Tesouro IPCA+ com Juros Semestrais;15/08/2032;25/03/2024;7,42;7,39;2304,39;2309,01;2306,70
Tesouro IPCA+ com Juros Semestrais;15/08/2040;25/03/2024;7,53;7,50;1280,25;1282,81;1281,53
Tesouro IPCA+ com Juros Semestrais;15/05/2055;25/03/2024;7,63;7,60;428,69;429,55;429,12
Tesouro Selic;01/03/2029;25/03/2024;0,06;0,03;14154,53;14182,90;14168,72
Tesouro Prefixado;01/01/2027;26/03/2024;13,03;13,00;711,51;712,94;712,23
Tesouro Prefixado;01/01/2029;26/03/2024;12,88;12,85;560,64;561,76;561,20
Tesouro Prefixado;01/01/2031;26/03/2024;12,83;12,80;441,77;442,65;442,21
Tesouro Prefixado com Juros Semestrais;01/01/2033;26/03/2024;12,77;12,74;348,75;349,45;349,10
Tesouro Prefixado com Juros Semestrais;01/01/2035;26/03/2024;12,73;12,70;275,46;276,01;275,73
Tesouro Prefixado com Juros Semestrais;01/01/2037;26/03/2024;12,64;12,61;219,14;219,57;219,36
Tesouro IPCA+;15/05/2029;26/03/2024;7,35;7,32;2916,58;2922,42;2919,50
Tesouro IPCA+;15/05/2035;26/03/2024;7,51;7,48;1877,35;1881,11;1879,23
Tesouro IPCA+;15/05/2045;26/03/2024;7,58;7,55;899,54;901,34;900,44
Tesouro IPCA+ com Juros Semestrais;15/08/2032;26/03/2024;7,45;7,42;2299,40;2304,01;2301,71
Tesouro IPCA+ com Juros Semestrais;15/08/2040;26/03/2024;7,53;7,50;1280,33;1282,90;1281,62
Tesouro IPCA+ com Juros Semestrais;15/05/2055;26/03/2024;7,63;7,60;428,85;429,71;429,28
Tesouro Selic;01/03/2029;26/03/2024;0,06;0,03;14157,63;14186,00;14171,81
Tesouro Prefixado;01/01/2027;27/03/2024;12,91;12,88;713,81;715,24;714,52
Tesouro Prefixado;01/01/2029;27/03/2024;12,78;12,75;563,24;564,37;563,81
Tesouro Prefixado;01/01/2031;27/03/2024;12,74;12,71;444,10;444,99;444,54
Tesouro Prefixado com Juros Semestrais;01/01/2033;27/03/2024;12,65;12,62;351,95;352,66;352,31
Tesouro Prefixado com Juros Semestrais;01/01/2035;27/03/2024;12,62;12,59;278,38;278,94;278,66
Tesouro Prefixado com Juros Semestrais;01/01/2037;27/03/2024;12,58;12,55;220,54;220,99;220,76
Tesouro IPCA+;15/05/2029;27/03/2024;7,38;7,35;2912,43;2918,27;2915,35
Tesouro IPCA+;15/05/2035;27/03/2024;7,44;7,41;1891,07;1894,86;1892,97
Tesouro IPCA+;15/05/2045;27/03/2024;7,56;7,53;904,04;905,86;904,95
Tesouro IPCA+ com Juros Semestrais;15/08/2032;27/03/2024;7,45;7,42;2299,84;2304,45;2302,14
Tesouro IPCA+ com Juros Semestrais;15/08/2040;27/03/2024;7,50;7,47;1287,23;1289,81;1288,52
Tesouro IPCA+ com Juros Semestrais;15/05/2055;27/03/2024;7,60;7,57;432,19;433,06;432,63
Tesouro Selic;01/03/2029;27/03/2024;0,07;0,04;14160,72;14189,10;14174,91
Tesouro Prefixado;01/01/2027;28/03/2024;12,78;12,75;716,34;717,77;717,05
Tesouro Prefixado;01/01/2029;28/03/2024;12,70;12,67;565,42;566,55;565,98
Tesouro Prefixado;01/01/2031;28/03/2024;12,62;12,59;447,61;448,51;448,06
Tesouro Prefixado com Juros Semestrais;01/01/2033;28/03/2024;12,53;12,50;355,56;356,28;355,92
Tesouro Prefixado com Juros Semestrais;01/01/2035;28/03/2024;12,53;12,50;280,88;281,45;281,16
Tesouro Prefixado com Juros Semestrais;01/01/2037;28/03/2024;12,46;12,43;223,58;224,03;223,81
Tesouro IPCA+;15/05/2029;28/03/2024;7,36;7,33;2915,14;2920,98;2918,06
Tesouro IPCA+;15/05/2035;28/03/2024;7,44;7,41;1891,80;1895,60;1893,70
Tesouro IPCA+;15/05/2045;28/03/2024;7,57;7,54;901,92;903,73;902,82
Tesouro IPCA+ com Juros Semestrais;15/08/2032;28/03/2024;7,42;7,39;2305,97;2310,59;2308,28
Tesouro IPCA+ com Juros Semestrais;15/08/2040;28/03/2024;7,49;7,46;1290,29;1292,87;1291,58
Tesouro IPCA+ com Juros Semestrais;15/05/2055;28/03/2024;7,58;7,55;434,85;435,72;435,29
Tesouro Selic;01/03/2029;28/03/2024;0,06;0,03;14163,82;14192,20;14178,01
Tesouro Prefixado;01/01/2027;29/03/2024;12,91;12,88;714,37;715,80;715,08
Tesouro Prefixado;01/01/2029;29/03/2024;12,70;12,67;565,51;566,64;566,07
Tesouro Prefixado;01/01/2031;29/03/2024;12,63;12,60;447,36;448,26;447,81
Tesouro Prefixado com Juros Semestrais;01/01/2033;29/03/2024;12,59;12,56;354,07;354,78;354,43
Tesouro Prefixado com Juros Semestrais;01/01/2035;29/03/2024;12,57;12,54;279,90;280,46;280,18
Tesouro Prefixado com Juros Semestrais;01/01/2037;29/03/2024;12,56;12,53;221,33;221,78;221,56
Tesouro IPCA+;15/05/2029;29/03/2024;7,29;7,26;2926,83;2932,70;2929,76
Tesouro IPCA+;15/05/2035;29/03/2024;7,38;7,35;1903,34;1907,16;1905,25
Tesouro IPCA+;15/05/2045;29/03/2024;7,50;7,47;914,83;916,66;915,75
Tesouro IPCA+ com Juros Semestrais;15/08/2032;29/03/2024;7,36;7,33;2316,72;2321,36;2319,04
Tesouro IPCA+ com Juros Semestrais;15/08/2040;29/03/2024;7,42;7,39;1303,09;1305,70;1304,40
Tesouro IPCA+ com Juros Semestrais;15/05/2055;29/03/2024;7,56;7,53;437,02;437,90;437,46
Tesouro Selic;01/03/2029;29/03/2024;0,05;0,02;14166,91;14195,30;14181,10
Tesouro Prefixado;01/01/2027;01/04/2024;12,83;12,80;716,46;717,89;717,18
Tesouro Prefixado;01/01/2029;01/04/2024;12,68;12,65;566,60;567,73;567,16
Tesouro Prefixado;01/01/2031;01/04/2024;12,61;12,58;448,29;449,19;448,74
Tesouro Prefixado com Juros Semestrais;01/01/2033;01/04/2024;12,58;12,55;354,49;355,20;354,85
Tesouro Prefixado com Juros Semestrais;01/01/2035;01/04/2024;12,48;12,45;282,70;283,26;282,98
Tesouro Prefixado com Juros Semestrais;01/01/2037;01/04/2024;12,42;12,39;224,95;225,40;225,18
Tesouro IPCA+;15/05/2029;01/04/2024;7,29;7,26;2928,05;2933,92;2930,99
Tesouro IPCA+;15/05/2035;01/04/2024;7,37;7,34;1907,89;1911,71;1909,80
Tesouro IPCA+;15/05/2045;01/04/2024;7,47;7,44;920,32;922,17;921,25
Tesouro IPCA+ com Juros Semestrais;15/08/2032;01/04/2024;7,32;7,29;2325,41;2330,07;2327,74
Tesouro IPCA+ com Juros Semestrais;15/08/2040;01/04/2024;7,43;7,40;1303,46;1306,07;1304,77
Tesouro IPCA+ com Juros Semestrais;15/05/2055;01/04/2024;7,51;7,48;444,03;444,92;444,48
Tesouro Selic;01/03/2029;01/04/2024;0,05;0,02;14170,00;14198,40;14184,20
Tesouro Prefixado;01/01/2027;02/04/2024;12,73;12,70;718,45;719,89;719,17
Tesouro Prefixado;01/01/2029;02/04/2024;12,61;12,58;568,32;569,46;568,89
Tesouro Prefixado;01/01/2031;02/04/2024;12,50;12,47;451,56;452,46;452,01
Tesouro Prefixado com Juros Semestrais;01/01/2033;02/04/2024;12,45;12,42;358,40;359,12;358,76
Tesouro Prefixado com Juros Semestrais;01/01/2035;02/04/2024;12,42;12,39;284,28;284,85;284,57
Tesouro Prefixado com Juros Semestrais;01/01/2037;02/04/2024;12,40;12,37;225,69;226,14;225,92
Tesouro IPCA+;15/05/2029;02/04/2024;7,26;7,23;2932,93;2938,81;2935,87
Tesouro IPCA+;15/05/2035;02/04/2024;7,39;7,36;1903,98;1907,80;1905,89
Tesouro IPCA+;15/05/2045;02/04/2024;7,44;7,41;926,71;928,57;927,64
Tesouro IPCA+ com Juros Semestrais;15/08/2032;02/04/2024;7,38;7,35;2315,62;2320,26;2317,94
Tesouro IPCA+ com Juros Semestrais;15/08/2040;02/04/2024;7,47;7,44;1295,47;1298,06;1296,76
Tesouro IPCA+ com Juros Semestrais;15/05/2055;02/04/2024;7,54;7,51;440,16;441,04;440,60
Tesouro Selic;01/03/2029;02/04/2024;0,06;0,03;14173,10;14201,50;14187,30
Tesouro Prefixado;01/01/2027;03/04/2024;12,74;12,71;718,60;720,04;719,32
Tesouro Prefixado;01/01/2029;03/04/2024;12,61;12,58;568,53;569,67;569,10
Tesouro Prefixado;01/01/2031;03/04/2024;12,50;12,47;451,80;452,71;452,25
Tesouro Prefixado com Juros Semestrais;01/01/2033;03/04/2024;12,42;12,39;359,22;359,94;359,58
Tesouro Prefixado com Juros Semestrais;01/01/2035;03/04/2024;12,38;12,35;285,66;286,24;285,95
Tesouro Prefixado com Juros Semestrais;01/01/2037;03/04/2024;12,32;12,29;227,71;228,17;227,94
Tesouro IPCA+;15/05/2029;03/04/2024;7,26;7,23;2933,61;2939,49;2936,55
Tesouro IPCA+;15/05/2035;03/04/2024;7,35;7,32;1911,04;1914,87;1912,95
Tesouro IPCA+;15/05/2045;03/04/2024;7,47;7,44;921,75;923,59;922,67
Tesouro IPCA+ com Juros Semestrais;15/08/2032;03/04/2024;7,34;7,31;2322,67;2327,33;2325,00
Tesouro IPCA+ com Juros Semestrais;15/08/2040;03/04/2024;7,44;7,41;1300,82;1303,43;1302,12
Tesouro IPCA+ com Juros Semestrais;15/05/2055;03/04/2024;7,53;7,50;441,62;442,51;442,07
Tesouro Selic;01/03/2029;03/04/2024;0,06;0,03;14176,19;14204,60;14190,40
Tesouro Prefixado;01/01/2027;04/04/2024;12,68;12,65;719,83;721,27;720,55
Tesouro Prefixado;01/01/2029;04/04/2024;12,55;12,52;570,13;571,27;570,70
Tesouro Prefixado;01/01/2031;04/04/2024;12,47;12,44;452,73;453,64;453,19
Tesouro Prefixado com Juros Semestrais;01/01/2033;04/04/2024;12,41;12,38;359,74;360,47;360,10
Tesouro Prefixado com Juros Semestrais;01/01/2035;04/04/2024;12,33;12,30;286,89;287,46;287,18
Tesouro Prefixado com Juros Semestrais;01/01/2037;04/04/2024;12,32;12,29;227,87;228,33;228,10
Tesouro IPCA+;15/05/2029;04/04/2024;7,21;7,18;2940,99;2946,88;2943,93
Tesouro IPCA+;15/05/2035;04/04/2024;7,33;7,30;1915,78;1919,62;1917,70
Tesouro IPCA+;15/05/2045;04/04/2024;7,39;7,36;935,79;937,67;936,73
Tesouro IPCA+ com Juros Semestrais;15/08/2032;04/04/2024;7,31;7,28;2328,82;2333,48;2331,15
Tesouro IPCA+ com Juros Semestrais;15/08/2040;04/04/2024;7,38;7,35;1313,00;1315,63;1314,31
Tesouro IPCA+ com Juros Semestrais;15/05/2055;04/04/2024;7,50;7,47;446,32;447,22;446,77
Tesouro Selic;01/03/2029;04/04/2024;0,06;0,03;14179,28;14207,70;14193,49
Tesouro Prefixado;01/01/2027;05/04/2024;12,66;12,63;720,38;721,82;721,10
Tesouro Prefixado;01/01/2029;05/04/2024;12,56;12,53;570,22;571,37;570,80
Tesouro Prefixado;01/01/2031;05/04/2024;12,45;12,42;453,20;454,11;453,66
Tesouro Prefixado com Juros Semestrais;01/01/2033;05/04/2024;12,38;12,35;360,65;361,37;361,01
Tesouro Prefixado com Juros Semestrais;01/01/2035;05/04/2024;12,33;12,30;287,15;287,72;287,43
Tesouro Prefixado com Juros Semestrais;01/01/2037;05/04/2024;12,29;12,26;228,75;229,21;228,98
Tesouro IPCA+;15/05/2029;05/04/2024;7,19;7,16;2944,74;2950,64;2947,69
Tesouro IPCA+;15/05/2035;05/04/2024;7,30;7,27;1922,63;1926,48;1924,56
Tesouro IPCA+;15/05/2045;05/04/2024;7,40;7,37;933,89;935,76;934,83
Tesouro IPCA+ com Juros Semestrais;15/08/2032;05/04/2024;7,28;7,25;2334,43;2339,11;2336,77
Tesouro IPCA+ com Juros Semestrais;15/08/2040;05/04/2024;7,38;7,35;1312,75;1315,38;1314,06
Tesouro IPCA+ com Juros Semestrais;15/05/2055;05/04/2024;7,46;7,43;450,50;451,40;450,95
Tesouro Selic;01/03/2029;05/04/2024;0,07;0,04;14182,38;14210,80;14196,59
Tesouro Prefixado;01/01/2027;08/04/2024;12,66;12,63;721,13;722,58;721,86
Tesouro Prefixado;01/01/2029;08/04/2024;12,52;12,49;571,65;572,80;572,23
Tesouro Prefixado;01/01/2031;08/04/2024;12,42;12,39;454,46;455,37;454,91
Tesouro Prefixado com Juros Semestrais;01/01/2033;08/04/2024;12,36;12,33;361,45;362,17;361,81
Tesouro Prefixado com Juros Semestrais;01/01/2035;08/04/2024;12,33;12,30;287,42;288,00;287,71
Tesouro Prefixado com Juros Semestrais;01/01/2037;08/04/2024;12,29;12,26;228,99;229,45;229,22
Tesouro IPCA+;15/05/2029;08/04/2024;7,24;7,21;2938,26;2944,14;2941,20
Tesouro IPCA+;15/05/2035;08/04/2024;7,36;7,33;1911,96;1915,79;1913,88
Tesouro IPCA+;15/05/2045;08/04/2024;7,46;7,43;923,60;925,45;924,53
Tesouro IPCA+ com Juros Semestrais;15/08/2032;08/04/2024;7,36;7,33;2321,24;2325,89;2323,56
Tesouro IPCA+ com Juros Semestrais;15/08/2040;08/04/2024;7,38;7,35;1314,89;1317,53;1316,21
Tesouro IPCA+ com Juros Semestrais;15/05/2055;08/04/2024;7,51;7,48;444,33;445,22;444,78
Tesouro Selic;01/03/2029;08/04/2024;0,06;0,03;14185,47;14213,90;14199,69
Tesouro Prefixado;01/01/2027;09/04/2024;12,64;12,61;721,65;723,09;722,37
Tesouro Prefixado;01/01/2029;09/04/2024;12,50;12,47;572,31;573,46;572,89
Tesouro Prefixado;01/01/2031;09/04/2024;12,42;12,39;454,76;455,67;455,22
Tesouro Prefixado com Juros Semestrais;01/01/2033;09/04/2024;12,41;12,38;360,15;360,87;360,51
Tesouro Prefixado com Juros Semestrais;01/01/2035;09/04/2024;12,32;12,29;287,85;288,43;288,14
Tesouro Prefixado com Juros Semestrais;01/01/2037;09/04/2024;12,26;12,23;229,73;230,19;229,96
Tesouro IPCA+;15/05/2029;09/04/2024;7,24;7,21;2938,78;2944,67;2941,72
Tesouro IPCA+;15/05/2035;09/04/2024;7,34;7,31;1916,04;1919,88;1917,96
Tesouro IPCA+;15/05/2045;09/04/2024;7,40;7,37;935,03;936,91;935,97
Tesouro IPCA+ com Juros Semestrais;15/08/2032;09/04/2024;7,32;7,29;2328,56;2333,23;2330,89
Tesouro IPCA+ com Juros Semestrais;15/08/2040;09/04/2024;7,38;7,35;1314,02;1316,65;1315,34
Tesouro IPCA+ com Juros Semestrais;15/05/2055;09/04/2024;7,47;7,44;450,04;450,94;450,49
Tesouro Selic;01/03/2029;09/04/2024;0,06;0,03;14188,57;14217,00;14202,78
Tesouro Prefixado;01/01/2027;10/04/2024;12,59;12,56;722,75;724,20;723,48
Tesouro Prefixado;01/01/2029;10/04/2024;12,45;12,42;573,75;574,90;574,32
Tesouro Prefixado;01/01/2031;10/04/2024;12,37;12,34;456,19;457,10;456,64
Tesouro Prefixado com Juros Semestrais;01/01/2033;10/04/2024;12,31;12,28;363,02;363,75;363,39
Tesouro Prefixado com Juros Semestrais;01/01/2035;10/04/2024;12,26;12,23;289,60;290,18;289,89
Tesouro Prefixado com Juros Semestrais;01/01/2037;10/04/2024;12,22;12,19;230,96;231,43;231,19
Tesouro IPCA+;15/05/2029;10/04/2024;7,25;7,22;2938,35;2944,23;2941,29
Tesouro IPCA+;15/05/2035;10/04/2024;7,37;7,34;1909,56;1913,39;1911,48
Tesouro IPCA+;15/05/2045;10/04/2024;7,50;7,47;916,75;918,59;917,67
Tesouro IPCA+ com Juros Semestrais;15/08/2032;10/04/2024;7,32;7,29;2328,89;2333,56;2331,22
Tesouro IPCA+ com Juros Semestrais;15/08/2040;10/04/2024;7,41;7,38;1307,94;1310,57;1309,25
Tesouro IPCA+ com Juros Semestrais;15/05/2055;10/04/2024;7,52;7,49;443,91;444,80;444,35
Tesouro Selic;01/03/2029;10/04/2024;0,05;0,02;14191,66;14220,10;14205,88
Tesouro Prefixado;01/01/2027;11/04/2024;12,48;12,45;725,00;726,45;725,72
Tesouro Prefixado;01/01/2029;11/04/2024;12,37;12,34;575,77;576,93;576,35
Tesouro Prefixado;01/01/2031;11/04/2024;12,29;12,26;458,69;459,60;459,14
Tesouro Prefixado com Juros Semestrais;01/01/2033;11/04/2024;12,19;12,16;366,61;367,35;366,98
Tesouro Prefixado com Juros Semestrais;01/01/2035;11/04/2024;12,15;12,12;292,52;293,10;292,81
Tesouro Prefixado com Juros Semestrais;01/01/2037;11/04/2024;12,11;12,08;233,90;234,37;234,14
Tesouro IPCA+;15/05/2029;11/04/2024;7,23;7,20;2941,34;2947,24;2944,29
Tesouro IPCA+;15/05/2035;11/04/2024;7,36;7,33;1912,82;1916,65;1914,74
Tesouro IPCA+;15/05/2045;11/04/2024;7,48;7,45;919,92;921,77;920,84
Tesouro IPCA+ com Juros Semestrais;15/08/2032;11/04/2024;7,33;7,30;2328,02;2332,68;2330,35
Tesouro IPCA+ com Juros Semestrais;15/08/2040;11/04/2024;7,39;7,36;1313,15;1315,79;1314,47
Tesouro IPCA+ com Juros Semestrais;15/05/2055;11/04/2024;7,51;7,48;445,34;446,23;445,79
Tesouro Selic;01/03/2029;11/04/2024;0,06;0,03;14194,75;14223,20;14208,98
Tesouro Prefixado;01/01/2027;12/04/2024;12,44;12,41;725,80;727,25;726,53
Tesouro Prefixado;01/01/2029;12/04/2024;12,29;12,26;578,07;579,23;578,65
Tesouro Prefixado;01/01/2031;12/04/2024;12,22;12,19;460,66;461,59;461,13
Tesouro Prefixado com Juros Semestrais;01/01/2033;12/04/2024;12,10;12,07;369,42;370,16;369,79
Tesouro Prefixado com Juros Semestrais;01/01/2035;12/04/2024;12,04;12,01;295,90;296,49;296,19
Tesouro Prefixado com Juros Semestrais;01/01/2037;12/04/2024;12,05;12,02;235,37;235,84;235,61
Tesouro IPCA+;15/05/2029;12/04/2024;7,21;7,18;2945,31;2951,21;2948,26
Tesouro IPCA+;15/05/2035;12/04/2024;7,32;7,29;1920,57;1924,42;1922,49
Tesouro IPCA+;15/05/2045;12/04/2024;7,44;7,41;927,37;929,23;928,30
Tesouro IPCA+ com Juros Semestrais;15/08/2032;12/04/2024;7,32;7,29;2329,95;2334,62;2332,29
Tesouro IPCA+ com Juros Semestrais;15/08/2040;12/04/2024;7,39;7,36;1313,88;1316,51;1315,20
Tesouro IPCA+ com Juros Semestrais;15/05/2055;12/04/2024;7,44;7,41;453,95;454,86;454,41
Tesouro Selic;01/03/2029;12/04/2024;0,06;0,03;14197,85;14226,30;14212,07
Tesouro Prefixado;01/01/2027;15/04/2024;12,51;12,48;725,28;726,73;726,01
Tesouro Prefixado;01/01/2029;15/04/2024;12,37;12,34;576,70;577,85;577,28
Tesouro Prefixado;01/01/2031;15/04/2024;12,27;12,24;459,84;460,76;460,30
Tesouro Prefixado com Juros Semestrais;01/01/2033;15/04/2024;12,20;12,17;366,86;367,60;367,23
Tesouro Prefixado com Juros Semestrais;01/01/2035;15/04/2024;12,16;12,13;292,64;293,23;292,93
Tesouro Prefixado com Juros Semestrais;01/01/2037;15/04/2024;12,13;12,10;233,58;234,05;233,81
Tesouro IPCA+;15/05/2029;15/04/2024;7,25;7,22;2941,78;2947,68;2944,73
Tesouro IPCA+;15/05/2035;15/04/2024;7,36;7,33;1915,02;1918,86;1916,94
Tesouro IPCA+;15/05/2045;15/04/2024;7,45;7,42;927,56;929,42;928,49
Tesouro IPCA+ com Juros Semestrais;15/08/2032;15/04/2024;7,29;7,26;2337,28;2341,97;2339,63
Tesouro IPCA+ com Juros Semestrais;15/08/2040;15/04/2024;7,40;7,37;1312,44;1315,07;1313,76
Tesouro IPCA+ com Juros Semestrais;15/05/2055;15/04/2024;7,52;7,49;443,85;444,74;444,29
Tesouro Selic;01/03/2029;15/04/2024;0,05;0,02;14200,94;14229,40;14215,17
Tesouro Prefixado;01/01/2027;16/04/2024;12,55;12,52;724,84;726,29;725,57
Tesouro Prefixado;01/01/2029;16/04/2024;12,36;12,33;576,94;578,10;577,52
Tesouro Prefixado;01/01/2031;16/04/2024;12,25;12,22;460,36;461,28;460,82
Tesouro Prefixado com Juros Semestrais;01/01/2033;16/04/2024;12,20;12,17;366,91;367,64;367,27
Tesouro Prefixado com Juros Semestrais;01/01/2035;16/04/2024;12,14;12,11;293,35;293,94;293,64
Tesouro Prefixado com Juros Semestrais;01/01/2037;16/04/2024;12,10;12,07;234,43;234,90;234,67
Tesouro IPCA+;15/05/2029;16/04/2024;7,26;7,23;2940,16;2946,06;2943,11
Tesouro IPCA+;15/05/2035;16/04/2024;7,34;7,31;1918,51;1922,35;1920,43
Tesouro IPCA+;15/05/2045;16/04/2024;7,45;7,42;927,58;929,44;928,51
Tesouro IPCA+ com Juros Semestrais;15/08/2032;16/04/2024;7,36;7,33;2325,65;2330,31;2327,98
Tesouro IPCA+ com Juros Semestrais;15/08/2040;16/04/2024;7,46;7,43;1301,03;1303,64;1302,34
Tesouro IPCA+ com Juros Semestrais;15/05/2055;16/04/2024;7,52;7,49;444,05;444,94;444,50
Tesouro Selic;01/03/2029;16/04/2024;0,05;0,02;14204,03;14232,50;14218,27
Tesouro Prefixado;01/01/2027;17/04/2024;12,57;12,54;724,74;726,20;725,47
Tesouro Prefixado;01/01/2029;17/04/2024;12,38;12,35;576,79;577,95;577,37
Tesouro Prefixado;01/01/2031;17/04/2024;12,26;12,23;460,40;461,32;460,86
Tesouro Prefixado com Juros Semestrais;01/01/2033;17/04/2024;12,18;12,15;367,74;368,48;368,11
Tesouro Prefixado com Juros Semestrais;01/01/2035;17/04/2024;12,13;12,10;293,71;294,30;294,01
Tesouro Prefixado com Juros Semestrais;01/01/2037;17/04/2024;12,08;12,05;234,99;235,46;235,23
Tesouro IPCA+;15/05/2029;17/04/2024;7,21;7,18;2948,54;2954,45;2951,50
Tesouro IPCA+;15/05/2035;17/04/2024;7,34;7,31;1919,10;1922,94;1921,02
Tesouro IPCA+;15/05/2045;17/04/2024;7,44;7,41;928,81;930,67;929,74
Tesouro IPCA+ com Juros Semestrais;15/08/2032;17/04/2024;7,28;7,25;2339,66;2344,35;2342,00
Tesouro IPCA+ com Juros Semestrais;15/08/2040;17/04/2024;7,40;7,37;1312,77;1315,40;1314,08
Tesouro IPCA+ com Juros Semestrais;15/05/2055;17/04/2024;7,48;7,45;449,27;450,17;449,72
Tesouro Selic;01/03/2029;17/04/2024;0,06;0,03;14207,13;14235,60;14221,36
Tesouro Prefixado;01/01/2027;18/04/2024;12,51;12,48;726,03;727,48;726,75
Tesouro Prefixado;01/01/2029;18/04/2024;12,42;12,39;576,07;577,23;576,65
Tesouro Prefixado;01/01/2031;18/04/2024;12,29;12,26;459,57;460,49;460,03
Tesouro Prefixado com Juros Semestrais;01/01/2033;18/04/2024;12,23;12,20;366,37;367,10;366,74
Tesouro Prefixado com Juros Semestrais;01/01/2035;18/04/2024;12,15;12,12;293,29;293,87;293,58
Tesouro Prefixado com Juros Semestrais;01/01/2037;18/04/2024;12,13;12,10;233,72;234,19;233,96
Tesouro IPCA+;15/05/2029;18/04/2024;7,23;7,20;2946,03;2951,93;2948,98
Tesouro IPCA+;15/05/2035;18/04/2024;7,36;7,33;1916,08;1919,92;1918,00
Tesouro IPCA+;15/05/2045;18/04/2024;7,45;7,42;926,84;928,70;927,77
Tesouro IPCA+ com Juros Semestrais;15/08/2032;18/04/2024;7,30;7,27;2337,07;2341,76;2339,42
Tesouro IPCA+ com Juros Semestrais;15/08/2040;18/04/2024;7,41;7,38;1311,29;1313,91;1312,60
Tesouro IPCA+ com Juros Semestrais;15/05/2055;18/04/2024;7,53;7,50;443,24;444,13;443,68
Tesouro Selic;01/03/2029;18/04/2024;0,05;0,02;14210,22;14238,70;14224,46
Tesouro Prefixado;01/01/2027;19/04/2024;12,57;12,54;725,17;726,62;725,89
Tesouro Prefixado;01/01/2029;19/04/2024;12,38;12,35;577,01;578,17;577,59
Tesouro Prefixado;01/01/2031;19/04/2024;12,32;12,29;458,91;459,83;459,37
Tesouro Prefixado com Juros Semestrais;01/01/2033;19/04/2024;12,26;12,23;365,46;366,19;365,83
Tesouro Prefixado com Juros Semestrais;01/01/2035;19/04/2024;12,20;12,17;291,95;292,54;292,25
Tesouro Prefixado com Juros Semestrais;01/01/2037;19/04/2024;12,13;12,10;233,94;234,41;234,18
Tesouro IPCA+;15/05/2029;19/04/2024;7,19;7,16;2951,57;2957,49;2954,53
Tesouro IPCA+;15/05/2035;19/04/2024;7,32;7,29;1922,70;1926,55;1924,62
Tesouro IPCA+;15/05/2045;19/04/2024;7,41;7,38;935,36;937,23;936,29
Tesouro IPCA+ com Juros Semestrais;15/08/2032;19/04/2024;7,33;7,30;2331,28;2335,95;2333,61
Tesouro IPCA+ com Juros Semestrais;15/08/2040;19/04/2024;7,38;7,35;1316,06;1318,70;1317,38
Tesouro IPCA+ com Juros Semestrais;15/05/2055;19/04/2024;7,48;7,45;449,76;450,66;450,21
Tesouro Selic;01/03/2029;19/04/2024;0,06;0,03;14213,32;14241,80;14227,56
Tesouro Prefixado;01/01/2027;22/04/2024;12,54;12,51;726,46;727,92;727,19
Tesouro Prefixado;01/01/2029;22/04/2024;12,41;12,38;576,88;578,04;577,46
Tesouro Prefixado;01/01/2031;22/04/2024;12,28;12,25;460,33;461,26;460,80
Tesouro Prefixado com Juros Semestrais;01/01/2033;22/04/2024;12,22;12,19;367,07;367,81;367,44
Tesouro Prefixado com Juros Semestrais;01/01/2035;22/04/2024;12,17;12,14;293,10;293,68;293,39
Tesouro Prefixado com Juros Semestrais;01/01/2037;22/04/2024;12,16;12,13;233,19;233,66;233,43
Tesouro IPCA+;15/05/2029;22/04/2024;7,17;7,14;2956,32;2962,24;2959,28
Tesouro IPCA+;15/05/2035;22/04/2024;7,28;7,25;1932,84;1936,71;1934,78
Tesouro IPCA+;15/05/2045;22/04/2024;7,41;7,38;936,07;937,95;937,01
Tesouro IPCA+ com Juros Semestrais;15/08/2032;22/04/2024;7,26;7,23;2345,21;2349,91;2347,56
Tesouro IPCA+ com Juros Semestrais;15/08/2040;22/04/2024;7,39;7,36;1316,34;1318,98;1317,66
Tesouro IPCA+ com Juros Semestrais;15/05/2055;22/04/2024;7,43;7,40;456,41;457,32;456,87
Tesouro Selic;01/03/2029;22/04/2024;0,07;0,04;14216,41;14244,90;14230,66
Tesouro Prefixado;01/01/2027;23/04/2024;12,62;12,59;725,31;726,77;726,04
Tesouro Prefixado;01/01/2029;23/04/2024;12,49;12,46;575,22;576,37;575,80
Tesouro Prefixado;01/01/2031;23/04/2024;12,37;12,34;458,20;459,12;458,66
Tesouro Prefixado com Juros Semestrais;01/01/2033;23/04/2024;12,28;12,25;365,58;366,31;365,95
Tesouro Prefixado com Juros Semestrais;01/01/2035;23/04/2024;12,23;12,20;291,47;292,06;291,77
Tesouro Prefixado com Juros Semestrais;01/01/2037;23/04/2024;12,18;12,15;232,93;233,40;233,17
Tesouro IPCA+;15/05/2029;23/04/2024;7,16;7,13;2957,88;2963,80;2960,84
Tesouro IPCA+;15/05/2035;23/04/2024;7,28;7,25;1934,02;1937,90;1935,96
Tesouro IPCA+;15/05/2045;23/04/2024;7,40;7,37;937,78;939,66;938,72
Tesouro IPCA+ com Juros Semestrais;15/08/2032;23/04/2024;7,25;7,22;2348,74;2353,44;2351,09
Tesouro IPCA+ com Juros Semestrais;15/08/2040;23/04/2024;7,35;7,32;1323,85;1326,50;1325,18
Tesouro IPCA+ com Juros Semestrais;15/05/2055;23/04/2024;7,49;7,46;449,09;449,99;449,54
Tesouro Selic;01/03/2029;23/04/2024;0,07;0,04;14219,50;14248,00;14233,75
Tesouro Prefixado;01/01/2027;24/04/2024;12,70;12,67;724,26;725,71;724,98
Tesouro Prefixado;01/01/2029;24/04/2024;12,59;12,56;573,09;574,24;573,66
Tesouro Prefixado;01/01/2031;24/04/2024;12,45;12,42;456,17;457,09;456,63
Tesouro Prefixado com Juros Semestrais;01/01/2033;24/04/2024;12,42;12,39;361,63;362,35;361,99
Tesouro Prefixado com Juros Semestrais;01/01/2035;24/04/2024;12,31;12,28;289,44;290,02;289,73
Tesouro Prefixado com Juros Semestrais;01/01/2037;24/04/2024;12,27;12,24;230,67;231,13;230,90
Tesouro IPCA+;15/05/2029;24/04/2024;7,24;7,21;2947,51;2953,42;2950,46
Tesouro IPCA+;15/05/2035;24/04/2024;7,36;7,33;1917,81;1921,65;1919,73
Tesouro IPCA+;15/05/2045;24/04/2024;7,43;7,40;931,51;933,38;932,45
Tesouro IPCA+ com Juros Semestrais;15/08/2032;24/04/2024;7,31;7,28;2337,61;2342,30;2339,95
Tesouro IPCA+ com Juros Semestrais;15/08/2040;24/04/2024;7,40;7,37;1314,26;1316,89;1315,57
Tesouro IPCA+ com Juros Semestrais;15/05/2055;24/04/2024;7,50;7,47;447,33;448,22;447,78
Tesouro Selic;01/03/2029;24/04/2024;0,06;0,03;14222,60;14251,10;14236,85
Tesouro Prefixado;01/01/2027;25/04/2024;12,63;12,60;725,57;727,02;726,30
Tesouro Prefixado;01/01/2029;25/04/2024;12,46;12,43;576,37;577,53;576,95
Tesouro Prefixado;01/01/2031;25/04/2024;12,38;12,35;458,12;459,04;458,58
Tesouro Prefixado com Juros Semestrais;01/01/2033;25/04/2024;12,34;12,31;364,17;364,90;364,53
Tesouro Prefixado com Juros Semestrais;01/01/2035;25/04/2024;12,27;12,24;290,70;291,28;290,99
Tesouro Prefixado com Juros Semestrais;01/01/2037;25/04/2024;12,23;12,20;231,79;232,25;232,02
Tesouro IPCA+;15/05/2029;25/04/2024;7,26;7,23;2945,93;2951,83;2948,88
Tesouro IPCA+;15/05/2035;25/04/2024;7,36;7,33;1918,71;1922,55;1920,63
Tesouro IPCA+;15/05/2045;25/04/2024;7,44;7,41;929,76;931,62;930,69
Tesouro IPCA+ com Juros Semestrais;15/08/2032;25/04/2024;7,33;7,30;2334,85;2339,53;2337,19
Tesouro IPCA+ com Juros Semestrais;15/08/2040;25/04/2024;7,43;7,40;1309,26;1311,88;1310,57
Tesouro IPCA+ com Juros Semestrais;15/05/2055;25/04/2024;7,53;7,50;443,64;444,52;444,08
Tesouro Selic;01/03/2029;25/04/2024;0,06;0,03;14225,69;14254,20;14239,95
Tesouro Prefixado;01/01/2027;26/04/2024;12,70;12,67;724,71;726,16;725,44
Tesouro Prefixado;01/01/2029;26/04/2024;12,51;12,48;575,31;576,46;575,89
Tesouro Prefixado;01/01/2031;26/04/2024;12,42;12,39;457,26;458,17;457,71
Tesouro Prefixado com Juros Semestrais;01/01/2033;26/04/2024;12,34;12,31;364,27;365,00;364,63
Tesouro Prefixado com Juros Semestrais;01/01/2035;26/04/2024;12,28;12,25;290,33;290,91;290,62
Tesouro Prefixado com Juros Semestrais;01/01/2037;26/04/2024;12,25;12,22;231,24;231,71;231,48
Tesouro IPCA+;15/05/2029;26/04/2024;7,28;7,25;2943,80;2949,70;2946,75
Tesouro IPCA+;15/05/2035;26/04/2024;7,40;7,37;1910,67;1914,50;1912,58
Tesouro IPCA+;15/05/2045;26/04/2024;7,47;7,44;925,71;927,57;926,64
Tesouro IPCA+ com Juros Semestrais;15/08/2032;26/04/2024;7,36;7,33;2328,83;2333,50;2331,16
Tesouro IPCA+ com Juros Semestrais;15/08/2040;26/04/2024;7,44;7,41;1306,44;1309,05;1307,74
Tesouro IPCA+ com Juros Semestrais;15/05/2055;26/04/2024;7,52;7,49;444,46;445,35;444,90
Tesouro Selic;01/03/2029;26/04/2024;0,05;0,02;14228,79;14257,30;14243,04
Tesouro Prefixado;01/01/2027;29/04/2024;12,66;12,63;725,97;727,43;726,70
Tesouro Prefixado;01/01/2029;29/04/2024;12,53;12,50;575,41;576,56;575,99
Tesouro Prefixado;01/01/2031;29/04/2024;12,42;12,39;457,63;458,55;458,09
Tesouro Prefixado com Juros Semestrais;01/01/2033;29/04/2024;12,34;12,31;364,56;365,30;364,93
Tesouro Prefixado com Juros Semestrais;01/01/2035;29/04/2024;12,33;12,30;289,33;289,91;289,62
Tesouro Prefixado com Juros Semestrais;01/01/2037;29/04/2024;12,24;12,21;231,59;232,05;231,82
Tesouro IPCA+;15/05/2029;29/04/2024;7,29;7,26;2942,98;2948,87;2945,92
Tesouro IPCA+;15/05/2035;29/04/2024;7,39;7,36;1913,50;1917,33;1915,42
Tesouro IPCA+;15/05/2045;29/04/2024;7,49;7,46;921,39;923,24;922,31
Tesouro IPCA+ com Juros Semestrais;15/08/2032;29/04/2024;7,33;7,30;2336,01;2340,70;2338,36
Tesouro IPCA+ com Juros Semestrais;15/08/2040;29/04/2024;7,46;7,43;1303,72;1306,34;1305,03
Tesouro IPCA+ com Juros Semestrais;15/05/2055;29/04/2024;7,56;7,53;440,52;441,40;440,96
Tesouro Selic;01/03/2029;29/04/2024;0,06;0,03;14231,88;14260,40;14246,14
Tesouro Prefixado;01/01/2027;30/04/2024;12,64;12,61;726,65;728,10;727,37
Tesouro Prefixado;01/01/2029;30/04/2024;12,52;12,49;575,76;576,91;576,33
Tesouro Prefixado;01/01/2031;30/04/2024;12,37;12,34;459,05;459,97;459,51
Tesouro Prefixado com Juros Semestrais;01/01/2033;30/04/2024;12,33;12,30;364,95;365,68;365,32
Tesouro Prefixado com Juros Semestrais;01/01/2035;30/04/2024;12,28;12,25;290,78;291,36;291,07
Tesouro Prefixado com Juros Semestrais;01/01/2037;30/04/2024;12,20;12,17;232,92;233,39;233,15
Tesouro IPCA+;15/05/2029;30/04/2024;7,38;7,35;2932,13;2938,01;2935,07
Tesouro IPCA+;15/05/2035;30/04/2024;7,48;7,45;1896,67;1900,47;1898,57
Tesouro IPCA+;15/05/2045;30/04/2024;7,55;7,52;910,85;912,68;911,77
Tesouro IPCA+ com Juros Semestrais;15/08/2032;30/04/2024;7,43;7,40;2318,61;2323,25;2320,93
Tesouro IPCA+ com Juros Semestrais;15/08/2040;30/04/2024;7,54;7,51;1288,38;1290,96;1289,67
Tesouro IPCA+ com Juros Semestrais;15/05/2055;30/04/2024;7,63;7,60;431,71;432,57;432,14
Tesouro Selic;01/03/2029;30/04/2024;0,05;0,02;14234,97;14263,50;14249,24
Tesouro Prefixado;01/01/2027;01/05/2024;12,68;12,65;726,15;727,61;726,88
Tesouro Prefixado;01/01/2029;01/05/2024;12,49;12,46;576,65;577,80;577,23
Tesouro Prefixado;01/01/2031;01/05/2024;12,41;12,38;458,32;459,24;458,78
Tesouro Prefixado com Juros Semestrais;01/01/2033;01/05/2024;12,34;12,31;364,81;365,54;365,18
Tesouro Prefixado com Juros Semestrais;01/01/2035;01/05/2024;12,28;12,25;290,90;291,49;291,19
Tesouro Prefixado com Juros Semestrais;01/01/2037;01/05/2024;12,23;12,20;232,12;232,58;232,35
Tesouro IPCA+;15/05/2029;01/05/2024;7,34;7,31;2937,74;2943,63;2940,68
Tesouro IPCA+;15/05/2035;01/05/2024;7,45;7,42;1901,81;1905,62;1903,72
Tesouro IPCA+;15/05/2045;01/05/2024;7,55;7,52;911,73;913,55;912,64
Tesouro IPCA+ com Juros Semestrais;15/08/2032;01/05/2024;7,44;7,41;2317,65;2322,30;2319,98
Tesouro IPCA+ com Juros Semestrais;15/08/2040;01/05/2024;7,52;7,49;1291,58;1294,17;1292,87
Tesouro IPCA+ com Juros Semestrais;15/05/2055;01/05/2024;7,64;7,61;430,93;431,79;431,36
Tesouro Selic;01/03/2029;01/05/2024;0,06;0,03;14238,07;14266,60;14252,33
Tesouro Prefixado;01/01/2027;02/05/2024;12,65;12,62;726,84;728,30;727,57
Tesouro Prefixado;01/01/2029;02/05/2024;12,52;12,49;576,05;577,20;576,62
Tesouro Prefixado;01/01/2031;02/05/2024;12,42;12,39;458,08;459,00;458,54
Tesouro Prefixado com Juros Semestrais;01/01/2033;02/05/2024;12,33;12,30;365,13;365,87;365,50
Tesouro Prefixado com Juros Semestrais;01/01/2035;02/05/2024;12,25;12,22;291,90;292,48;292,19
Tesouro Prefixado com Juros Semestrais;01/01/2037;02/05/2024;12,17;12,14;233,62;234,09;233,86
Tesouro IPCA+;15/05/2029;02/05/2024;7,32;7,29;2941,09;2946,98;2944,03
Tesouro IPCA+;15/05/2035;02/05/2024;7,49;7,46;1894,59;1898,38;1896,49
Tesouro IPCA+;15/05/2045;02/05/2024;7,58;7,55;906,19;908,01;907,10
Tesouro IPCA+ com Juros Semestrais;15/08/2032;02/05/2024;7,42;7,39;2321,71;2326,36;2324,03
Tesouro IPCA+ com Juros Semestrais;15/08/2040;02/05/2024;7,57;7,54;1283,01;1285,58;1284,29
Tesouro IPCA+ com Juros Semestrais;15/05/2055;02/05/2024;7,59;7,56;436,39;437,27;436,83
Tesouro Selic;01/03/2029;02/05/2024;0,06;0,03;14241,16;14269,70;14255,43
Tesouro Prefixado;01/01/2027;03/05/2024;12,59;12,56;728,26;729,72;728,99
Tesouro Prefixado;01/01/2029;03/05/2024;12,38;12,35;579,66;580,82;580,24
Tesouro Prefixado;01/01/2031;03/05/2024;12,26;12,23;462,62;463,55;463,09
Tesouro Prefixado com Juros Semestrais;01/01/2033;03/05/2024;12,20;12,17;369,01;369,75;369,38
Tesouro Prefixado com Juros Semestrais;01/01/2035;03/05/2024;12,15;12,12;294,68;295,27;294,98
Tesouro Prefixado com Juros Semestrais;01/01/2037;03/05/2024;12,08;12,05;236,13;236,61;236,37
Tesouro IPCA+;15/05/2029;03/05/2024;7,29;7,26;2946,53;2952,43;2949,48
Tesouro IPCA+;15/05/2035;03/05/2024;7,43;7,40;1907,16;1910,98;1909,07
Tesouro IPCA+;15/05/2045;03/05/2024;7,48;7,45;924,20;926,05;925,13
Tesouro IPCA+ com Juros Semestrais;15/08/2032;03/05/2024;7,40;7,37;2325,74;2330,40;2328,07
Tesouro IPCA+ com Juros Semestrais;15/08/2040;03/05/2024;7,49;7,46;1299,05;1301,66;1300,35
Tesouro IPCA+ com Juros Semestrais;15/05/2055;03/05/2024;7,55;7,52;441,97;442,85;442,41
Tesouro Selic;01/03/2029;03/05/2024;0,06;0,03;14244,25;14272,80;14258,53
Tesouro Prefixado;01/01/2027;06/05/2024;12,58;12,55;728,99;730,45;729,72
Tesouro Prefixado;01/01/2029;06/05/2024;12,40;12,37;579,68;580,84;580,26
Tesouro Prefixado;01/01/2031;06/05/2024;12,28;12,25;462,38;463,31;462,84
Tesouro Prefixado com Juros Semestrais;01/01/2033;06/05/2024;12,19;12,16;369,64;370,38;370,01
Tesouro Prefixado com Juros Semestrais;01/01/2035;06/05/2024;12,14;12,11;295,19;295,79;295,49
Tesouro Prefixado com Juros Semestrais;01/01/2037;06/05/2024;12,09;12,06;236,16;236,63;236,39
Tesouro IPCA+;15/05/2029;06/05/2024;7,33;7,30;2941,70;2947,59;2944,64
Tesouro IPCA+;15/05/2035;06/05/2024;7,45;7,42;1903,43;1907,24;1905,33
Tesouro IPCA+;15/05/2045;06/05/2024;7,54;7,51;914,39;916,22;915,30
Tesouro IPCA+ com Juros Semestrais;15/08/2032;06/05/2024;7,42;7,39;2323,85;2328,51;2326,18
Tesouro IPCA+ com Juros Semestrais;15/08/2040;06/05/2024;7,53;7,50;1292,31;1294,90;1293,60
Tesouro IPCA+ com Juros Semestrais;15/05/2055;06/05/2024;7,58;7,55;438,60;439,48;439,04
Tesouro Selic;01/03/2029;06/05/2024;0,05;0,02;14247,35;14275,90;14261,62
Tesouro Prefixado;01/01/2027;07/05/2024;12,61;12,58;728,75;730,21;729,48
Tesouro Prefixado;01/01/2029;07/05/2024;12,43;12,40;579,30;580,46;579,88
Tesouro Prefixado;01/01/2031;07/05/2024;12,33;12,30;461,38;462,31;461,85
Tesouro Prefixado com Juros Semestrais;01/01/2033;07/05/2024;12,24;12,21;368,34;369,08;368,71
Tesouro Prefixado com Juros Semestrais;01/01/2035;07/05/2024;12,16;12,13;294,73;295,32;295,02
Tesouro Prefixado com Juros Semestrais;01/01/2037;07/05/2024;12,09;12,06;236,16;236,63;236,39
Tesouro IPCA+;15/05/2029;07/05/2024;7,38;7,35;2935,13;2941,01;2938,07
Tesouro IPCA+;15/05/2035;07/05/2024;7,45;7,42;1904,84;1908,65;1906,74
Tesouro IPCA+;15/05/2045;07/05/2024;7,56;7,53;912,01;913,84;912,92
Tesouro IPCA+ com Juros Semestrais;15/08/2032;07/05/2024;7,40;7,37;2328,02;2332,69;2330,35
Tesouro IPCA+ com Juros Semestrais;15/08/2040;07/05/2024;7,54;7,51;1290,66;1293,25;1291,96
Tesouro IPCA+ com Juros Semestrais;15/05/2055;07/05/2024;7,62;7,59;432,97;433,84;433,41
Tesouro Selic;01/03/2029;07/05/2024;0,06;0,03;14250,44;14279,00;14264,72
Tesouro Prefixado;01/01/2027;08/05/2024;12,55;12,52;730,09;731,55;730,82
Tesouro Prefixado;01/01/2029;08/05/2024;12,39;12,36;580,31;581,47;580,89
Tesouro Prefixado;01/01/2031;08/05/2024;12,28;12,25;462,67;463,59;463,13
Tesouro Prefixado com Juros Semestrais;01/01/2033;08/05/2024;12,15;12,12;370,86;371,61;371,24
Tesouro Prefixado com Juros Semestrais;01/01/2035;08/05/2024;12,14;12,11;295,30;295,89;295,60
Tesouro Prefixado com Juros Semestrais;01/01/2037;08/05/2024;12,13;12,10;235,39;235,86;235,62
Tesouro IPCA+;15/05/2029;08/05/2024;7,34;7,31;2942,15;2948,05;2945,10
Tesouro IPCA+;15/05/2035;08/05/2024;7,50;7,47;1894,72;1898,51;1896,62
Tesouro IPCA+;15/05/2045;08/05/2024;7,54;7,51;914,23;916,06;915,15
Tesouro IPCA+ com Juros Semestrais;15/08/2032;08/05/2024;7,41;7,38;2325,51;2330,17;2327,84
Tesouro IPCA+ com Juros Semestrais;15/08/2040;08/05/2024;7,51;7,48;1296,16;1298,76;1297,46
Tesouro IPCA+ com Juros Semestrais;15/05/2055;08/05/2024;7,60;7,57;435,57;436,45;436,01
Tesouro Selic;01/03/2029;08/05/2024;0,06;0,03;14253,54;14282,10;14267,82
Tesouro Prefixado;01/01/2027;09/05/2024;12,57;12,54;729,99;731,45;730,72
Tesouro Prefixado;01/01/2029;09/05/2024;12,44;12,41;579,27;580,43;579,85
Tesouro Prefixado;01/01/2031;09/05/2024;12,33;12,30;461,52;462,45;461,98
Tesouro Prefixado com Juros Semestrais;01/01/2033;09/05/2024;12,23;12,20;368,89;369,63;369,26
Tesouro Prefixado com Juros Semestrais;01/01/2035;09/05/2024;12,13;12,10;295,82;296,41;296,11
Tesouro Prefixado com Juros Semestrais;01/01/2037;09/05/2024;12,09;12,06;236,49;236,96;236,73
Tesouro IPCA+;15/05/2029;09/05/2024;7,30;7,27;2948,35;2954,26;2951,31
Tesouro IPCA+;15/05/2035;09/05/2024;7,42;7,39;1910,75;1914,58;1912,66
Tesouro IPCA+;15/05/2045;09/05/2024;7,50;7,47;922,76;924,61;923,69
Tesouro IPCA+ com Juros Semestrais;15/08/2032;09/05/2024;7,38;7,35;2332,20;2336,88;2334,54
Tesouro IPCA+ com Juros Semestrais;15/08/2040;09/05/2024;7,48;7,45;1302,62;1305,23;1303,93
Tesouro IPCA+ com Juros Semestrais;15/05/2055;09/05/2024;7,59;7,56;436,84;437,71;437,28
Tesouro Selic;01/03/2029;09/05/2024;0,06;0,03;14256,63;14285,20;14270,91
Tesouro Prefixado;01/01/2027;10/05/2024;12,69;12,66;728,18;729,64;728,91
Tesouro Prefixado;01/01/2029;10/05/2024;12,48;12,45;578,54;579,70;579,12
Tesouro Prefixado;01/01/2031;10/05/2024;12,37;12,34;460,58;461,51;461,04
Tesouro Prefixado com Juros Semestrais;01/01/2033;10/05/2024;12,27;12,24;367,85;368,59;368,22
Tesouro Prefixado com Juros Semestrais;01/01/2035;10/05/2024;12,23;12,20;293,19;293,78;293,48
Tesouro Prefixado com Juros Semestrais;01/01/2037;10/05/2024;12,16;12,13;234,48;234,95;234,72
Tesouro IPCA+;15/05/2029;10/05/2024;7,37;7,34;2938,30;2944,19;2941,25
Tesouro IPCA+;15/05/2035;10/05/2024;7,53;7,50;1890,19;1893,98;1892,09
Tesouro IPCA+;15/05/2045;10/05/2024;7,60;7,57;903,87;905,68;904,77
Tesouro IPCA+ com Juros Semestrais;15/08/2032;10/05/2024;7,46;7,43;2318,49;2323,13;2320,81
Tesouro IPCA+ com Juros Semestrais;15/08/2040;10/05/2024;7,52;7,49;1294,92;1297,51;1296,22
Tesouro IPCA+ com Juros Semestrais;15/05/2055;10/05/2024;7,59;7,56;437,05;437,93;437,49
Tesouro Selic;01/03/2029;10/05/2024;0,07;0,04;14259,72;14288,30;14274,01
Tesouro Prefixado;01/01/2027;13/05/2024;12,74;12,71;727,99;729,44;728,72
Tesouro Prefixado;01/01/2029;13/05/2024;12,53;12,50;577,97;579,13;578,55
Tesouro Prefixado;01/01/2031;13/05/2024;12,43;12,40;459,31;460,23;459,77
Tesouro Prefixado com Juros Semestrais;01/01/2033;13/05/2024;12,35;12,32;365,97;366,71;366,34
Tesouro Prefixado com Juros Semestrais;01/01/2035;13/05/2024;12,32;12,29;290,93;291,51;291,22
Tesouro Prefixado com Juros Semestrais;01/01/2037;13/05/2024;12,30;12,27;231,08;231,54;231,31
Tesouro IPCA+;15/05/2029;13/05/2024;7,34;7,31;2944,28;2950,18;2947,23
Tesouro IPCA+;15/05/2035;13/05/2024;7,51;7,48;1894,64;1898,44;1896,54
Tesouro IPCA+;15/05/2045;13/05/2024;7,56;7,53;911,71;913,54;912,62
Tesouro IPCA+ com Juros Semestrais;15/08/2032;13/05/2024;7,44;7,41;2322,27;2326,92;2324,60
Tesouro IPCA+ com Juros Semestrais;15/08/2040;13/05/2024;7,50;7,47;1299,20;1301,80;1300,50
Tesouro IPCA+ com Juros Semestrais;15/05/2055;13/05/2024;7,60;7,57;436,06;436,93;436,50
Tesouro Selic;01/03/2029;13/05/2024;0,05;0,02;14262,82;14291,40;14277,11
Tesouro Prefixado;01/01/2027;14/05/2024;12,76;12,73;727,89;729,35;728,62
Tesouro Prefixado;01/01/2029;14/05/2024;12,56;12,53;577,33;578,49;577,91
Tesouro Prefixado;01/01/2031;14/05/2024;12,44;12,41;459,17;460,09;459,63
Tesouro Prefixado com Juros Semestrais;01/01/2033;14/05/2024;12,35;12,32;365,85;366,58;366,21
Tesouro Prefixado com Juros Semestrais;01/01/2035;14/05/2024;12,32;12,29;290,94;291,53;291,24
Tesouro Prefixado com Juros Semestrais;01/01/2037;14/05/2024;12,21;12,18;233,48;233,94;233,71
Tesouro IPCA+;15/05/2029;14/05/2024;7,30;7,27;2951,13;2957,04;2954,09
Tesouro IPCA+;15/05/2035;14/05/2024;7,43;7,40;1912,01;1915,84;1913,92
Tesouro IPCA+;15/05/2045;14/05/2024;7,51;7,48;921,49;923,33;922,41
Tesouro IPCA+ com Juros Semestrais;15/08/2032;14/05/2024;7,39;7,36;2332,79;2337,46;2335,13
Tesouro IPCA+ com Juros Semestrais;15/08/2040;14/05/2024;7,47;7,44;1306,33;1308,95;1307,64
Tesouro IPCA+ com Juros Semestrais;15/05/2055;14/05/2024;7,53;7,50;444,75;445,64;445,20
Tesouro Selic;01/03/2029;14/05/2024;0,07;0,04;14265,91;14294,50;14280,21
Tesouro Prefixado;01/01/2027;15/05/2024;12,85;12,82;726,62;728,07;727,35
Tesouro Prefixado;01/01/2029;15/05/2024;12,67;12,64;575,08;576,24;575,66
Tesouro Prefixado;01/01/2031;15/05/2024;12,52;12,49;457,27;458,19;457,73
Tesouro Prefixado com Juros Semestrais;01/01/2033;15/05/2024;12,43;12,40;363,94;364,67;364,30
Tesouro Prefixado com Juros Semestrais;01/01/2035;15/05/2024;12,37;12,34;289,59;290,17;289,88
Tesouro Prefixado com Juros Semestrais;01/01/2037;15/05/2024;12,28;12,25;231,95;232,41;232,18
Tesouro IPCA+;15/05/2029;15/05/2024;7,34;7,31;2945,91;2951,81;2948,86
Tesouro IPCA+;15/05/2035;15/05/2024;7,46;7,43;1906,45;1910,27;1908,36
Tesouro IPCA+;15/05/2045;15/05/2024;7,55;7,52;914,15;915,98;915,07
Tesouro IPCA+ com Juros Semestrais;15/08/2032;15/05/2024;7,41;7,38;2329,49;2334,16;2331,82
Tesouro IPCA+ com Juros Semestrais;15/08/2040;15/05/2024;7,50;7,47;1300,05;1302,66;1301,35
Tesouro IPCA+ com Juros Semestrais;15/05/2055;15/05/2024;7,61;7,58;434,90;435,77;435,33
Tesouro Selic;01/03/2029;15/05/2024;0,06;0,03;14269,00;14297,60;14283,30
Tesouro Prefixado;01/01/2027;16/05/2024;12,86;12,83;726,65;728,11;727,38
Tesouro Prefixado;01/01/2029;16/05/2024;12,66;12,63;575,36;576,51;575,94
Tesouro Prefixado;01/01/2031;16/05/2024;12,54;12,51;456,91;457,82;457,37
Tesouro Prefixado com Juros Semestrais;01/01/2033;16/05/2024;12,50;12,47;362,03;362,76;362,39
Tesouro Prefixado com Juros Semestrais;01/01/2035;16/05/2024;12,42;12,39;288,43;289,01;288,72
Tesouro Prefixado com Juros Semestrais;01/01/2037;16/05/2024;12,32;12,29;230,86;231,33;231,09
Tesouro IPCA+;15/05/2029;16/05/2024;7,37;7,34;2941,96;2947,86;2944,91
Tesouro IPCA+;15/05/2035;16/05/2024;7,49;7,46;1899,79;1903,59;1901,69
Tesouro IPCA+;15/05/2045;16/05/2024;7,57;7,54;910,76;912,58;911,67
Tesouro IPCA+ com Juros Semestrais;15/08/2032;16/05/2024;7,46;7,43;2320,05;2324,70;2322,37
Tesouro IPCA+ com Juros Semestrais;15/08/2040;16/05/2024;7,55;7,52;1290,51;1293,10;1291,80
Tesouro IPCA+ com Juros Semestrais;15/05/2055;16/05/2024;7,65;7,62;430,03;430,90;430,46
Tesouro Selic;01/03/2029;16/05/2024;0,06;0,03;14272,10;14300,70;14286,40
Tesouro Prefixado;01/01/2027;17/05/2024;12,89;12,86;726,46;727,92;727,19
Tesouro Prefixado;01/01/2029;17/05/2024;12,72;12,69;574,27;575,42;574,84
Tesouro Prefixado;01/01/2031;17/05/2024;12,61;12,58;455,29;456,20;455,75
Tesouro Prefixado com Juros Semestrais;01/01/2033;17/05/2024;12,48;12,45;362,68;363,41;363,05
Tesouro Prefixado com Juros Semestrais;01/01/2035;17/05/2024;12,41;12,38;288,81;289,39;289,10
Tesouro Prefixado com Juros Semestrais;01/01/2037;17/05/2024;12,36;12,33;229,96;230,42;230,19
Tesouro IPCA+;15/05/2029;17/05/2024;7,36;7,33;2944,69;2950,59;2947,64
Tesouro IPCA+;15/05/2035;17/05/2024;7,43;7,40;1912,03;1915,86;1913,95
Tesouro IPCA+;15/05/2045;17/05/2024;7,54;7,51;915,82;917,65;916,74
Tesouro IPCA+ com Juros Semestrais;15/08/2032;17/05/2024;7,41;7,38;2330,90;2335,57;2333,24
Tesouro IPCA+ com Juros Semestrais;15/08/2040;17/05/2024;7,57;7,54;1286,21;1288,79;1287,50
Tesouro IPCA+ com Juros Semestrais;15/05/2055;17/05/2024;7,59;7,56;437,40;438,28;437,84
Tesouro Selic;01/03/2029;17/05/2024;0,06;0,03;14275,19;14303,80;14289,50
Tesouro Prefixado;01/01/2027;20/05/2024;12,86;12,83;727,63;729,09;728,36
Tesouro Prefixado;01/01/2029;20/05/2024;12,64;12,61;576,73;577,89;577,31
Tesouro Prefixado;01/01/2031;20/05/2024;12,52;12,49;458,09;459,01;458,55
Tesouro Prefixado com Juros Semestrais;01/01/2033;20/05/2024;12,42;12,39;364,68;365,41;365,04
Tesouro Prefixado com Juros Semestrais;01/01/2035;20/05/2024;12,34;12,31;291,00;291,59;291,30
Tesouro Prefixado com Juros Semestrais;01/01/2037;20/05/2024;12,30;12,27;231,78;232,24;232,01
Tesouro IPCA+;15/05/2029;20/05/2024;7,43;7,40;2936,29;2942,17;2939,23
Tesouro IPCA+;15/05/2035;20/05/2024;7,52;7,49;1896,57;1900,37;1898,47
Tesouro IPCA+;15/05/2045;20/05/2024;7,61;7,58;904,36;906,17;905,26
Tesouro IPCA+ com Juros Semestrais;15/08/2032;20/05/2024;7,53;7,50;2310,13;2314,76;2312,45
Tesouro IPCA+ com Juros Semestrais;15/08/2040;20/05/2024;7,59;7,56;1284,45;1287,02;1285,74
Tesouro IPCA+ com Juros Semestrais;15/05/2055;20/05/2024;7,68;7,65;426,64;427,50;427,07
Tesouro Selic;01/03/2029;20/05/2024;0,06;0,03;14278,29;14306,90;14292,59
Tesouro Prefixado;01/01/2027;21/05/2024;12,82;12,79;728,63;730,09;729,36
Tesouro Prefixado;01/01/2029;21/05/2024;12,64;12,61;576,76;577,92;577,34
Tesouro Prefixado;01/01/2031;21/05/2024;12,51;12,48;458,35;459,27;458,81
Tesouro Prefixado com Juros Semestrais;01/01/2033;21/05/2024;12,46;12,43;363,80;364,53;364,16
Tesouro Prefixado com Juros Semestrais;01/01/2035;21/05/2024;12,34;12,31;290,95;291,53;291,24
Tesouro Prefixado com Juros Semestrais;01/01/2037;21/05/2024;12,25;12,22;232,92;233,39;233,16
Tesouro IPCA+;15/05/2029;21/05/2024;7,46;7,43;2933,10;2938,98;2936,04
Tesouro IPCA+;15/05/2035;21/05/2024;7,56;7,53;1888,09;1891,88;1889,98
Tesouro IPCA+;15/05/2045;21/05/2024;7,67;7,64;893,94;895,73;894,84
Tesouro IPCA+ com Juros Semestrais;15/08/2032;21/05/2024;7,53;7,50;2310,09;2314,72;2312,41
Tesouro IPCA+ com Juros Semestrais;15/08/2040;21/05/2024;7,64;7,61;1273,62;1276,17;1274,89
Tesouro IPCA+ com Juros Semestrais;15/05/2055;21/05/2024;7,70;7,67;424,54;425,39;424,97
Tesouro Selic;01/03/2029;21/05/2024;0,06;0,03;14281,38;14310,00;14295,69
Tesouro Prefixado;01/01/2027;22/05/2024;12,86;12,83;728,11;729,57;728,84
Tesouro Prefixado;01/01/2029;22/05/2024;12,68;12,65;576,06;577,22;576,64
Tesouro Prefixado;01/01/2031;22/05/2024;12,52;12,49;458,19;459,11;458,65
Tesouro Prefixado com Juros Semestrais;01/01/2033;22/05/2024;12,45;12,42;363,98;364,71;364,34
Tesouro Prefixado com Juros Semestrais;01/01/2035;22/05/2024;12,40;12,37;289,60;290,18;289,89
Tesouro Prefixado com Juros Semestrais;01/01/2037;22/05/2024;12,34;12,31;230,88;231,34;231,11
Tesouro IPCA+;15/05/2029;22/05/2024;7,42;7,39;2939,33;2945,22;2942,27
Tesouro IPCA+;15/05/2035;22/05/2024;7,54;7,51;1892,24;1896,03;1894,13
Tesouro IPCA+;15/05/2045;22/05/2024;7,60;7,57;907,48;909,29;908,39
Tesouro IPCA+ com Juros Semestrais;15/08/2032;22/05/2024;7,50;7,47;2316,03;2320,67;2318,35
Tesouro IPCA+ com Juros Semestrais;15/08/2040;22/05/2024;7,60;7,57;1282,18;1284,75;1283,46
Tesouro IPCA+ com Juros Semestrais;15/05/2055;22/05/2024;7,67;7,64;428,82;429,68;429,25
Tesouro Selic;01/03/2029;22/05/2024;0,06;0,03;14284,47;14313,10;14298,79
Tesouro Prefixado;01/01/2027;23/05/2024;12,82;12,79;729,07;730,53;729,80
Tesouro Prefixado;01/01/2029;23/05/2024;12,68;12,65;576,23;577,38;576,80
Tesouro Prefixado;01/01/2031;23/05/2024;12,52;12,49;458,35;459,27;458,81
Tesouro Prefixado com Juros Semestrais;01/01/2033;23/05/2024;12,45;12,42;364,29;365,02;364,65
Tesouro Prefixado com Juros Semestrais;01/01/2035;23/05/2024;12,42;12,39;288,98;289,56;289,27
Tesouro Prefixado com Juros Semestrais;01/01/2037;23/05/2024;12,34;12,31;230,74;231,20;230,97
Tesouro IPCA+;15/05/2029;23/05/2024;7,43;7,40;2938,45;2944,34;2941,39
Tesouro IPCA+;15/05/2035;23/05/2024;7,49;7,46;1902,87;1906,68;1904,77
Tesouro IPCA+;15/05/2045;23/05/2024;7,61;7,58;905,69;907,51;906,60
Tesouro IPCA+ com Juros Semestrais;15/08/2032;23/05/2024;7,44;7,41;2327,54;2332,21;2329,87
Tesouro IPCA+ com Juros Semestrais;15/08/2040;23/05/2024;7,55;7,52;1291,50;1294,09;1292,80
Tesouro IPCA+ com Juros Semestrais;15/05/2055;23/05/2024;7,65;7,62;431,48;432,34;431,91
Tesouro Selic;01/03/2029;23/05/2024;0,07;0,04;14287,57;14316,20;14301,88
Tesouro Prefixado;01/01/2027;24/05/2024;12,86;12,83;728,53;729,99;729,26
Tesouro Prefixado;01/01/2029;24/05/2024;12,67;12,64;576,57;577,73;577,15
Tesouro Prefixado;01/01/2031;24/05/2024;12,54;12,51;458,15;459,06;458,60
Tesouro Prefixado com Juros Semestrais;01/01/2033;24/05/2024;12,47;12,44;363,66;364,39;364,02
Tesouro Prefixado com Juros Semestrais;01/01/2035;24/05/2024;12,39;12,36;289,88;290,46;290,17
Tesouro Prefixado com Juros Semestrais;01/01/2037;24/05/2024;12,34;12,31;230,81;231,27;231,04
Tesouro IPCA+;15/05/2029;24/05/2024;7,44;7,41;2936,59;2942,48;2939,53
Tesouro IPCA+;15/05/2035;24/05/2024;7,54;7,51;1894,13;1897,92;1896,03
Tesouro IPCA+;15/05/2045;24/05/2024;7,63;7,60;902,09;903,90;902,99
Tesouro IPCA+ com Juros Semestrais;15/08/2032;24/05/2024;7,45;7,42;2325,52;2330,18;2327,85
Tesouro IPCA+ com Juros Semestrais;15/08/2040;24/05/2024;7,55;7,52;1292,38;1294,97;1293,67
Tesouro IPCA+ com Juros Semestrais;15/05/2055;24/05/2024;7,63;7,60;433,17;434,03;433,60
Tesouro Selic;01/03/2029;24/05/2024;0,06;0,03;14290,66;14319,30;14304,98
Tesouro Prefixado;01/01/2027;27/05/2024;12,88;12,85;728,96;730,42;729,69
Tesouro Prefixado;01/01/2029;27/05/2024;12,71;12,68;576,25;577,40;576,82
Tesouro Prefixado;01/01/2031;27/05/2024;12,60;12,57;456,90;457,81;457,36
Tesouro Prefixado com Juros Semestrais;01/01/2033;27/05/2024;12,54;12,51;362,26;362,98;362,62
Tesouro Prefixado com Juros Semestrais;01/01/2035;27/05/2024;12,39;12,36;290,13;290,72;290,43
Tesouro Prefixado com Juros Semestrais;01/01/2037;27/05/2024;12,43;12,40;228,89;229,35;229,12
Tesouro IPCA+;15/05/2029;27/05/2024;7,47;7,44;2934,77;2940,65;2937,71
Tesouro IPCA+;15/05/2035;27/05/2024;7,58;7,55;1886,51;1890,29;1888,40
Tesouro IPCA+;15/05/2045;27/05/2024;7,64;7,61;899,96;901,76;900,86
Tesouro IPCA+ com Juros Semestrais;15/08/2032;27/05/2024;7,51;7,48;2317,34;2321,99;2319,67
Tesouro IPCA+ com Juros Semestrais;15/08/2040;27/05/2024;7,61;7,58;1281,38;1283,95;1282,66
Tesouro IPCA+ com Juros Semestrais;15/05/2055;27/05/2024;7,71;7,68;423,92;424,77;424,34
Tesouro Selic;01/03/2029;27/05/2024;0,06;0,03;14293,76;14322,40;14308,08
Tesouro Prefixado;01/01/2027;28/05/2024;12,77;12,74;731,00;732,46;731,73
Tesouro Prefixado;01/01/2029;28/05/2024;12,57;12,54;579,91;581,07;580,49
Tesouro Prefixado;01/01/2031;28/05/2024;12,49;12,46;459,91;460,83;460,37
Tesouro Prefixado com Juros Semestrais;01/01/2033;28/05/2024;12,37;12,34;367,15;367,88;367,51
Tesouro Prefixado com Juros Semestrais;01/01/2035;28/05/2024;12,33;12,30;291,95;292,53;292,24
Tesouro Prefixado com Juros Semestrais;01/01/2037;28/05/2024;12,24;12,21;233,87;234,34;234,10
Tesouro IPCA+;15/05/2029;28/05/2024;7,44;7,41;2939,90;2945,80;2942,85
Tesouro IPCA+;15/05/2035;28/05/2024;7,58;7,55;1888,11;1891,90;1890,00
Tesouro IPCA+;15/05/2045;28/05/2024;7,63;7,60;901,75;903,56;902,65
Tesouro IPCA+ com Juros Semestrais;15/08/2032;28/05/2024;7,51;7,48;2317,18;2321,82;2319,50
Tesouro IPCA+ com Juros Semestrais;15/08/2040;28/05/2024;7,59;7,56;1285,90;1288,48;1287,19
Tesouro IPCA+ com Juros Semestrais;15/05/2055;28/05/2024;7,70;7,67;424,78;425,63;425,20
Tesouro Selic;01/03/2029;28/05/2024;0,06;0,03;14296,85;14325,50;14311,17
Tesouro Prefixado;01/01/2027;29/05/2024;12,77;12,74;731,34;732,81;732,07
Tesouro Prefixado;01/01/2029;29/05/2024;12,60;12,57;579,34;580,50;579,92
Tesouro Prefixado;01/01/2031;29/05/2024;12,48;12,45;460,51;461,44;460,97
Tesouro Prefixado com Juros Semestrais;01/01/2033;29/05/2024;12,37;12,34;367,11;367,84;367,47
Tesouro Prefixado com Juros Semestrais;01/01/2035;29/05/2024;12,30;12,27;292,80;293,38;293,09
Tesouro Prefixado com Juros Semestrais;01/01/2037;29/05/2024;12,25;12,22;233,70;234,16;233,93
Tesouro IPCA+;15/05/2029;29/05/2024;7,43;7,40;2940,98;2946,87;2943,92
Tesouro IPCA+;15/05/2035;29/05/2024;7,54;7,51;1895,80;1899,60;1897,70
Tesouro IPCA+;15/05/2045;29/05/2024;7,65;7,62;898,61;900,41;899,51
Tesouro IPCA+ com Juros Semestrais;15/08/2032;29/05/2024;7,53;7,50;2314,41;2319,04;2316,73
Tesouro IPCA+ com Juros Semestrais;15/08/2040;29/05/2024;7,60;7,57;1284,61;1287,18;1285,90
Tesouro IPCA+ com Juros Semestrais;15/05/2055;29/05/2024;7,69;7,66;426,20;427,05;426,62
Tesouro Selic;01/03/2029;29/05/2024;0,06;0,03;14299,94;14328,60;14314,27
Tesouro Prefixado;01/01/2027;30/05/2024;12,63;12,60;733,89;735,36;734,63
Tesouro Prefixado;01/01/2029;30/05/2024;12,47;12,44;582,55;583,72;583,13
Tesouro Prefixado;01/01/2031;30/05/2024;12,33;12,30;464,59;465,53;465,06
Tesouro Prefixado com Juros Semestrais;01/01/2033;30/05/2024;12,24;12,21;370,82;371,56;371,19
Tesouro Prefixado com Juros Semestrais;01/01/2035;30/05/2024;12,16;12,13;296,85;297,44;297,14
Tesouro Prefixado com Juros Semestrais;01/01/2037;30/05/2024;12,15;12,12;236,38;236,85;236,62
Tesouro IPCA+;15/05/2029;30/05/2024;7,41;7,38;2944,19;2950,09;2947,14
Tesouro IPCA+;15/05/2035;30/05/2024;7,59;7,56;1886,63;1890,41;1888,52
Tesouro IPCA+;15/05/2045;30/05/2024;7,66;7,63;898,16;899,96;899,06
Tesouro IPCA+ com Juros Semestrais;15/08/2032;30/05/2024;7,53;7,50;2314,44;2319,08;2316,76
Tesouro IPCA+ com Juros Semestrais;15/08/2040;30/05/2024;7,61;7,58;1283,24;1285,81;1284,53
Tesouro IPCA+ com Juros Semestrais;15/05/2055;30/05/2024;7,70;7,67;425,27;426,12;425,69
Tesouro Selic;01/03/2029;30/05/2024;0,06;0,03;14303,04;14331,70;14317,37
Tesouro Prefixado;01/01/2027;31/05/2024;12,65;12,62;733,85;735,32;734,59
Tesouro Prefixado;01/01/2029;31/05/2024;12,44;12,41;583,42;584,59;584,01
Tesouro Prefixado;01/01/2031;31/05/2024;12,34;12,31;464,54;465,48;465,01
Tesouro Prefixado com Juros Semestrais;01/01/2033;31/05/2024;12,24;12,21;370,93;371,67;371,30
Tesouro Prefixado com Juros Semestrais;01/01/2035;31/05/2024;12,19;12,16;296,04;296,63;296,33
Tesouro Prefixado com Juros Semestrais;01/01/2037;31/05/2024;12,11;12,08;237,41;237,88;237,64
Tesouro IPCA+;15/05/2029;31/05/2024;7,46;7,43;2938,97;2944,86;2941,92
Tesouro IPCA+;15/05/2035;31/05/2024;7,60;7,57;1884,96;1888,73;1886,84
Tesouro IPCA+;15/05/2045;31/05/2024;7,68;7,65;894,74;896,54;895,64
Tesouro IPCA+ com Juros Semestrais;15/08/2032;31/05/2024;7,54;7,51;2313,94;2318,57;2316,25
Tesouro IPCA+ com Juros Semestrais;15/08/2040;31/05/2024;7,67;7,64;1271,64;1274,18;1272,91
Tesouro IPCA+ com Juros Semestrais;15/05/2055;31/05/2024;7,74;7,71;420,59;421,43;421,01
Tesouro Selic;01/03/2029;31/05/2024;0,06;0,03;14306,13;14334,80;14320,47
Tesouro Prefixado;01/01/2027;03/06/2024;12,69;12,66;733,88;735,35;734,61
Tesouro Prefixado;01/01/2029;03/06/2024;12,49;12,46;582,91;584,08;583,50
Tesouro Prefixado;01/01/2031;03/06/2024;12,36;12,33;464,47;465,40;464,94
Tesouro Prefixado com Juros Semestrais;01/01/2033;03/06/2024;12,27;12,24;370,57;371,32;370,94
Tesouro Prefixado com Juros Semestrais;01/01/2035;03/06/2024;12,20;12,17;296,19;296,78;296,48
Tesouro Prefixado com Juros Semestrais;01/01/2037;03/06/2024;12,12;12,09;237,47;237,95;237,71
Tesouro IPCA+;15/05/2029;03/06/2024;7,51;7,48;2933,36;2939,24;2936,30
Tesouro IPCA+;15/05/2035;03/06/2024;7,62;7,59;1881,39;1885,16;1883,28
Tesouro IPCA+;15/05/2045;03/06/2024;7,65;7,62;899,59;901,40;900,49
Tesouro IPCA+ com Juros Semestrais;15/08/2032;03/06/2024;7,57;7,54;2308,89;2313,52;2311,21
Tesouro IPCA+ com Juros Semestrais;15/08/2040;03/06/2024;7,66;7,63;1273,25;1275,81;1274,53
Tesouro IPCA+ com Juros Semestrais;15/05/2055;03/06/2024;7,73;7,70;422,08;422,93;422,50
Tesouro Selic;01/03/2029;03/06/2024;0,06;0,03;14309,22;14337,90;14323,56
Tesouro Prefixado;01/01/2027;04/06/2024;12,71;12,68;733,80;735,27;734,53
Tesouro Prefixado;01/01/2029;04/06/2024;12,46;12,43;583,82;584,99;584,40
Tesouro Prefixado;01/01/2031;04/06/2024;12,30;12,27;466,16;467,09;466,63
Tesouro Prefixado com Juros Semestrais;01/01/2033;04/06/2024;12,25;12,22;371,23;371,98;371,61
Tesouro Prefixado com Juros Semestrais;01/01/2035;04/06/2024;12,20;12,17;296,28;296,88;296,58
Tesouro Prefixado com Juros Semestrais;01/01/2037;04/06/2024;12,08;12,05;238,61;239,09;238,85
Tesouro IPCA+;15/05/2029;04/06/2024;7,49;7,46;2937,45;2943,34;2940,40
Tesouro IPCA+;15/05/2035;04/06/2024;7,61;7,58;1884,74;1888,52;1886,63
Tesouro IPCA+;15/05/2045;04/06/2024;7,68;7,65;895,83;897,62;896,72
Tesouro IPCA+ com Juros Semestrais;15/08/2032;04/06/2024;7,54;7,51;2314,79;2319,43;2317,11
Tesouro IPCA+ com Juros Semestrais;15/08/2040;04/06/2024;7,68;7,65;1270,09;1272,63;1271,36
Tesouro IPCA+ com Juros Semestrais;15/05/2055;04/06/2024;7,74;7,71;421,03;421,88;421,46
Tesouro Selic;01/03/2029;04/06/2024;0,06;0,03;14312,32;14341,00;14326,66
Tesouro Prefixado;01/01/2027;05/06/2024;12,66;12,63;734,86;736,33;735,60
Tesouro Prefixado;01/01/2029;05/06/2024;12,42;12,39;584,94;586,12;585,53
Tesouro Prefixado;01/01/2031;05/06/2024;12,31;12,28;466,02;466,96;466,49
Tesouro Prefixado com Juros Semestrais;01/01/2033;05/06/2024;12,23;12,20;371,95;372,70;372,33
Tesouro Prefixado com Juros Semestrais;01/01/2035;05/06/2024;12,13;12,10;298,23;298,83;298,53
Tesouro Prefixado com Juros Semestrais;01/01/2037;05/06/2024;12,06;12,03;239,13;239,61;239,37
Tesouro IPCA+;15/05/2029;05/06/2024;7,40;7,37;2949,87;2955,78;2952,83
Tesouro IPCA+;15/05/2035;05/06/2024;7,51;7,48;1903,59;1907,41;1905,50
Tesouro IPCA+;15/05/2045;05/06/2024;7,64;7,61;902,38;904,18;903,28
Tesouro IPCA+ com Juros Semestrais;15/08/2032;05/06/2024;7,52;7,49;2318,96;2323,61;2321,28
Tesouro IPCA+ com Juros Semestrais;15/08/2040;05/06/2024;7,60;7,57;1285,19;1287,77;1286,48
Tesouro IPCA+ com Juros Semestrais;15/05/2055;05/06/2024;7,68;7,65;428,18;429,04;428,61
Tesouro Selic;01/03/2029;05/06/2024;0,07;0,04;14315,41;14344,10;14329,76
Tesouro Prefixado;01/01/2027;06/06/2024;12,72;12,69;734,02;735,49;734,75
Tesouro Prefixado;01/01/2029;06/06/2024;12,49;12,46;583,32;584,49;583,90
Tesouro Prefixado;01/01/2031;06/06/2024;12,39;12,36;464,04;464,97;464,50
Tesouro Prefixado com Juros Semestrais;01/01/2033;06/06/2024;12,25;12,22;371,45;372,20;371,82
Tesouro Prefixado com Juros Semestrais;01/01/2035;06/06/2024;12,16;12,13;297,47;298,06;297,76
Tesouro Prefixado com Juros Semestrais;01/01/2037;06/06/2024;12,10;12,07;238,08;238,56;238,32
Tesouro IPCA+;15/05/2029;06/06/2024;7,42;7,39;2946,80;2952,70;2949,75
Tesouro IPCA+;15/05/2035;06/06/2024;7,56;7,53;1893,80;1897,59;1895,69
Tesouro IPCA+;15/05/2045;06/06/2024;7,67;7,64;897,65;899,45;898,55
Tesouro IPCA+ com Juros Semestrais;15/08/2032;06/06/2024;7,53;7,50;2318,65;2323,29;2320,97
Tesouro IPCA+ com Juros Semestrais;15/08/2040;06/06/2024;7,60;7,57;1286,36;1288,94;1287,65
Tesouro IPCA+ com Juros Semestrais;15/05/2055;06/06/2024;7,69;7,66;426,99;427,85;427,42
Tesouro Selic;01/03/2029;06/06/2024;0,05;0,02;14318,51;14347,20;14332,85
Tesouro Prefixado;01/01/2027;07/06/2024;12,67;12,64;735,12;736,59;735,86
Tesouro Prefixado;01/01/2029;07/06/2024;12,47;12,44;583,97;585,14;584,55
Tesouro Prefixado;01/01/2031;07/06/2024;12,35;12,32;465,37;466,30;465,84
Tesouro Prefixado com Juros Semestrais;01/01/2033;07/06/2024;12,27;12,24;370,90;371,64;371,27
Tesouro Prefixado com Juros Semestrais;01/01/2035;07/06/2024;12,17;12,14;297,44;298,04;297,74
Tesouro Prefixado com Juros Semestrais;01/01/2037;07/06/2024;12,14;12,11;237,15;237,63;237,39
Tesouro IPCA+;15/05/2029;07/06/2024;7,50;7,47;2937,82;2943,71;2940,76
Tesouro IPCA+;15/05/2035;07/06/2024;7,62;7,59;1882,83;1886,61;1884,72
Tesouro IPCA+;15/05/2045;07/06/2024;7,67;7,64;896,93;898,73;897,83
Tesouro IPCA+ com Juros Semestrais;15/08/2032;07/06/2024;7,55;7,52;2314,19;2318,83;2316,51
Tesouro IPCA+ com Juros Semestrais;15/08/2040;07/06/2024;7,67;7,64;1273,41;1275,96;1274,69
Tesouro IPCA+ com Juros Semestrais;15/05/2055;07/06/2024;7,74;7,71;421,01;421,86;421,44
Tesouro Selic;01/03/2029;07/06/2024;0,06;0,03;14321,60;14350,30;14335,95
Tesouro Prefixado;01/01/2027;10/06/2024;12,59;12,56;737,19;738,66;737,93
Tesouro Prefixado;01/01/2029;10/06/2024;12,41;12,38;586,02;587,19;586,61
Tesouro Prefixado;01/01/2031;10/06/2024;12,28;12,25;467,73;468,66;468,20
Tesouro Prefixado com Juros Semestrais;01/01/2033;10/06/2024;12,16;12,13;374,42;375,17;374,80
Tesouro Prefixado com Juros Semestrais;01/01/2035;10/06/2024;12,10;12,07;299,51;300,11;299,81
Tesouro Prefixado com Juros Semestrais;01/01/2037;10/06/2024;12,05;12,02;239,81;240,29;240,05
Tesouro IPCA+;15/05/2029;10/06/2024;7,42;7,39;2949,97;2955,89;2952,93
Tesouro IPCA+;15/05/2035;10/06/2024;7,59;7,56;1889,44;1893,23;1891,33
Tesouro IPCA+;15/05/2045;10/06/2024;7,66;7,63;899,09;900,90;900,00
Tesouro IPCA+ com Juros Semestrais;15/08/2032;10/06/2024;7,54;7,51;2317,27;2321,91;2319,59
Tesouro IPCA+ com Juros Semestrais;15/08/2040;10/06/2024;7,60;7,57;1286,12;1288,69;1287,41
Tesouro IPCA+ com Juros Semestrais;15/05/2055;10/06/2024;7,70;7,67;426,33;427,19;426,76
Tesouro Selic;01/03/2029;10/06/2024;0,06;0,03;14324,69;14353,40;14339,05
Tesouro Prefixado;01/01/2027;11/06/2024;12,56;12,53;737,88;739,36;738,62
Tesouro Prefixado;01/01/2029;11/06/2024;12,35;12,32;587,55;588,73;588,14
Tesouro Prefixado;01/01/2031;11/06/2024;12,14;12,11;471,54;472,49;472,02
Tesouro Prefixado com Juros Semestrais;01/01/2033;11/06/2024;12,09;12,06;376,75;377,50;377,13
Tesouro Prefixado com Juros Semestrais;01/01/2035;11/06/2024;12,02;11,99;301,93;302,54;302,24
Tesouro Prefixado com Juros Semestrais;01/01/2037;11/06/2024;11,92;11,89;243,43;243,92;243,67
Tesouro IPCA+;15/05/2029;11/06/2024;7,48;7,45;2941,90;2947,80;2944,85
Tesouro IPCA+;15/05/2035;11/06/2024;7,62;7,59;1885,39;1889,17;1887,28
Tesouro IPCA+;15/05/2045;11/06/2024;7,66;7,63;899,58;901,38;900,48
Tesouro IPCA+ com Juros Semestrais;15/08/2032;11/06/2024;7,51;7,48;2322,95;2327,61;2325,28
Tesouro IPCA+ com Juros Semestrais;15/08/2040;11/06/2024;7,63;7,60;1281,18;1283,75;1282,46
Tesouro IPCA+ com Juros Semestrais;15/05/2055;11/06/2024;7,70;7,67;426,71;427,57;427,14
Tesouro Selic;01/03/2029;11/06/2024;0,06;0,03;14327,79;14356,50;14342,14
Tesouro Prefixado;01/01/2027;12/06/2024;12,46;12,43;739,87;741,35;740,61
Tesouro Prefixado;01/01/2029;12/06/2024;12,27;12,24;589,65;590,83;590,24
Tesouro Prefixado;01/01/2031;12/06/2024;12,11;12,08;472,61;473,55;473,08
Tesouro Prefixado com Juros Semestrais;01/01/2033;12/06/2024;12,00;11,97;379,35;380,11;379,73
Tesouro Prefixado com Juros Semestrais;01/01/2035;12/06/2024;11,93;11,90;304,59;305,20;304,90
Tesouro Prefixado com Juros Semestrais;01/01/2037;12/06/2024;11,85;11,82;245,56;246,05;245,81
Tesouro IPCA+;15/05/2029;12/06/2024;7,51;7,48;2938,85;2944,74;2941,79
Tesouro IPCA+;15/05/2035;12/06/2024;7,58;7,55;1893,13;1896,93;1895,03
Tesouro IPCA+;15/05/2045;12/06/2024;7,67;7,64;897,44;899,23;898,33
Tesouro IPCA+ com Juros Semestrais;15/08/2032;12/06/2024;7,56;7,53;2315,98;2320,62;2318,30
Tesouro IPCA+ com Juros Semestrais;15/08/2040;12/06/2024;7,65;7,62;1277,36;1279,92;1278,64
Tesouro IPCA+ com Juros Semestrais;15/05/2055;12/06/2024;7,72;7,69;424,29;425,14;424,71
Tesouro Selic;01/03/2029;12/06/2024;0,06;0,03;14330,88;14359,60;14345,24
Tesouro Prefixado;01/01/2027;13/06/2024;12,48;12,45;739,86;741,34;740,60
Tesouro Prefixado;01/01/2029;13/06/2024;12,24;12,21;590,68;591,87;591,28
Tesouro Prefixado;01/01/2031;13/06/2024;12,09;12,06;473,21;474,15;473,68
Tesouro Prefixado com Juros Semestrais;01/01/2033;13/06/2024;12,02;11,99;378,98;379,74;379,36
Tesouro Prefixado com Juros Semestrais;01/01/2035;13/06/2024;11,95;11,92;304,04;304,65;304,35
Tesouro Prefixado com Juros Semestrais;01/01/2037;13/06/2024;11,84;11,81;245,70;246,19;245,95
Tesouro IPCA+;15/05/2029;13/06/2024;7,47;7,44;2945,32;2951,22;2948,27
Tesouro IPCA+;15/05/2035;13/06/2024;7,61;7,58;1887,86;1891,64;1889,75
Tesouro IPCA+;15/05/2045;13/06/2024;7,66;7,63;899,85;901,65;900,75
Tesouro IPCA+ com Juros Semestrais;15/08/2032;13/06/2024;7,55;7,52;2318,18;2322,83;2320,50
Tesouro IPCA+ com Juros Semestrais;15/08/2040;13/06/2024;7,66;7,63;1276,65;1279,21;1277,93
Tesouro IPCA+ com Juros Semestrais;15/05/2055;13/06/2024;7,74;7,71;422,06;422,91;422,49
Tesouro Selic;01/03/2029;13/06/2024;0,06;0,03;14333,97;14362,70;14348,34
Tesouro Prefixado;01/01/2027;14/06/2024;12,46;12,43;740,34;741,82;741,08
Tesouro Prefixado;01/01/2029;14/06/2024;12,23;12,20;591,19;592,37;591,78
Tesouro Prefixado;01/01/2031;14/06/2024;12,07;12,04;474,12;475,07;474,60
Tesouro Prefixado com Juros Semestrais;01/01/2033;14/06/2024;12,00;11,97;379,52;380,28;379,90
Tesouro Prefixado com Juros Semestrais;01/01/2035;14/06/2024;11,93;11,90;304,74;305,35;305,05
Tesouro Prefixado com Juros Semestrais;01/01/2037;14/06/2024;11,86;11,83;245,19;245,68;245,44
Tesouro IPCA+;15/05/2029;14/06/2024;7,49;7,46;2942,39;2948,29;2945,34
Tesouro IPCA+;15/05/2035;14/06/2024;7,61;7,58;1888,57;1892,36;1890,46
Tesouro IPCA+;15/05/2045;14/06/2024;7,71;7,68;892,03;893,82;892,93
Tesouro IPCA+ com Juros Semestrais;15/08/2032;14/06/2024;7,60;7,57;2310,04;2314,67;2312,35
Tesouro IPCA+ com Juros Semestrais;15/08/2040;14/06/2024;7,66;7,63;1277,05;1279,61;1278,33
Tesouro IPCA+ com Juros Semestrais;15/05/2055;14/06/2024;7,77;7,74;418,43;419,27;418,85
Tesouro Selic;01/03/2029;14/06/2024;0,05;0,02;14337,07;14365,80;14351,43
Tesouro Prefixado;01/01/2027;17/06/2024;12,47;12,44;740,91;742,39;741,65
Tesouro Prefixado;01/01/2029;17/06/2024;12,26;12,23;590,97;592,16;591,57
Tesouro Prefixado;01/01/2031;17/06/2024;12,11;12,08;473,28;474,23;473,76
Tesouro Prefixado com Juros Semestrais;01/01/2033;17/06/2024;12,00;11,97;380,03;380,79;380,41
Tesouro Prefixado com Juros Semestrais;01/01/2035;17/06/2024;11,97;11,94;304,04;304,65;304,35
Tesouro Prefixado com Juros Semestrais;01/01/2037;17/06/2024;11,86;11,83;245,51;246,00;245,75
Tesouro IPCA+;15/05/2029;17/06/2024;7,56;7,53;2934,76;2940,64;2937,70
Tesouro IPCA+;15/05/2035;17/06/2024;7,66;7,63;1880,00;1883,77;1881,88
Tesouro IPCA+;15/05/2045;17/06/2024;7,77;7,74;882,40;884,17;883,28
Tesouro IPCA+ com Juros Semestrais;15/08/2032;17/06/2024;7,62;7,59;2307,71;2312,34;2310,02
Tesouro IPCA+ com Juros Semestrais;15/08/2040;17/06/2024;7,72;7,69;1266,63;1269,17;1267,90
Tesouro IPCA+ com Juros Semestrais;15/05/2055;17/06/2024;7,86;7,83;407,61;408,42;408,01
Tesouro Selic;01/03/2029;17/06/2024;0,06;0,03;14340,16;14368,90;14354,53
Tesouro Prefixado;01/01/2027;18/06/2024;12,42;12,39;741,99;743,48;742,73
Tesouro Prefixado;01/01/2029;18/06/2024;12,23;12,20;591,82;593,00;592,41
Tesouro Prefixado;01/01/2031;18/06/2024;12,08;12,05;474,28;475,23;474,75
Tesouro Prefixado com Juros Semestrais;01/01/2033;18/06/2024;11,94;11,91;381,66;382,43;382,05
Tesouro Prefixado com Juros Semestrais;01/01/2035;18/06/2024;11,94;11,91;304,93;305,54;305,23
Tesouro Prefixado com Juros Semestrais;01/01/2037;18/06/2024;11,87;11,84;245,37;245,87;245,62
Tesouro IPCA+;15/05/2029;18/06/2024;7,57;7,54;2934,34;2940,22;2937,28
Tesouro IPCA+;15/05/2035;18/06/2024;7,70;7,67;1871,53;1875,28;1873,40
Tesouro IPCA+;15/05/2045;18/06/2024;7,79;7,76;878,76;880,52;879,64
Tesouro IPCA+ com Juros Semestrais;15/08/2032;18/06/2024;7,64;7,61;2304,20;2308,81;2306,50
Tesouro IPCA+ com Juros Semestrais;15/08/2040;18/06/2024;7,73;7,70;1264,75;1267,29;1266,02
Tesouro IPCA+ com Juros Semestrais;15/05/2055;18/06/2024;7,87;7,84;407,27;408,09;407,68
Tesouro Selic;01/03/2029;18/06/2024;0,06;0,03;14343,26;14372,00;14357,63
Tesouro Prefixado;01/01/2027;19/06/2024;12,50;12,47;740,90;742,38;741,64
Tesouro Prefixado;01/01/2029;19/06/2024;12,29;12,26;590,61;591,79;591,20
Tesouro Prefixado;01/01/2031;19/06/2024;12,14;12,11;472,88;473,83;473,35
Tesouro Prefixado com Juros Semestrais;01/01/2033;19/06/2024;12,09;12,06;377,59;378,35;377,97
Tesouro Prefixado com Juros Semestrais;01/01/2035;19/06/2024;11,98;11,95;303,79;304,40;304,09
Tesouro Prefixado com Juros Semestrais;01/01/2037;19/06/2024;11,92;11,89;244,14;244,63;244,38
Tesouro IPCA+;15/05/2029;19/06/2024;7,60;7,57;2931,36;2937,24;2934,30
Tesouro IPCA+;15/05/2035;19/06/2024;7,71;7,68;1870,96;1874,71;1872,83
Tesouro IPCA+;15/05/2045;19/06/2024;7,79;7,76;879,38;881,14;880,26
Tesouro IPCA+ com Juros Semestrais;15/08/2032;19/06/2024;7,69;7,66;2296,20;2300,80;2298,50
Tesouro IPCA+ com Juros Semestrais;15/08/2040;19/06/2024;7,80;7,77;1250,57;1253,07;1251,82
Tesouro IPCA+ com Juros Semestrais;15/05/2055;19/06/2024;7,86;7,83;407,85;408,66;408,26
Tesouro Selic;01/03/2029;19/06/2024;0,06;0,03;14346,35;14375,10;14360,72
Tesouro Prefixado;01/01/2027;20/06/2024;12,50;12,47;741,03;742,51;741,77
Tesouro Prefixado;01/01/2029;20/06/2024;12,26;12,23;591,47;592,65;592,06
Tesouro Prefixado;01/01/2031;20/06/2024;12,16;12,13;472,36;473,31;472,83
Tesouro Prefixado com Juros Semestrais;01/01/2033;20/06/2024;12,04;12,01;379,03;379,79;379,41
Tesouro Prefixado com Juros Semestrais;01/01/2035;20/06/2024;12,04;12,01;302,22;302,82;302,52
Tesouro Prefixado com Juros Semestrais;01/01/2037;20/06/2024;11,95;11,92;243,30;243,79;243,54
Tesouro IPCA+;15/05/2029;20/06/2024;7,61;7,58;2930,27;2936,14;2933,20
Tesouro IPCA+;15/05/2035;20/06/2024;7,73;7,70;1867,10;1870,85;1868,98
Tesouro IPCA+;15/05/2045;20/06/2024;7,82;7,79;873,67;875,42;874,54
Tesouro IPCA+ com Juros Semestrais;15/08/2032;20/06/2024;7,66;7,63;2301,49;2306,10;2303,80
Tesouro IPCA+ com Juros Semestrais;15/08/2040;20/06/2024;7,79;7,76;1254,00;1256,51;1255,25
Tesouro IPCA+ com Juros Semestrais;15/05/2055;20/06/2024;7,87;7,84;406,96;407,78;407,37
Tesouro Selic;01/03/2029;20/06/2024;0,06;0,03;14349,44;14378,20;14363,82
Tesouro Prefixado;01/01/2027;21/06/2024;12,58;12,55;739,98;741,46;740,72
Tesouro Prefixado;01/01/2029;21/06/2024;12,37;12,34;588,98;590,16;589,57
Tesouro Prefixado;01/01/2031;21/06/2024;12,27;12,24;469,50;470,44;469,97
Tesouro Prefixado com Juros Semestrais;01/01/2033;21/06/2024;12,18;12,15;375,26;376,01;375,63
Tesouro Prefixado com Juros Semestrais;01/01/2035;21/06/2024;12,08;12,05;301,09;301,70;301,40
Tesouro Prefixado com Juros Semestrais;01/01/2037;21/06/2024;12,02;11,99;241,49;241,97;241,73
Tesouro IPCA+;15/05/2029;21/06/2024;7,55;7,52;2939,07;2944,96;2942,02
Tesouro IPCA+;15/05/2035;21/06/2024;7,70;7,67;1874,42;1878,17;1876,30
Tesouro IPCA+;15/05/2045;21/06/2024;7,79;7,76;879,41;881,17;880,29
Tesouro IPCA+ com Juros Semestrais;15/08/2032;21/06/2024;7,62;7,59;2308,35;2312,98;2310,66
Tesouro IPCA+ com Juros Semestrais;15/08/2040;21/06/2024;7,73;7,70;1265,38;1267,92;1266,65
Tesouro IPCA+ com Juros Semestrais;15/05/2055;21/06/2024;7,82;7,79;413,43;414,26;413,85
Tesouro Selic;01/03/2029;21/06/2024;0,06;0,03;14352,54;14381,30;14366,92
Tesouro Prefixado;01/01/2027;24/06/2024;12,71;12,68;738,55;740,03;739,29
Tesouro Prefixado;01/01/2029;24/06/2024;12,49;12,46;586,66;587,84;587,25
Tesouro Prefixado;01/01/2031;24/06/2024;12,37;12,34;467,26;468,20;467,73
Tesouro Prefixado com Juros Semestrais;01/01/2033;24/06/2024;12,28;12,25;372,68;373,42;373,05
Tesouro Prefixado com Juros Semestrais;01/01/2035;24/06/2024;12,23;12,20;297,39;297,99;297,69
Tesouro Prefixado com Juros Semestrais;01/01/2037;24/06/2024;12,16;12,13;237,93;238,41;238,17
Tesouro IPCA+;15/05/2029;24/06/2024;7,57;7,54;2937,26;2943,14;2940,20
Tesouro IPCA+;15/05/2035;24/06/2024;7,66;7,63;1881,36;1885,13;1883,25
Tesouro IPCA+;15/05/2045;24/06/2024;7,78;7,75;881,41;883,18;882,30
Tesouro IPCA+ com Juros Semestrais;15/08/2032;24/06/2024;7,62;7,59;2310,99;2315,62;2313,31
Tesouro IPCA+ com Juros Semestrais;15/08/2040;24/06/2024;7,72;7,69;1267,67;1270,21;1268,94
Tesouro IPCA+ com Juros Semestrais;15/05/2055;24/06/2024;7,83;7,80;411,46;412,29;411,87
Tesouro Selic;01/03/2029;24/06/2024;0,06;0,03;14355,63;14384,40;14370,02
Tesouro Prefixado;01/01/2027;25/06/2024;12,73;12,70;738,44;739,92;739,18
Tesouro Prefixado;01/01/2029;25/06/2024;12,54;12,51;585,70;586,88;586,29
Tesouro Prefixado;01/01/2031;25/06/2024;12,44;12,41;465,42;466,35;465,88
Tesouro Prefixado com Juros Semestrais;01/01/2033;25/06/2024;12,38;12,35;369,97;370,72;370,34
Tesouro Prefixado com Juros Semestrais;01/01/2035;25/06/2024;12,31;12,28;295,20;295,79;295,49
Tesouro Prefixado com Juros Semestrais;01/01/2037;25/06/2024;12,22;12,19;236,45;236,93;236,69
Tesouro IPCA+;15/05/2029;25/06/2024;7,55;7,52;2940,40;2946,29;2943,34
Tesouro IPCA+;15/05/2035;25/06/2024;7,64;7,61;1886,69;1890,47;1888,58
Tesouro IPCA+;15/05/2045;25/06/2024;7,74;7,71;888,35;890,13;889,24
Tesouro IPCA+ com Juros Semestrais;15/08/2032;25/06/2024;7,60;7,57;2313,55;2318,18;2315,87
Tesouro IPCA+ com Juros Semestrais;15/08/2040;25/06/2024;7,74;7,71;1263,17;1265,71;1264,44
Tesouro IPCA+ com Juros Semestrais;15/05/2055;25/06/2024;7,80;7,77;415,19;416,02;415,61
Tesouro Selic;01/03/2029;25/06/2024;0,06;0,03;14358,73;14387,50;14373,11
Tesouro Prefixado;01/01/2027;26/06/2024;12,73;12,70;738,76;740,24;739,50
Tesouro Prefixado;01/01/2029;26/06/2024;12,53;12,50;586,10;587,28;586,69
Tesouro Prefixado;01/01/2031;26/06/2024;12,42;12,39;466,11;467,05;466,58
Tesouro Prefixado com Juros Semestrais;01/01/2033;26/06/2024;12,33;12,30;371,51;372,25;371,88
Tesouro Prefixado com Juros Semestrais;01/01/2035;26/06/2024;12,27;12,24;296,31;296,90;296,60
Tesouro Prefixado com Juros Semestrais;01/01/2037;26/06/2024;12,18;12,15;237,44;237,91;237,67
Tesouro IPCA+;15/05/2029;26/06/2024;7,57;7,54;2939,37;2945,26;2942,32
Tesouro IPCA+;15/05/2035;26/06/2024;7,67;7,64;1880,56;1884,33;1882,44
Tesouro IPCA+;15/05/2045;26/06/2024;7,78;7,75;881,15;882,91;882,03
Tesouro IPCA+ com Juros Semestrais;15/08/2032;26/06/2024;7,64;7,61;2307,75;2312,37;2310,06
Tesouro IPCA+ com Juros Semestrais;15/08/2040;26/06/2024;7,76;7,73;1261,26;1263,79;1262,52
Tesouro IPCA+ com Juros Semestrais;15/05/2055;26/06/2024;7,86;7,83;408,81;409,63;409,22
Tesouro Selic;01/03/2029;26/06/2024;0,05;0,02;14361,82;14390,60;14376,21
Tesouro Prefixado;01/01/2027;27/06/2024;12,71;12,68;739,37;740,85;740,11
Tesouro Prefixado;01/01/2029;27/06/2024;12,56;12,53;585,76;586,93;586,35
Tesouro Prefixado;01/01/2031;27/06/2024;12,41;12,38;466,53;467,46;466,99
Tesouro Prefixado com Juros Semestrais;01/01/2033;27/06/2024;12,33;12,30;371,62;372,36;371,99
Tesouro Prefixado com Juros Semestrais;01/01/2035;27/06/2024;12,25;12,22;297,02;297,62;297,32
Tesouro Prefixado com Juros Semestrais;01/01/2037;27/06/2024;12,21;12,18;236,71;237,19;236,95
Tesouro IPCA+;15/05/2029;27/06/2024;7,53;7,50;2945,39;2951,29;2948,34
Tesouro IPCA+;15/05/2035;27/06/2024;7,63;7,60;1889,97;1893,76;1891,87
Tesouro IPCA+;15/05/2045;27/06/2024;7,72;7,69;891,46;893,24;892,35
Tesouro IPCA+ com Juros Semestrais;15/08/2032;27/06/2024;7,59;7,56;2316,96;2321,60;2319,28
Tesouro IPCA+ com Juros Semestrais;15/08/2040;27/06/2024;7,69;7,66;1274,42;1276,97;1275,70
Tesouro IPCA+ com Juros Semestrais;15/05/2055;27/06/2024;7,76;7,73;420,63;421,47;421,05
Tesouro Selic;01/03/2029;27/06/2024;0,05;0,02;14364,91;14393,70;14379,31
Tesouro Prefixado;01/01/2027;28/06/2024;12,72;12,69;739,33;740,82;740,08
Tesouro Prefixado;01/01/2029;28/06/2024;12,55;12,52;586,09;587,26;586,67
Tesouro Prefixado;01/01/2031;28/06/2024;12,44;12,41;466,09;467,03;466,56
Tesouro Prefixado com Juros Semestrais;01/01/2033;28/06/2024;12,34;12,31;371,54;372,28;371,91
Tesouro Prefixado com Juros Semestrais;01/01/2035;28/06/2024;12,25;12,22;297,07;297,67;297,37
Tesouro Prefixado com Juros Semestrais;01/01/2037;28/06/2024;12,22;12,19;236,65;237,12;236,88
Tesouro IPCA+;15/05/2029;28/06/2024;7,53;7,50;2945,33;2951,24;2948,28
Tesouro IPCA+;15/05/2035;28/06/2024;7,68;7,65;1880,57;1884,34;1882,46
Tesouro IPCA+;15/05/2045;28/06/2024;7,77;7,74;884,24;886,01;885,12
Tesouro IPCA+ com Juros Semestrais;15/08/2032;28/06/2024;7,59;7,56;2317,80;2322,44;2320,12
Tesouro IPCA+ com Juros Semestrais;15/08/2040;28/06/2024;7,70;7,67;1272,75;1275,30;1274,02
Tesouro IPCA+ com Juros Semestrais;15/05/2055;28/06/2024;7,81;7,78;414,30;415,13;414,71
Tesouro Selic;01/03/2029;28/06/2024;0,06;0,03;14368,01;14396,80;14382,40
Tesouro Prefixado;01/01/2027;01/07/2024;12,76;12,73;739,38;740,86;740,12
Tesouro Prefixado;01/01/2029;01/07/2024;12,50;12,47;587,83;589,01;588,42
Tesouro Prefixado;01/01/2031;01/07/2024;12,46;12,43;465,95;466,88;466,42
Tesouro Prefixado com Juros Semestrais;01/01/2033;01/07/2024;12,35;12,32;371,67;372,42;372,04
Tesouro Prefixado com Juros Semestrais;01/01/2035;01/07/2024;12,30;12,27;295,88;296,48;296,18
Tesouro Prefixado com Juros Semestrais;01/01/2037;01/07/2024;12,21;12,18;237,13;237,60;237,36
Tesouro IPCA+;15/05/2029;01/07/2024;7,55;7,52;2943,93;2949,83;2946,88
Tesouro IPCA+;15/05/2035;01/07/2024;7,69;7,66;1878,68;1882,44;1880,56
Tesouro IPCA+;15/05/2045;01/07/2024;7,72;7,69;892,66;894,45;893,56
Tesouro IPCA+ com Juros Semestrais;15/08/2032;01/07/2024;7,59;7,56;2318,72;2323,37;2321,05
Tesouro IPCA+ com Juros Semestrais;15/08/2040;01/07/2024;7,74;7,71;1264,88;1267,42;1266,15
Tesouro IPCA+ com Juros Semestrais;15/05/2055;01/07/2024;7,82;7,79;413,22;414,05;413,63
Tesouro Selic;01/03/2029;01/07/2024;0,06;0,03;14371,10;14399,90;14385,50
Tesouro Prefixado;01/01/2027;02/07/2024;12,75;12,72;739,89;741,37;740,63
Tesouro Prefixado;01/01/2029;02/07/2024;12,57;12,54;586,40;587,58;586,99
Tesouro Prefixado;01/01/2031;02/07/2024;12,47;12,44;465,89;466,82;466,35
Tesouro Prefixado com Juros Semestrais;01/01/2033;02/07/2024;12,38;12,35;370,95;371,69;371,32
Tesouro Prefixado com Juros Semestrais;01/01/2035;02/07/2024;12,27;12,24;296,93;297,52;297,22
Tesouro Prefixado com Juros Semestrais;01/01/2037;02/07/2024;12,25;12,22;236,05;236,52;236,28
Tesouro IPCA+;15/05/2029;02/07/2024;7,48;7,45;2954,15;2960,07;2957,11
Tesouro IPCA+;15/05/2035;02/07/2024;7,61;7,58;1895,30;1899,10;1897,20
Tesouro IPCA+;15/05/2045;02/07/2024;7,72;7,69;892,85;894,64;893,74
Tesouro IPCA+ com Juros Semestrais;15/08/2032;02/07/2024;7,58;7,55;2320,22;2324,87;2322,54
Tesouro IPCA+ com Juros Semestrais;15/08/2040;02/07/2024;7,68;7,65;1277,42;1279,98;1278,70
Tesouro IPCA+ com Juros Semestrais;15/05/2055;02/07/2024;7,78;7,75;418,80;419,64;419,22
Tesouro Selic;01/03/2029;02/07/2024;0,07;0,04;14374,19;14403,00;14388,60
Tesouro Prefixado;01/01/2027;03/07/2024;12,88;12,85;737,95;739,43;738,69
Tesouro Prefixado;01/01/2029;03/07/2024;12,70;12,67;583,58;584,75;584,16
Tesouro Prefixado;01/01/2031;03/07/2024;12,59;12,56;462,75;463,68;463,22
Tesouro Prefixado com Juros Semestrais;01/01/2033;03/07/2024;12,49;12,46;367,92;368,66;368,29
Tesouro Prefixado com Juros Semestrais;01/01/2035;03/07/2024;12,40;12,37;293,27;293,86;293,57
Tesouro Prefixado com Juros Semestrais;01/01/2037;03/07/2024;12,35;12,32;233,71;234,18;233,95
Tesouro IPCA+;15/05/2029;03/07/2024;7,50;7,47;2952,82;2958,74;2955,78
Tesouro IPCA+;15/05/2035;03/07/2024;7,61;7,58;1895,36;1899,16;1897,26
Tesouro IPCA+;15/05/2045;03/07/2024;7,71;7,68;895,27;897,06;896,17
Tesouro IPCA+ com Juros Semestrais;15/08/2032;03/07/2024;7,52;7,49;2332,78;2337,45;2335,12
Tesouro IPCA+ com Juros Semestrais;15/08/2040;03/07/2024;7,63;7,60;1286,91;1289,49;1288,20
Tesouro IPCA+ com Juros Semestrais;15/05/2055;03/07/2024;7,77;7,74;419,78;420,62;420,20
Tesouro Selic;01/03/2029;03/07/2024;0,06;0,03;14377,29;14406,10;14391,69
Tesouro Prefixado;01/01/2027;04/07/2024;12,81;12,78;739,43;740,91;740,17
Tesouro Prefixado;01/01/2029;04/07/2024;12,64;12,61;585,14;586,31;585,72
Tesouro Prefixado;01/01/2031;04/07/2024;12,49;12,46;465,47;466,40;465,94
Tesouro Prefixado com Juros Semestrais;01/01/2033;04/07/2024;12,42;12,39;369,94;370,68;370,31
Tesouro Prefixado com Juros Semestrais;01/01/2035;04/07/2024;12,35;12,32;294,78;295,37;295,07
Tesouro Prefixado com Juros Semestrais;01/01/2037;04/07/2024;12,27;12,24;235,91;236,38;236,15
Tesouro IPCA+;15/05/2029;04/07/2024;7,40;7,37;2966,36;2972,30;2969,33
Tesouro IPCA+;15/05/2035;04/07/2024;7,50;7,47;1916,87;1920,71;1918,79
Tesouro IPCA+;15/05/2045;04/07/2024;7,60;7,57;914,58;916,41;915,49
Tesouro IPCA+ com Juros Semestrais;15/08/2032;04/07/2024;7,46;7,43;2342,78;2347,48;2345,13
Tesouro IPCA+ com Juros Semestrais;15/08/2040;04/07/2024;7,61;7,58;1291,90;1294,49;1293,19
Tesouro IPCA+ com Juros Semestrais;15/05/2055;04/07/2024;7,66;7,63;433,07;433,94;433,50
Tesouro Selic;01/03/2029;04/07/2024;0,06;0,03;14380,38;14409,20;14394,79
Tesouro Prefixado;01/01/2027;05/07/2024;12,76;12,73;740,39;741,87;741,13
Tesouro Prefixado;01/01/2029;05/07/2024;12,54;12,51;587,64;588,82;588,23
Tesouro Prefixado;01/01/2031;05/07/2024;12,39;12,36;468,42;469,36;468,89
Tesouro Prefixado com Juros Semestrais;01/01/2033;05/07/2024;12,35;12,32;372,03;372,78;372,40
Tesouro Prefixado com Juros Semestrais;01/01/2035;05/07/2024;12,26;12,23;297,52;298,11;297,82
Tesouro Prefixado com Juros Semestrais;01/01/2037;05/07/2024;12,21;12,18;237,44;237,91;237,68
Tesouro IPCA+;15/05/2029;05/07/2024;7,40;7,37;2966,99;2972,93;2969,96
Tesouro IPCA+;15/05/2035;05/07/2024;7,60;7,57;1897,88;1901,68;1899,78
Tesouro IPCA+;15/05/2045;05/07/2024;7,61;7,58;913,35;915,18;914,27
Tesouro IPCA+ com Juros Semestrais;15/08/2032;05/07/2024;7,49;7,46;2338,56;2343,25;2340,91
Tesouro IPCA+ com Juros Semestrais;15/08/2040;05/07/2024;7,58;7,55;1297,32;1299,92;1298,62
Tesouro IPCA+ com Juros Semestrais;15/05/2055;05/07/2024;7,69;7,66;430,20;431,07;430,64
Tesouro Selic;01/03/2029;05/07/2024;0,07;0,04;14383,48;14412,30;14397,89
Tesouro Prefixado;01/01/2027;08/07/2024;12,88;12,85;739,27;740,75;740,01
Tesouro Prefixado;01/01/2029;08/07/2024;12,71;12,68;584,28;585,45;584,87
Tesouro Prefixado;01/01/2031;08/07/2024;12,58;12,55;463,78;464,71;464,24
Tesouro Prefixado com Juros Semestrais;01/01/2033;08/07/2024;12,47;12,44;368,98;369,71;369,35
Tesouro Prefixado com Juros Semestrais;01/01/2035;08/07/2024;12,35;12,32;295,21;295,81;295,51
Tesouro Prefixado com Juros Semestrais;01/01/2037;08/07/2024;12,34;12,31;234,15;234,62;234,39
Tesouro IPCA+;15/05/2029;08/07/2024;7,47;7,44;2958,85;2964,78;2961,82
Tesouro IPCA+;15/05/2035;08/07/2024;7,57;7,54;1904,97;1908,78;1906,88
Tesouro IPCA+;15/05/2045;08/07/2024;7,67;7,64;903,19;905,00;904,09
Tesouro IPCA+ com Juros Semestrais;15/08/2032;08/07/2024;7,52;7,49;2334,04;2338,72;2336,38
Tesouro IPCA+ com Juros Semestrais;15/08/2040;08/07/2024;7,65;7,62;1284,50;1287,08;1285,79
Tesouro IPCA+ com Juros Semestrais;15/05/2055;08/07/2024;7,73;7,70;425,45;426,30;425,88
Tesouro Selic;01/03/2029;08/07/2024;0,07;0,04;14386,57;14415,40;14400,98
Tesouro Prefixado;01/01/2027;09/07/2024;12,92;12,89;738,77;740,25;739,51
Tesouro Prefixado;01/01/2029;09/07/2024;12,68;12,65;585,26;586,43;585,84
Tesouro Prefixado;01/01/2031;09/07/2024;12,63;12,60;462,60;463,53;463,07
Tesouro Prefixado com Juros Semestrais;01/01/2033;09/07/2024;12,51;12,48;368,17;368,91;368,54
Tesouro Prefixado com Juros Semestrais;01/01/2035;09/07/2024;12,45;12,42;292,73;293,31;293,02
Tesouro Prefixado com Juros Semestrais;01/01/2037;09/07/2024;12,41;12,38;232,61;233,08;232,85
Tesouro IPCA+;15/05/2029;09/07/2024;7,48;7,45;2958,85;2964,78;2961,81
Tesouro IPCA+;15/05/2035;09/07/2024;7,60;7,57;1899,50;1903,31;1901,41
Tesouro IPCA+;15/05/2045;09/07/2024;7,66;7,63;904,26;906,07;905,17
Tesouro IPCA+ com Juros Semestrais;15/08/2032;09/07/2024;7,53;7,50;2332,78;2337,46;2335,12
Tesouro IPCA+ com Juros Semestrais;15/08/2040;09/07/2024;7,69;7,66;1277,20;1279,76;1278,48
Tesouro IPCA+ com Juros Semestrais;15/05/2055;09/07/2024;7,76;7,73;422,17;423,02;422,59
Tesouro Selic;01/03/2029;09/07/2024;0,05;0,02;14389,66;14418,50;14404,08
Tesouro Prefixado;01/01/2027;10/07/2024;12,89;12,86;739,44;740,92;740,18
Tesouro Prefixado;01/01/2029;10/07/2024;12,70;12,67;584,91;586,08;585,49
Tesouro Prefixado;01/01/2031;10/07/2024;12,59;12,56;463,86;464,79;464,32
Tesouro Prefixado com Juros Semestrais;01/01/2033;10/07/2024;12,49;12,46;368,64;369,38;369,01
Tesouro Prefixado com Juros Semestrais;01/01/2035;10/07/2024;12,44;12,41;293,03;293,62;293,32
Tesouro Prefixado com Juros Semestrais;01/01/2037;10/07/2024;12,38;12,35;233,40;233,87;233,64
Tesouro IPCA+;15/05/2029;10/07/2024;7,44;7,41;2964,99;2970,94;2967,97
Tesouro IPCA+;15/05/2035;10/07/2024;7,62;7,59;1895,77;1899,57;1897,67
Tesouro IPCA+;15/05/2045;10/07/2024;7,71;7,68;896,36;898,16;897,26
Tesouro IPCA+ com Juros Semestrais;15/08/2032;10/07/2024;7,57;7,54;2327,10;2331,77;2329,44
Tesouro IPCA+ com Juros Semestrais;15/08/2040;10/07/2024;7,63;7,60;1288,12;1290,70;1289,41
Tesouro IPCA+ com Juros Semestrais;15/05/2055;10/07/2024;7,75;7,72;423,12;423,97;423,54
Tesouro Selic;01/03/2029;10/07/2024;0,06;0,03;14392,76;14421,60;14407,18
Tesouro Prefixado;01/01/2027;11/07/2024;13,01;12,98;737,75;739,23;738,49
Tesouro Prefixado;01/01/2029;11/07/2024;12,76;12,73;583,66;584,83;584,25
Tesouro Prefixado;01/01/2031;11/07/2024;12,70;12,67;461,07;462,00;461,53
Tesouro Prefixado com Juros Semestrais;01/01/2033;11/07/2024;12,61;12,58;365,43;366,16;365,79
Tesouro Prefixado com Juros Semestrais;01/01/2035;11/07/2024;12,57;12,54;289,65;290,23;289,94
Tesouro Prefixado com Juros Semestrais;01/01/2037;11/07/2024;12,44;12,41;231,86;232,33;232,09
Tesouro IPCA+;15/05/2029;11/07/2024;7,44;7,41;2965,53;2971,47;2968,50
Tesouro IPCA+;15/05/2035;11/07/2024;7,58;7,55;1904,67;1908,48;1906,57
Tesouro IPCA+;15/05/2045;11/07/2024;7,65;7,62;906,65;908,46;907,55
Tesouro IPCA+ com Juros Semestrais;15/08/2032;11/07/2024;7,53;7,50;2334,18;2338,85;2336,51
Tesouro IPCA+ com Juros Semestrais;15/08/2040;11/07/2024;7,59;7,56;1297,15;1299,75;1298,45
Tesouro IPCA+ com Juros Semestrais;15/05/2055;11/07/2024;7,72;7,69;426,61;427,47;427,04
Tesouro Selic;01/03/2029;11/07/2024;0,06;0,03;14395,85;14424,70;14410,28
Tesouro Prefixado;01/01/2027;12/07/2024;13,08;13,05;736,98;738,46;737,72
Tesouro Prefixado;01/01/2029;12/07/2024;12,85;12,82;581,84;583,01;582,42
Tesouro Prefixado;01/01/2031;12/07/2024;12,74;12,71;460,05;460,97;460,51
Tesouro Prefixado com Juros Semestrais;01/01/2033;12/07/2024;12,67;12,64;364,01;364,74;364,38
Tesouro Prefixado com Juros Semestrais;01/01/2035;12/07/2024;12,61;12,58;288,47;289,05;288,76
Tesouro Prefixado com Juros Semestrais;01/01/2037;12/07/2024;12,53;12,50;229,75;230,21;229,98
Tesouro IPCA+;15/05/2029;12/07/2024;7,42;7,39;2968,00;2973,94;2970,97
Tesouro IPCA+;15/05/2035;12/07/2024;7,54;7,51;1911,70;1915,53;1913,61
Tesouro IPCA+;15/05/2045;12/07/2024;7,65;7,62;906,57;908,39;907,48
Tesouro IPCA+ com Juros Semestrais;15/08/2032;12/07/2024;7,49;7,46;2342,31;2347,00;2344,65
Tesouro IPCA+ com Juros Semestrais;15/08/2040;12/07/2024;7,59;7,56;1297,44;1300,04;1298,74
Tesouro IPCA+ com Juros Semestrais;15/05/2055;12/07/2024;7,67;7,64;432,41;433,28;432,85
Tesouro Selic;01/03/2029;12/07/2024;0,06;0,03;14398,94;14427,80;14413,37
Tesouro Prefixado;01/01/2027;15/07/2024;12,97;12,94;739,47;740,95;740,21
Tesouro Prefixado;01/01/2029;15/07/2024;12,75;12,72;584,61;585,78;585,20
Tesouro Prefixado;01/01/2031;15/07/2024;12,63;12,60;463,45;464,38;463,91
Tesouro Prefixado com Juros Semestrais;01/01/2033;15/07/2024;12,57;12,54;367,24;367,97;367,61
Tesouro Prefixado com Juros Semestrais;01/01/2035;15/07/2024;12,52;12,49;291,22;291,81;291,51
Tesouro Prefixado com Juros Semestrais;01/01/2037;15/07/2024;12,41;12,38;232,99;233,45;233,22
Tesouro IPCA+;15/05/2029;15/07/2024;7,47;7,44;2962,93;2968,86;2965,90
Tesouro IPCA+;15/05/2035;15/07/2024;7,57;7,54;1907,82;1911,64;1909,73
Tesouro IPCA+;15/05/2045;15/07/2024;7,66;7,63;905,81;907,63;906,72
Tesouro IPCA+ com Juros Semestrais;15/08/2032;15/07/2024;7,54;7,51;2333,70;2338,38;2336,04
Tesouro IPCA+ com Juros Semestrais;15/08/2040;15/07/2024;7,61;7,58;1294,31;1296,90;1295,61
Tesouro IPCA+ com Juros Semestrais;15/05/2055;15/07/2024;7,73;7,70;425,50;426,35;425,92
Tesouro Selic;01/03/2029;15/07/2024;0,05;0,02;14402,04;14430,90;14416,47
Tesouro Prefixado;01/01/2027;16/07/2024;13,02;12,99;738,88;740,36;739,62
Tesouro Prefixado;01/01/2029;16/07/2024;12,79;12,76;583,89;585,06;584,48
Tesouro Prefixado;01/01/2031;16/07/2024;12,70;12,67;461,77;462,69;462,23
Tesouro Prefixado com Juros Semestrais;01/01/2033;16/07/2024;12,58;12,55;367,01;367,75;367,38
Tesouro Prefixado com Juros Semestrais;01/01/2035;16/07/2024;12,52;12,49;291,47;292,05;291,76
Tesouro Prefixado com Juros Semestrais;01/01/2037;16/07/2024;12,49;12,46;230,99;231,45;231,22
Tesouro IPCA+;15/05/2029;16/07/2024;7,46;7,43;2965,37;2971,31;2968,34
Tesouro IPCA+;15/05/2035;16/07/2024;7,55;7,52;1911,64;1915,48;1913,56
Tesouro IPCA+;15/05/2045;16/07/2024;7,62;7,59;913,43;915,26;914,34
Tesouro IPCA+ com Juros Semestrais;15/08/2032;16/07/2024;7,49;7,46;2343,51;2348,20;2345,85
Tesouro IPCA+ com Juros Semestrais;15/08/2040;16/07/2024;7,60;7,57;1296,68;1299,28;1297,98
Tesouro IPCA+ com Juros Semestrais;15/05/2055;16/07/2024;7,73;7,70;425,76;426,62;426,19
Tesouro Selic;01/03/2029;16/07/2024;0,05;0,02;14405,13;14434,00;14419,57
Tesouro Prefixado;01/01/2027;17/07/2024;13,02;12,99;739,09;740,57;739,83
Tesouro Prefixado;01/01/2029;17/07/2024;12,86;12,83;582,60;583,77;583,18
Tesouro Prefixado;01/01/2031;17/07/2024;12,69;12,66;462,06;462,99;462,53
Tesouro Prefixado com Juros Semestrais;01/01/2033;17/07/2024;12,60;12,57;366,42;367,16;366,79
Tesouro Prefixado com Juros Semestrais;01/01/2035;17/07/2024;12,58;12,55;289,92;290,51;290,22
Tesouro Prefixado com Juros Semestrais;01/01/2037;17/07/2024;12,51;12,48;230,46;230,92;230,69
Tesouro IPCA+;15/05/2029;17/07/2024;7,41;7,38;2972,07;2978,03;2975,05
Tesouro IPCA+;15/05/2035;17/07/2024;7,52;7,49;1917,12;1920,96;1919,04
Tesouro IPCA+;15/05/2045;17/07/2024;7,65;7,62;907,54;909,36;908,45
Tesouro IPCA+ com Juros Semestrais;15/08/2032;17/07/2024;7,49;7,46;2344,05;2348,74;2346,40
Tesouro IPCA+ com Juros Semestrais;15/08/2040;17/07/2024;7,57;7,54;1301,73;1304,34;1303,03
Tesouro IPCA+ com Juros Semestrais;15/05/2055;17/07/2024;7,70;7,67;429,88;430,74;430,31
Tesouro Selic;01/03/2029;17/07/2024;0,06;0,03;14408,23;14437,10;14422,66
Tesouro Prefixado;01/01/2027;18/07/2024;13,02;12,99;739,32;740,80;740,06
Tesouro Prefixado;01/01/2029;18/07/2024;12,84;12,81;583,12;584,29;583,70
Tesouro Prefixado;01/01/2031;18/07/2024;12,74;12,71;460,87;461,79;461,33
Tesouro Prefixado com Juros Semestrais;01/01/2033;18/07/2024;12,63;12,60;365,79;366,53;366,16
Tesouro Prefixado com Juros Semestrais;01/01/2035;18/07/2024;12,54;12,51;290,90;291,49;291,19
Tesouro Prefixado com Juros Semestrais;01/01/2037;18/07/2024;12,55;12,52;229,59;230,05;229,82
Tesouro IPCA+;15/05/2029;18/07/2024;7,37;7,34;2978,39;2984,36;2981,37
Tesouro IPCA+;15/05/2035;18/07/2024;7,55;7,52;1911,92;1915,75;1913,84
Tesouro IPCA+;15/05/2045;18/07/2024;7,64;7,61;910,01;911,83;910,92
Tesouro IPCA+ com Juros Semestrais;15/08/2032;18/07/2024;7,49;7,46;2344,30;2349,00;2346,65
Tesouro IPCA+ com Juros Semestrais;15/08/2040;18/07/2024;7,58;7,55;1300,14;1302,74;1301,44
Tesouro IPCA+ com Juros Semestrais;15/05/2055;18/07/2024;7,69;7,66;431,35;432,21;431,78
Tesouro Selic;01/03/2029;18/07/2024;0,07;0,04;14411,32;14440,20;14425,76
Tesouro Prefixado;01/01/2027;19/07/2024;13,05;13,02;739,09;740,57;739,83
Tesouro Prefixado;01/01/2029;19/07/2024;12,86;12,83;583,02;584,19;583,61
Tesouro Prefixado;01/01/2031;19/07/2024;12,75;12,72;460,81;461,74;461,27
Tesouro Prefixado com Juros Semestrais;01/01/2033;19/07/2024;12,70;12,67;364,05;364,78;364,41
Tesouro Prefixado com Juros Semestrais;01/01/2035;19/07/2024;12,61;12,58;289,28;289,85;289,56
Tesouro Prefixado com Juros Semestrais;01/01/2037;19/07/2024;12,54;12,51;229,88;230,34;230,11
Tesouro IPCA+;15/05/2029;19/07/2024;7,42;7,39;2972,81;2978,77;2975,79
Tesouro IPCA+;15/05/2035;19/07/2024;7,51;7,48;1920,62;1924,47;1922,54
Tesouro IPCA+;15/05/2045;19/07/2024;7,62;7,59;913,01;914,84;913,93
Tesouro IPCA+ com Juros Semestrais;15/08/2032;19/07/2024;7,52;7,49;2338,76;2343,45;2341,11
Tesouro IPCA+ com Juros Semestrais;15/08/2040;19/07/2024;7,56;7,53;1304,83;1307,45;1306,14
Tesouro IPCA+ com Juros Semestrais;15/05/2055;19/07/2024;7,73;7,70;426,64;427,50;427,07
Tesouro Selic;01/03/2029;19/07/2024;0,06;0,03;14414,41;14443,30;14428,86
Tesouro Prefixado;01/01/2027;22/07/2024;13,04;13,01;740,06;741,54;740,80
Tesouro Prefixado;01/01/2029;22/07/2024;12,85;12,82;583,74;584,91;584,33
Tesouro Prefixado;01/01/2031;22/07/2024;12,76;12,73;461,11;462,03;461,57
Tesouro Prefixado com Juros Semestrais;01/01/2033;22/07/2024;12,68;12,65;364,80;365,53;365,17
Tesouro Prefixado com Juros Semestrais;01/01/2035;22/07/2024;12,60;12,57;289,71;290,29;290,00
Tesouro Prefixado com Juros Semestrais;01/01/2037;22/07/2024;12,56;12,53;229,67;230,13;229,90
Tesouro IPCA+;15/05/2029;22/07/2024;7,40;7,37;2976,62;2982,59;2979,60
Tesouro IPCA+;15/05/2035;22/07/2024;7,52;7,49;1918,81;1922,65;1920,73
Tesouro IPCA+;15/05/2045;22/07/2024;7,66;7,63;907,60;909,42;908,51
Tesouro IPCA+ com Juros Semestrais;15/08/2032;22/07/2024;7,48;7,45;2348,74;2353,45;2351,10
Tesouro IPCA+ com Juros Semestrais;15/08/2040;22/07/2024;7,61;7,58;1296,81;1299,41;1298,11
Tesouro IPCA+ com Juros Semestrais;15/05/2055;22/07/2024;7,69;7,66;431,74;432,61;432,17
Tesouro Selic;01/03/2029;22/07/2024;0,06;0,03;14417,51;14446,40;14431,95
Tesouro Prefixado;01/01/2027;23/07/2024;13,07;13,04;739,90;741,38;740,64
Tesouro Prefixado;01/01/2029;23/07/2024;12,89;12,86;582,93;584,10;583,52
Tesouro Prefixado;01/01/2031;23/07/2024;12,76;12,73;461,22;462,14;461,68
Tesouro Prefixado com Juros Semestrais;01/01/2033;23/07/2024;12,71;12,68;364,34;365,07;364,70
Tesouro Prefixado com Juros Semestrais;01/01/2035;23/07/2024;12,62;12,59;289,37;289,95;289,66
Tesouro Prefixado com Juros Semestrais;01/01/2037;23/07/2024;12,58;12,55;229,10;229,56;229,33
Tesouro IPCA+;15/05/2029;23/07/2024;7,38;7,35;2980,37;2986,34;2983,36
Tesouro IPCA+;15/05/2035;23/07/2024;7,51;7,48;1921,36;1925,21;1923,29
Tesouro IPCA+;15/05/2045;23/07/2024;7,59;7,56;920,02;921,86;920,94
Tesouro IPCA+ com Juros Semestrais;15/08/2032;23/07/2024;7,46;7,43;2351,70;2356,42;2354,06
Tesouro IPCA+ com Juros Semestrais;15/08/2040;23/07/2024;7,55;7,52;1307,13;1309,75;1308,44
Tesouro IPCA+ com Juros Semestrais;15/05/2055;23/07/2024;7,65;7,62;436,64;437,51;437,08
Tesouro Selic;01/03/2029;23/07/2024;0,07;0,04;14420,60;14449,50;14435,05
Tesouro Prefixado;01/01/2027;24/07/2024;13,10;13,07;739,60;741,08;740,34
Tesouro Prefixado;01/01/2029;24/07/2024;12,91;12,88;582,62;583,79;583,21
Tesouro Prefixado;01/01/2031;24/07/2024;12,79;12,76;460,56;461,48;461,02
Tesouro Prefixado com Juros Semestrais;01/01/2033;24/07/2024;12,72;12,69;364,10;364,83;364,46
Tesouro Prefixado com Juros Semestrais;01/01/2035;24/07/2024;12,64;12,61;288,88;289,46;289,17
Tesouro Prefixado com Juros Semestrais;01/01/2037;24/07/2024;12,60;12,57;228,85;229,31;229,08
Tesouro IPCA+;15/05/2029;24/07/2024;7,39;7,36;2979,30;2985,28;2982,29
Tesouro IPCA+;15/05/2035;24/07/2024;7,45;7,42;1933,11;1936,98;1935,05
Tesouro IPCA+;15/05/2045;24/07/2024;7,57;7,54;923,77;925,62;924,70
Tesouro IPCA+ com Juros Semestrais;15/08/2032;24/07/2024;7,41;7,38;2362,04;2366,77;2364,40
Tesouro IPCA+ com Juros Semestrais;15/08/2040;24/07/2024;7,54;7,51;1310,05;1312,67;1311,36
Tesouro IPCA+ com Juros Semestrais;15/05/2055;24/07/2024;7,60;7,57;442,06;442,94;442,50
Tesouro Selic;01/03/2029;24/07/2024;0,06;0,03;14423,69;14452,60;14438,15
Tesouro Prefixado;01/01/2027;25/07/2024;13,05;13,02;740,65;742,13;741,39
Tesouro Prefixado;01/01/2029;25/07/2024;12,85;12,82;584,26;585,43;584,85
Tesouro Prefixado;01/01/2031;25/07/2024;12,75;12,72;461,74;462,66;462,20
Tesouro Prefixado com Juros Semestrais;01/01/2033;25/07/2024;12,69;12,66;364,98;365,71;365,34
Tesouro Prefixado com Juros Semestrais;01/01/2035;25/07/2024;12,58;12,55;290,69;291,27;290,98
Tesouro Prefixado com Juros Semestrais;01/01/2037;25/07/2024;12,57;12,54;229,68;230,14;229,91
Tesouro IPCA+;15/05/2029;25/07/2024;7,42;7,39;2975,86;2981,83;2978,85
Tesouro IPCA+;15/05/2035;25/07/2024;7,48;7,45;1928,01;1931,88;1929,95
Tesouro IPCA+;15/05/2045;25/07/2024;7,62;7,59;915,05;916,88;915,97
Tesouro IPCA+ com Juros Semestrais;15/08/2032;25/07/2024;7,44;7,41;2357,04;2361,76;2359,40
Tesouro IPCA+ com Juros Semestrais;15/08/2040;25/07/2024;7,54;7,51;1310,03;1312,66;1311,34
Tesouro IPCA+ com Juros Semestrais;15/05/2055;25/07/2024;7,63;7,60;439,21;440,09;439,65
Tesouro Selic;01/03/2029;25/07/2024;0,06;0,03;14426,79;14455,70;14441,24
Tesouro Prefixado;01/01/2027;26/07/2024;13,04;13,01;741,09;742,57;741,83
Tesouro Prefixado;01/01/2029;26/07/2024;12,87;12,84;583,95;585,12;584,54
Tesouro Prefixado;01/01/2031;26/07/2024;12,76;12,73;461,64;462,56;462,10
Tesouro Prefixado com Juros Semestrais;01/01/2033;26/07/2024;12,69;12,66;365,13;365,87;365,50
Tesouro Prefixado com Juros Semestrais;01/01/2035;26/07/2024;12,61;12,58;289,93;290,51;290,22
Tesouro Prefixado com Juros Semestrais;01/01/2037;26/07/2024;12,55;12,52;230,08;230,54;230,31
Tesouro IPCA+;15/05/2029;26/07/2024;7,38;7,35;2981,21;2987,18;2984,19
Tesouro IPCA+;15/05/2035;26/07/2024;7,56;7,53;1913,54;1917,38;1915,46
Tesouro IPCA+;15/05/2045;26/07/2024;7,63;7,60;914,02;915,85;914,94
Tesouro IPCA+ com Juros Semestrais;15/08/2032;26/07/2024;7,50;7,47;2346,51;2351,21;2348,86
Tesouro IPCA+ com Juros Semestrais;15/08/2040;26/07/2024;7,60;7,57;1298,17;1300,77;1299,47
Tesouro IPCA+ com Juros Semestrais;15/05/2055;26/07/2024;7,67;7,64;433,99;434,86;434,43
Tesouro Selic;01/03/2029;26/07/2024;0,06;0,03;14429,88;14458,80;14444,34
Tesouro Prefixado;01/01/2027;29/07/2024;12,97;12,94;742,85;744,34;743,60
Tesouro Prefixado;01/01/2029;29/07/2024;12,83;12,80;585,45;586,62;586,04
Tesouro Prefixado;01/01/2031;29/07/2024;12,68;12,65;464,21;465,14;464,68
Tesouro Prefixado com Juros Semestrais;01/01/2033;29/07/2024;12,62;12,59;367,33;368,07;367,70
Tesouro Prefixado com Juros Semestrais;01/01/2035;29/07/2024;12,54;12,51;291,98;292,56;292,27
Tesouro Prefixado com Juros Semestrais;01/01/2037;29/07/2024;12,49;12,46;232,04;232,50;232,27
Tesouro IPCA+;15/05/2029;29/07/2024;7,40;7,37;2980,98;2986,96;2983,97
Tesouro IPCA+;15/05/2035;29/07/2024;7,52;7,49;1921,72;1925,57;1923,64
Tesouro IPCA+;15/05/2045;29/07/2024;7,59;7,56;920,37;922,22;921,30
Tesouro IPCA+ com Juros Semestrais;15/08/2032;29/07/2024;7,46;7,43;2355,21;2359,93;2357,57
Tesouro IPCA+ com Juros Semestrais;15/08/2040;29/07/2024;7,53;7,50;1314,30;1316,93;1315,61
Tesouro IPCA+ com Juros Semestrais;15/05/2055;29/07/2024;7,67;7,64;434,69;435,56;435,12
Tesouro Selic;01/03/2029;29/07/2024;0,06;0,03;14432,98;14461,90;14447,44
Tesouro Prefixado;01/01/2027;30/07/2024;13,01;12,98;742,54;744,03;743,29
Tesouro Prefixado;01/01/2029;30/07/2024;12,83;12,80;585,76;586,93;586,34
Tesouro Prefixado;01/01/2031;30/07/2024;12,68;12,65;464,34;465,27;464,81
Tesouro Prefixado com Juros Semestrais;01/01/2033;30/07/2024;12,64;12,61;366,96;367,70;367,33
Tesouro Prefixado com Juros Semestrais;01/01/2035;30/07/2024;12,55;12,52;291,87;292,46;292,16
Tesouro Prefixado com Juros Semestrais;01/01/2037;30/07/2024;12,54;12,51;230,82;231,29;231,06
Tesouro IPCA+;15/05/2029;30/07/2024;7,41;7,38;2979,86;2985,83;2982,85
Tesouro IPCA+;15/05/2035;30/07/2024;7,53;7,50;1920,61;1924,46;1922,53
Tesouro IPCA+;15/05/2045;30/07/2024;7,60;7,57;919,72;921,57;920,65
Tesouro IPCA+ com Juros Semestrais;15/08/2032;30/07/2024;7,49;7,46;2349,21;2353,92;2351,57
Tesouro IPCA+ com Juros Semestrais;15/08/2040;30/07/2024;7,54;7,51;1312,46;1315,09;1313,78
Tesouro IPCA+ com Juros Semestrais;15/05/2055;30/07/2024;7,66;7,63;435,76;436,63;436,19
Tesouro Selic;01/03/2029;30/07/2024;0,06;0,03;14436,07;14465,00;14450,53
Tesouro Prefixado;01/01/2027;31/07/2024;12,95;12,92;743,77;745,26;744,52
Tesouro Prefixado;01/01/2029;31/07/2024;12,79;12,76;586,82;588,00;587,41
Tesouro Prefixado;01/01/2031;31/07/2024;12,67;12,64;464,68;465,61;465,15
Tesouro Prefixado com Juros Semestrais;01/01/2033;31/07/2024;12,60;12,57;368,08;368,81;368,44
Tesouro Prefixado com Juros Semestrais;01/01/2035;31/07/2024;12,54;12,51;292,28;292,86;292,57
Tesouro Prefixado com Juros Semestrais;01/01/2037;31/07/2024;12,48;12,45;232,24;232,70;232,47
Tesouro IPCA+;15/05/2029;31/07/2024;7,34;7,31;2989,43;2995,42;2992,43
Tesouro IPCA+;15/05/2035;31/07/2024;7,53;7,50;1920,89;1924,74;1922,82
Tesouro IPCA+;15/05/2045;31/07/2024;7,57;7,54;925,13;926,99;926,06
Tesouro IPCA+ com Juros Semestrais;15/08/2032;31/07/2024;7,44;7,41;2358,62;2363,35;2360,99
Tesouro IPCA+ com Juros Semestrais;15/08/2040;31/07/2024;7,53;7,50;1314,29;1316,92;1315,60
Tesouro IPCA+ com Juros Semestrais;15/05/2055;31/07/2024;7,56;7,53;448,13;449,03;448,58
Tesouro Selic;01/03/2029;31/07/2024;0,05;0,02;14439,16;14468,10;14453,63
Tesouro Prefixado;01/01/2027;01/08/2024;12,95;12,92;743,99;745,48;744,74
Tesouro Prefixado;01/01/2029;01/08/2024;12,81;12,78;586,48;587,66;587,07
Tesouro Prefixado;01/01/2031;01/08/2024;12,67;12,64;465,05;465,98;465,52
Tesouro Prefixado com Juros Semestrais;01/01/2033;01/08/2024;12,57;12,54;369,00;369,74;369,37
Tesouro Prefixado com Juros Semestrais;01/01/2035;01/08/2024;12,53;12,50;292,58;293,16;292,87
Tesouro Prefixado com Juros Semestrais;01/01/2037;01/08/2024;12,49;12,46;232,13;232,59;232,36
Tesouro IPCA+;15/05/2029;01/08/2024;7,27;7,24;3000,26;3006,27;3003,27
Tesouro IPCA+;15/05/2035;01/08/2024;7,42;7,39;1942,91;1946,81;1944,86
Tesouro IPCA+;15/05/2045;01/08/2024;7,49;7,46;940,26;942,14;941,20
Tesouro IPCA+ com Juros Semestrais;15/08/2032;01/08/2024;7,36;7,33;2374,52;2379,28;2376,90
Tesouro IPCA+ com Juros Semestrais;15/08/2040;01/08/2024;7,45;7,42;1329,10;1331,76;1330,43
Tesouro IPCA+ com Juros Semestrais;15/05/2055;01/08/2024;7,55;7,52;450,02;450,92;450,47
Tesouro Selic;01/03/2029;01/08/2024;0,06;0,03;14442,26;14471,20;14456,73
Tesouro Prefixado;01/01/2027;02/08/2024;13,14;13,11;741,25;742,74;741,99
Tesouro Prefixado;01/01/2029;02/08/2024;12,92;12,89;584,28;585,45;584,87
Tesouro Prefixado;01/01/2031;02/08/2024;12,85;12,82;460,35;461,28;460,82
Tesouro Prefixado com Juros Semestrais;01/01/2033;02/08/2024;12,75;12,72;364,41;365,15;364,78
Tesouro Prefixado com Juros Semestrais;01/01/2035;02/08/2024;12,69;12,66;288,50;289,08;288,79
Tesouro Prefixado com Juros Semestrais;01/01/2037;02/08/2024;12,60;12,57;229,47;229,93;229,70
Tesouro IPCA+;15/05/2029;02/08/2024;7,28;7,25;2998,46;3004,47;3001,47
Tesouro IPCA+;15/05/2035;02/08/2024;7,39;7,36;1949,71;1953,62;1951,67
Tesouro IPCA+;15/05/2045;02/08/2024;7,50;7,47;938,41;940,29;939,35
Tesouro IPCA+ com Juros Semestrais;15/08/2032;02/08/2024;7,40;7,37;2366,71;2371,45;2369,08
Tesouro IPCA+ com Juros Semestrais;15/08/2040;02/08/2024;7,42;7,39;1335,20;1337,87;1336,53
Tesouro IPCA+ com Juros Semestrais;15/05/2055;02/08/2024;7,55;7,52;449,33;450,23;449,78
Tesouro Selic;01/03/2029;02/08/2024;0,06;0,03;14445,35;14474,30;14459,83
Tesouro Prefixado;01/01/2027;05/08/2024;13,09;13,06;742,73;744,22;743,48
Tesouro Prefixado;01/01/2029;05/08/2024;12,91;12,88;584,95;586,12;585,53
Tesouro Prefixado;01/01/2031;05/08/2024;12,85;12,82;460,78;461,70;461,24
Tesouro Prefixado com Juros Semestrais;01/01/2033;05/08/2024;12,75;12,72;364,80;365,53;365,17
Tesouro Prefixado com Juros Semestrais;01/01/2035;05/08/2024;12,70;12,67;288,42;289,00;288,71
Tesouro Prefixado com Juros Semestrais;01/01/2037;05/08/2024;12,64;12,61;228,54;229,00;228,77
Tesouro IPCA+;15/05/2029;05/08/2024;7,30;7,27;2997,87;3003,88;3000,88
Tesouro IPCA+;15/05/2035;05/08/2024;7,48;7,45;1932,18;1936,05;1934,11
Tesouro IPCA+;15/05/2045;05/08/2024;7,55;7,52;928,79;930,65;929,72
Tesouro IPCA+ com Juros Semestrais;15/08/2032;05/08/2024;7,41;7,38;2366,04;2370,78;2368,41
Tesouro IPCA+ com Juros Semestrais;15/08/2040;05/08/2024;7,52;7,49;1317,35;1319,99;1318,67
Tesouro IPCA+ com Juros Semestrais;15/05/2055;05/08/2024;7,57;7,54;447,59;448,49;448,04
Tesouro Selic;01/03/2029;05/08/2024;0,07;0,04;14448,45;14477,40;14462,92
Tesouro Prefixado;01/01/2027;06/08/2024;13,14;13,11;742,19;743,68;742,94
Tesouro Prefixado;01/01/2029;06/08/2024;12,97;12,94;583,94;585,11;584,53
Tesouro Prefixado;01/01/2031;06/08/2024;12,85;12,82;460,90;461,83;461,37
Tesouro Prefixado com Juros Semestrais;01/01/2033;06/08/2024;12,77;12,74;364,21;364,94;364,57
Tesouro Prefixado com Juros Semestrais;01/01/2035;06/08/2024;12,76;12,73;286,84;287,42;287,13
Tesouro Prefixado com Juros Semestrais;01/01/2037;06/08/2024;12,68;12,65;227,63;228,08;227,86
Tesouro IPCA+;15/05/2029;06/08/2024;7,26;7,23;3003,55;3009,57;3006,56
Tesouro IPCA+;15/05/2035;06/08/2024;7,40;7,37;1948,27;1952,17;1950,22
Tesouro IPCA+;15/05/2045;06/08/2024;7,52;7,49;934,73;936,61;935,67
Tesouro IPCA+ com Juros Semestrais;15/08/2032;06/08/2024;7,38;7,35;2371,92;2376,68;2374,30
Tesouro IPCA+ com Juros Semestrais;15/08/2040;06/08/2024;7,45;7,42;1330,38;1333,05;1331,72
Tesouro IPCA+ com Juros Semestrais;15/05/2055;06/08/2024;7,55;7,52;449,97;450,87;450,42
Tesouro Selic;01/03/2029;06/08/2024;0,06;0,03;14451,54;14480,50;14466,02
Tesouro Prefixado;01/01/2027;07/08/2024;13,17;13,14;741,93;743,42;742,67
Tesouro Prefixado;01/01/2029;07/08/2024;12,99;12,96;583,70;584,87;584,28
Tesouro Prefixado;01/01/2031;07/08/2024;12,84;12,81;461,41;462,33;461,87
Tesouro Prefixado com Juros Semestrais;01/01/2033;07/08/2024;12,82;12,79;363,06;363,79;363,42
Tesouro Prefixado com Juros Semestrais;01/01/2035;07/08/2024;12,72;12,69;287,94;288,52;288,23
Tesouro Prefixado com Juros Semestrais;01/01/2037;07/08/2024;12,64;12,61;228,74;229,20;228,97
Tesouro IPCA+;15/05/2029;07/08/2024;7,29;7,26;3000,73;3006,74;3003,73
Tesouro IPCA+;15/05/2035;07/08/2024;7,43;7,40;1942,43;1946,32;1944,38
Tesouro IPCA+;15/05/2045;07/08/2024;7,48;7,45;942,87;944,75;943,81
Tesouro IPCA+ com Juros Semestrais;15/08/2032;07/08/2024;7,39;7,36;2371,18;2375,93;2373,56
Tesouro IPCA+ com Juros Semestrais;15/08/2040;07/08/2024;7,49;7,46;1323,22;1325,87;1324,55
Tesouro IPCA+ com Juros Semestrais;15/05/2055;07/08/2024;7,55;7,52;449,93;450,83;450,38
Tesouro Selic;01/03/2029;07/08/2024;0,06;0,03;14454,63;14483,60;14469,12
Tesouro Prefixado;01/01/2027;08/08/2024;13,08;13,05;743,58;745,07;744,33
Tesouro Prefixado;01/01/2029;08/08/2024;12,89;12,86;586,09;587,27;586,68
Tesouro Prefixado;01/01/2031;08/08/2024;12,81;12,78;462,28;463,21;462,74
Tesouro Prefixado com Juros Semestrais;01/01/2033;08/08/2024;12,66;12,63;367,59;368,33;367,96
Tesouro Prefixado com Juros Semestrais;01/01/2035;08/08/2024;12,66;12,63;289,86;290,44;290,15
Tesouro Prefixado com Juros Semestrais;01/01/2037;08/08/2024;12,61;12,58;229,72;230,18;229,95
Tesouro IPCA+;15/05/2029;08/08/2024;7,37;7,34;2990,39;2996,38;2993,38
Tesouro IPCA+;15/05/2035;08/08/2024;7,48;7,45;1933,13;1937,00;1935,07
Tesouro IPCA+;15/05/2045;08/08/2024;7,59;7,56;922,00;923,85;922,92
Tesouro IPCA+ com Juros Semestrais;15/08/2032;08/08/2024;7,42;7,39;2367,11;2371,85;2369,48
Tesouro IPCA+ com Juros Semestrais;15/08/2040;08/08/2024;7,52;7,49;1318,28;1320,92;1319,60
Tesouro IPCA+ com Juros Semestrais;15/05/2055;08/08/2024;7,60;7,57;443,77;444,66;444,21
Tesouro Selic;01/03/2029;08/08/2024;0,07;0,04;14457,73;14486,70;14472,21
Tesouro Prefixado;01/01/2027;09/08/2024;13,13;13,10;743,06;744,55;743,80
Tesouro Prefixado;01/01/2029;09/08/2024;12,86;12,83;587,01;588,19;587,60
Tesouro Prefixado;01/01/2031;09/08/2024;12,76;12,73;463,69;464,61;464,15
Tesouro Prefixado com Juros Semestrais;01/01/2033;09/08/2024;12,70;12,67;366,46;367,19;366,83
Tesouro Prefixado com Juros Semestrais;01/01/2035;09/08/2024;12,60;12,57;291,34;291,92;291,63
Tesouro Prefixado com Juros Semestrais;01/01/2037;09/08/2024;12,55;12,52;231,18;231,64;231,41
Tesouro IPCA+;15/05/2029;09/08/2024;7,39;7,36;2988,03;2994,02;2991,02
Tesouro IPCA+;15/05/2035;09/08/2024;7,57;7,54;1916,60;1920,44;1918,52
Tesouro IPCA+;15/05/2045;09/08/2024;7,63;7,60;915,00;916,83;915,91
Tesouro IPCA+ com Juros Semestrais;15/08/2032;09/08/2024;7,50;7,47;2353,17;2357,89;2355,53
Tesouro IPCA+ com Juros Semestrais;15/08/2040;09/08/2024;7,57;7,54;1307,81;1310,43;1309,12
Tesouro IPCA+ com Juros Semestrais;15/05/2055;09/08/2024;7,69;7,66;432,76;433,62;433,19
Tesouro Selic;01/03/2029;09/08/2024;0,06;0,03;14460,82;14489,80;14475,31
Tesouro Prefixado;01/01/2027;12/08/2024;13,10;13,07;744,32;745,81;745,07
Tesouro Prefixado;01/01/2029;12/08/2024;12,91;12,88;586,48;587,66;587,07
Tesouro Prefixado;01/01/2031;12/08/2024;12,81;12,78;462,82;463,75;463,29
Tesouro Prefixado com Juros Semestrais;01/01/2033;12/08/2024;12,74;12,71;365,77;366,50;366,13
Tesouro Prefixado com Juros Semestrais;01/01/2035;12/08/2024;12,64;12,61;290,69;291,27;290,98
Tesouro Prefixado com Juros Semestrais;01/01/2037;12/08/2024;12,57;12,54;230,82;231,28;231,05
Tesouro IPCA+;15/05/2029;12/08/2024;7,40;7,37;2988,49;2994,48;2991,49
Tesouro IPCA+;15/05/2035;12/08/2024;7,53;7,50;1925,14;1928,99;1927,07
Tesouro IPCA+;15/05/2045;12/08/2024;7,62;7,59;917,70;919,54;918,62
Tesouro IPCA+ com Juros Semestrais;15/08/2032;12/08/2024;7,52;7,49;2350,93;2355,65;2353,29
Tesouro IPCA+ com Juros Semestrais;15/08/2040;12/08/2024;7,55;7,52;1312,41;1315,04;1313,72
Tesouro IPCA+ com Juros Semestrais;15/05/2055;12/08/2024;7,68;7,65;433,83;434,70;434,27
Tesouro Selic;01/03/2029;12/08/2024;0,06;0,03;14463,91;14492,90;14478,41
Tesouro Prefixado;01/01/2027;13/08/2024;13,14;13,11;743,94;745,43;744,68
Tesouro Prefixado;01/01/2029;13/08/2024;12,94;12,91;586,03;587,20;586,61
Tesouro Prefixado;01/01/2031;13/08/2024;12,83;12,80;462,65;463,58;463,11
Tesouro Prefixado com Juros Semestrais;01/01/2033;13/08/2024;12,72;12,69;366,32;367,06;366,69
Tesouro Prefixado com Juros Semestrais;01/01/2035;13/08/2024;12,66;12,63;290,21;290,79;290,50
Tesouro Prefixado com Juros Semestrais;01/01/2037;13/08/2024;12,58;12,55;230,64;231,10;230,87
Tesouro IPCA+;15/05/2029;13/08/2024;7,41;7,38;2988,03;2994,02;2991,02
Tesouro IPCA+;15/05/2035;13/08/2024;7,55;7,52;1922,59;1926,44;1924,52
Tesouro IPCA+;15/05/2045;13/08/2024;7,59;7,56;923,37;925,22;924,29
Tesouro IPCA+ com Juros Semestrais;15/08/2032;13/08/2024;7,49;7,46;2355,60;2360,32;2357,96
Tesouro IPCA+ com Juros Semestrais;15/08/2040;13/08/2024;7,63;7,60;1298,33;1300,93;1299,63
Tesouro IPCA+ com Juros Semestrais;15/05/2055;13/08/2024;7,66;7,63;437,19;438,07;437,63
Tesouro Selic;01/03/2029;13/08/2024;0,06;0,03;14467,01;14496,00;14481,50
Tesouro Prefixado;01/01/2027;14/08/2024;13,16;13,13;743,87;745,36;744,62
Tesouro Prefixado;01/01/2029;14/08/2024;12,96;12,93;585,73;586,91;586,32
Tesouro Prefixado;01/01/2031;14/08/2024;12,83;12,80;462,62;463,55;463,09
Tesouro Prefixado com Juros Semestrais;01/01/2033;14/08/2024;12,76;12,73;365,46;366,19;365,83
Tesouro Prefixado com Juros Semestrais;01/01/2035;14/08/2024;12,71;12,68;289,08;289,66;289,37
Tesouro Prefixado com Juros Semestrais;01/01/2037;14/08/2024;12,60;12,57;230,42;230,88;230,65
Tesouro IPCA+;15/05/2029;14/08/2024;7,41;7,38;2988,29;2994,28;2991,29
Tesouro IPCA+;15/05/2035;14/08/2024;7,56;7,53;1920,90;1924,75;1922,83
Tesouro IPCA+;15/05/2045;14/08/2024;7,61;7,58;921,21;923,05;922,13
Tesouro IPCA+ com Juros Semestrais;15/08/2032;14/08/2024;7,45;7,42;2363,86;2368,59;2366,23
Tesouro IPCA+ com Juros Semestrais;15/08/2040;14/08/2024;7,59;7,56;1305,15;1307,77;1306,46
Tesouro IPCA+ com Juros Semestrais;15/05/2055;14/08/2024;7,65;7,62;438,77;439,65;439,21
Tesouro Selic;01/03/2029;14/08/2024;0,06;0,03;14470,10;14499,10;14484,60
Tesouro Prefixado;01/01/2027;15/08/2024;13,28;13,25;742,28;743,76;743,02
Tesouro Prefixado;01/01/2029;15/08/2024;13,03;13,00;584,29;585,46;584,88
Tesouro Prefixado;01/01/2031;15/08/2024;12,94;12,91;459,94;460,86;460,40
Tesouro Prefixado com Juros Semestrais;01/01/2033;15/08/2024;12,88;12,85;362,47;363,19;362,83
Tesouro Prefixado com Juros Semestrais;01/01/2035;15/08/2024;12,76;12,73;287,65;288,23;287,94
Tesouro Prefixado com Juros Semestrais;01/01/2037;15/08/2024;12,69;12,66;228,02;228,47;228,24
Tesouro IPCA+;15/05/2029;15/08/2024;7,43;7,40;2986,82;2992,81;2989,81
Tesouro IPCA+;15/05/2035;15/08/2024;7,53;7,50;1927,02;1930,88;1928,95
Tesouro IPCA+;15/05/2045;15/08/2024;7,64;7,61;914,69;916,52;915,60
Tesouro IPCA+ com Juros Semestrais;15/08/2032;15/08/2024;7,50;7,47;2356,02;2360,75;2358,38
Tesouro IPCA+ com Juros Semestrais;15/08/2040;15/08/2024;7,61;7,58;1302,46;1305,07;1303,76
Tesouro IPCA+ com Juros Semestrais;15/05/2055;15/08/2024;7,72;7,69;429,41;430,27;429,84
Tesouro Selic;01/03/2029;15/08/2024;0,06;0,03;14473,20;14502,20;14487,70
Tesouro Prefixado;01/01/2027;16/08/2024;13,20;13,17;743,73;745,22;744,47
Tesouro Prefixado;01/01/2029;16/08/2024;12,99;12,96;585,28;586,45;585,87
Tesouro Prefixado;01/01/2031;16/08/2024;12,86;12,83;462,32;463,25;462,79
Tesouro Prefixado com Juros Semestrais;01/01/2033;16/08/2024;12,79;12,76;364,79;365,52;365,16
Tesouro Prefixado com Juros Semestrais;01/01/2035;16/08/2024;12,71;12,68;289,14;289,72;289,43
Tesouro Prefixado com Juros Semestrais;01/01/2037;16/08/2024;12,67;12,64;228,79;229,24;229,01
Tesouro IPCA+;15/05/2029;16/08/2024;7,43;7,40;2986,78;2992,77;2989,78
Tesouro IPCA+;15/05/2035;16/08/2024;7,58;7,55;1917,78;1921,62;1919,70
Tesouro IPCA+;15/05/2045;16/08/2024;7,67;7,64;909,78;911,60;910,69
Tesouro IPCA+ com Juros Semestrais;15/08/2032;16/08/2024;7,48;7,45;2360,24;2364,97;2362,60
Tesouro IPCA+ com Juros Semestrais;15/08/2040;16/08/2024;7,63;7,60;1298,44;1301,04;1299,74
Tesouro IPCA+ com Juros Semestrais;15/05/2055;16/08/2024;7,73;7,70;428,23;429,09;428,66
Tesouro Selic;01/03/2029;16/08/2024;0,06;0,03;14476,29;14505,30;14490,79
Tesouro Prefixado;01/01/2027;19/08/2024;13,25;13,22;743,74;745,23;744,48
Tesouro Prefixado;01/01/2029;19/08/2024;13,06;13,03;584,47;585,64;585,05
Tesouro Prefixado;01/01/2031;19/08/2024;12,96;12,93;459,99;460,91;460,45
Tesouro Prefixado com Juros Semestrais;01/01/2033;19/08/2024;12,84;12,81;363,80;364,53;364,17
Tesouro Prefixado com Juros Semestrais;01/01/2035;19/08/2024;12,80;12,77;287,17;287,75;287,46
Tesouro Prefixado com Juros Semestrais;01/01/2037;19/08/2024;12,76;12,73;226,73;227,18;226,96
Tesouro IPCA+;15/05/2029;19/08/2024;7,54;7,51;2973,98;2979,94;2976,96
Tesouro IPCA+;15/05/2035;19/08/2024;7,64;7,61;1906,51;1910,33;1908,42
Tesouro IPCA+;15/05/2045;19/08/2024;7,70;7,67;904,92;906,73;905,83
Tesouro IPCA+ com Juros Semestrais;15/08/2032;19/08/2024;7,57;7,54;2344,83;2349,53;2347,18
Tesouro IPCA+ com Juros Semestrais;15/08/2040;19/08/2024;7,69;7,66;1287,78;1290,36;1289,07
Tesouro IPCA+ com Juros Semestrais;15/05/2055;19/08/2024;7,83;7,80;416,82;417,65;417,24
Tesouro Selic;01/03/2029;19/08/2024;0,06;0,03;14479,38;14508,40;14493,89
Tesouro Prefixado;01/01/2027;20/08/2024;13,28;13,25;743,46;744,95;744,21
Tesouro Prefixado;01/01/2029;20/08/2024;13,14;13,11;582,80;583,97;583,38
Tesouro Prefixado;01/01/2031;20/08/2024;12,95;12,92;460,37;461,29;460,83
Tesouro Prefixado com Juros Semestrais;01/01/2033;20/08/2024;12,91;12,88;362,20;362,93;362,57
Tesouro Prefixado com Juros Semestrais;01/01/2035;20/08/2024;12,84;12,81;286,23;286,80;286,52
Tesouro Prefixado com Juros Semestrais;01/01/2037;20/08/2024;12,77;12,74;226,44;226,90;226,67
Tesouro IPCA+;15/05/2029;20/08/2024;7,54;7,51;2975,43;2981,39;2978,41
Tesouro IPCA+;15/05/2035;20/08/2024;7,65;7,62;1905,20;1909,02;1907,11
Tesouro IPCA+;15/05/2045;20/08/2024;7,76;7,73;894,82;896,62;895,72
Tesouro IPCA+ com Juros Semestrais;15/08/2032;20/08/2024;7,65;7,62;2331,22;2335,89;2333,55
Tesouro IPCA+ com Juros Semestrais;15/08/2040;20/08/2024;7,72;7,69;1282,49;1285,06;1283,77
Tesouro IPCA+ com Juros Semestrais;15/05/2055;20/08/2024;7,81;7,78;419,14;419,98;419,56
Tesouro Selic;01/03/2029;20/08/2024;0,05;0,02;14482,48;14511,50;14496,99
Tesouro Prefixado;01/01/2027;21/08/2024;13,22;13,19;744,77;746,27;745,52
Tesouro Prefixado;01/01/2029;21/08/2024;13,04;13,01;585,29;586,46;585,87
Tesouro Prefixado;01/01/2031;21/08/2024;12,95;12,92;460,62;461,54;461,08
Tesouro Prefixado com Juros Semestrais;01/01/2033;21/08/2024;12,84;12,81;364,16;364,89;364,52
Tesouro Prefixado com Juros Semestrais;01/01/2035;21/08/2024;12,78;12,75;287,65;288,22;287,94
Tesouro Prefixado com Juros Semestrais;01/01/2037;21/08/2024;12,67;12,64;229,09;229,55;229,32
Tesouro IPCA+;15/05/2029;21/08/2024;7,56;7,53;2973,19;2979,15;2976,17
Tesouro IPCA+;15/05/2035;21/08/2024;7,69;7,66;1899,08;1902,89;1900,99
Tesouro IPCA+;15/05/2045;21/08/2024;7,74;7,71;898,90;900,70;899,80
Tesouro IPCA+ com Juros Semestrais;15/08/2032;21/08/2024;7,63;7,60;2334,88;2339,56;2337,22
Tesouro IPCA+ com Juros Semestrais;15/08/2040;21/08/2024;7,73;7,70;1281,27;1283,84;1282,56
Tesouro IPCA+ com Juros Semestrais;15/05/2055;21/08/2024;7,79;7,76;422,00;422,85;422,42
Tesouro Selic;01/03/2029;21/08/2024;0,06;0,03;14485,57;14514,60;14500,09
Tesouro Prefixado;01/01/2027;22/08/2024;13,18;13,15;745,60;747,09;746,35
Tesouro Prefixado;01/01/2029;22/08/2024;13,00;12,97;586,42;587,59;587,01
Tesouro Prefixado;01/01/2031;22/08/2024;12,87;12,84;462,79;463,72;463,26
Tesouro Prefixado com Juros Semestrais;01/01/2033;22/08/2024;12,78;12,75;365,85;366,59;366,22
Tesouro Prefixado com Juros Semestrais;01/01/2035;22/08/2024;12,71;12,68;289,83;290,41;290,12
Tesouro Prefixado com Juros Semestrais;01/01/2037;22/08/2024;12,67;12,64;229,22;229,68;229,45
Tesouro IPCA+;15/05/2029;22/08/2024;7,53;7,50;2978,08;2984,04;2981,06
Tesouro IPCA+;15/05/2035;22/08/2024;7,67;7,64;1902,25;1906,06;1904,15
Tesouro IPCA+;15/05/2045;22/08/2024;7,76;7,73;896,40;898,20;897,30
Tesouro IPCA+ com Juros Semestrais;15/08/2032;22/08/2024;7,60;7,57;2340,65;2345,34;2343,00
Tesouro IPCA+ com Juros Semestrais;15/08/2040;22/08/2024;7,68;7,65;1289,64;1292,22;1290,93
Tesouro IPCA+ com Juros Semestrais;15/05/2055;22/08/2024;7,80;7,77;421,04;421,88;421,46
Tesouro Selic;01/03/2029;22/08/2024;0,05;0,02;14488,66;14517,70;14503,18
Tesouro Prefixado;01/01/2027;23/08/2024;13,16;13,13;746,16;747,66;746,91
Tesouro Prefixado;01/01/2029;23/08/2024;12,91;12,88;588,53;589,71;589,12
Tesouro Prefixado;01/01/2031;23/08/2024;12,86;12,83;463,37;464,30;463,84
Tesouro Prefixado com Juros Semestrais;01/01/2033;23/08/2024;12,81;12,78;365,16;365,89;365,53
Tesouro Prefixado com Juros Semestrais;01/01/2035;23/08/2024;12,69;12,66;290,29;290,87;290,58
Tesouro Prefixado com Juros Semestrais;01/01/2037;23/08/2024;12,62;12,59;230,62;231,08;230,85
Tesouro IPCA+;15/05/2029;23/08/2024;7,52;7,49;2979,85;2985,82;2982,84
Tesouro IPCA+;15/05/2035;23/08/2024;7,63;7,60;1911,38;1915,21;1913,29
Tesouro IPCA+;15/05/2045;23/08/2024;7,71;7,68;904,64;906,45;905,54
Tesouro IPCA+ com Juros Semestrais;15/08/2032;23/08/2024;7,57;7,54;2346,12;2350,83;2348,47
Tesouro IPCA+ com Juros Semestrais;15/08/2040;23/08/2024;7,68;7,65;1289,87;1292,45;1291,16
Tesouro IPCA+ com Juros Semestrais;15/05/2055;23/08/2024;7,74;7,71;427,37;428,23;427,80
Tesouro Selic;01/03/2029;23/08/2024;0,06;0,03;14491,76;14520,80;14506,28
Tesouro Prefixado;01/01/2027;26/08/2024;13,09;13,06;748,06;749,56;748,81
Tesouro Prefixado;01/01/2029;26/08/2024;12,93;12,90;588,74;589,91;589,32
Tesouro Prefixado;01/01/2031;26/08/2024;12,81;12,78;465,05;465,98;465,52
Tesouro Prefixado com Juros Semestrais;01/01/2033;26/08/2024;12,73;12,70;367,66;368,40;368,03
Tesouro Prefixado com Juros Semestrais;01/01/2035;26/08/2024;12,66;12,63;291,38;291,97;291,67
Tesouro Prefixado com Juros Semestrais;01/01/2037;26/08/2024;12,59;12,56;231,49;231,95;231,72
Tesouro IPCA+;15/05/2029;26/08/2024;7,48;7,45;2986,41;2992,39;2989,40
Tesouro IPCA+;15/05/2035;26/08/2024;7,59;7,56;1918,98;1922,83;1920,90
Tesouro IPCA+;15/05/2045;26/08/2024;7,70;7,67;905,99;907,81;906,90
Tesouro IPCA+ com Juros Semestrais;15/08/2032;26/08/2024;7,56;7,53;2349,36;2354,07;2351,71
Tesouro IPCA+ com Juros Semestrais;15/08/2040;26/08/2024;7,65;7,62;1297,45;1300,05;1298,75
Tesouro IPCA+ com Juros Semestrais;15/05/2055;26/08/2024;7,79;7,76;421,69;422,54;422,12
Tesouro Selic;01/03/2029;26/08/2024;0,07;0,04;14494,85;14523,90;14509,38
Tesouro Prefixado;01/01/2027;27/08/2024;13,11;13,08;747,93;749,43;748,68
Tesouro Prefixado;01/01/2029;27/08/2024;12,90;12,87;589,60;590,79;590,20
Tesouro Prefixado;01/01/2031;27/08/2024;12,77;12,74;466,23;467,16;466,70
Tesouro Prefixado com Juros Semestrais;01/01/2033;27/08/2024;12,74;12,71;367,59;368,33;367,96
Tesouro Prefixado com Juros Semestrais;01/01/2035;27/08/2024;12,64;12,61;292,13;292,72;292,42
Tesouro Prefixado com Juros Semestrais;01/01/2037;27/08/2024;12,62;12,59;230,81;231,27;231,04
Tesouro IPCA+;15/05/2029;27/08/2024;7,47;7,44;2988,33;2994,32;2991,32
Tesouro IPCA+;15/05/2035;27/08/2024;7,56;7,53;1924,77;1928,63;1926,70
Tesouro IPCA+;15/05/2045;27/08/2024;7,68;7,65;910,41;912,24;911,33
Tesouro IPCA+ com Juros Semestrais;15/08/2032;27/08/2024;7,53;7,50;2355,07;2359,79;2357,43
Tesouro IPCA+ com Juros Semestrais;15/08/2040;27/08/2024;7,62;7,59;1302,67;1305,28;1303,98
Tesouro IPCA+ com Juros Semestrais;15/05/2055;27/08/2024;7,73;7,70;429,07;429,93;429,50
Tesouro Selic;01/03/2029;27/08/2024;0,07;0,04;14497,95;14527,00;14512,47
Tesouro Prefixado;01/01/2027;28/08/2024;13,21;13,18;746,60;748,10;747,35
Tesouro Prefixado;01/01/2029;28/08/2024;13,03;13,00;586,86;588,03;587,45
Tesouro Prefixado;01/01/2031;28/08/2024;12,90;12,87;462,98;463,91;463,44
Tesouro Prefixado com Juros Semestrais;01/01/2033;28/08/2024;12,82;12,79;365,58;366,32;365,95
Tesouro Prefixado com Juros Semestrais;01/01/2035;28/08/2024;12,76;12,73;288,93;289,51;289,22
Tesouro Prefixado com Juros Semestrais;01/01/2037;28/08/2024;12,68;12,65;229,43;229,89;229,66
Tesouro IPCA+;15/05/2029;28/08/2024;7,45;7,42;2991,42;2997,41;2994,42
Tesouro IPCA+;15/05/2035;28/08/2024;7,61;7,58;1916,60;1920,44;1918,52
Tesouro IPCA+;15/05/2045;28/08/2024;7,69;7,66;909,18;911,00;910,09
Tesouro IPCA+ com Juros Semestrais;15/08/2032;28/08/2024;7,51;7,48;2359,19;2363,92;2361,55
Tesouro IPCA+ com Juros Semestrais;15/08/2040;28/08/2024;7,65;7,62;1297,24;1299,84;1298,54
Tesouro IPCA+ com Juros Semestrais;15/05/2055;28/08/2024;7,69;7,66;434,92;435,80;435,36
Tesouro Selic;01/03/2029;28/08/2024;0,05;0,02;14501,04;14530,10;14515,57
Tesouro Prefixado;01/01/2027;29/08/2024;13,28;13,25;745,87;747,36;746,61
Tesouro Prefixado;01/01/2029;29/08/2024;13,10;13,07;585,42;586,59;586,01
Tesouro Prefixado;01/01/2031;29/08/2024;12,98;12,95;461,17;462,10;461,64
Tesouro Prefixado com Juros Semestrais;01/01/2033;29/08/2024;12,90;12,87;363,63;364,36;364,00
Tesouro Prefixado com Juros Semestrais;01/01/2035;29/08/2024;12,83;12,80;287,22;287,80;287,51
Tesouro Prefixado com Juros Semestrais;01/01/2037;29/08/2024;12,79;12,76;226,59;227,05;226,82
Tesouro IPCA+;15/05/2029;29/08/2024;7,50;7,47;2986,21;2992,20;2989,21
Tesouro IPCA+;15/05/2035;29/08/2024;7,62;7,59;1915,91;1919,75;1917,83
Tesouro IPCA+;15/05/2045;29/08/2024;7,66;7,63;914,30;916,13;915,22
Tesouro IPCA+ com Juros Semestrais;15/08/2032;29/08/2024;7,54;7,51;2354,57;2359,29;2356,93
Tesouro IPCA+ com Juros Semestrais;15/08/2040;29/08/2024;7,68;7,65;1292,33;1294,92;1293,63
Tesouro IPCA+ com Juros Semestrais;15/05/2055;29/08/2024;7,76;7,73;426,20;427,05;426,62
Tesouro Selic;01/03/2029;29/08/2024;0,05;0,02;14504,13;14533,20;14518,67
Tesouro Prefixado;01/01/2027;30/08/2024;13,18;13,15;747,63;749,12;748,38
Tesouro Prefixado;01/01/2029;30/08/2024;13,02;12,99;587,46;588,63;588,04
Tesouro Prefixado;01/01/2031;30/08/2024;12,90;12,87;463,44;464,37;463,91
Tesouro Prefixado com Juros Semestrais;01/01/2033;30/08/2024;12,82;12,79;365,84;366,57;366,21
Tesouro Prefixado com Juros Semestrais;01/01/2035;30/08/2024;12,73;12,70;289,84;290,42;290,13
Tesouro Prefixado com Juros Semestrais;01/01/2037;30/08/2024;12,69;12,66;229,16;229,62;229,39
Tesouro IPCA+;15/05/2029;30/08/2024;7,52;7,49;2983,60;2989,58;2986,59
Tesouro IPCA+;15/05/2035;30/08/2024;7,60;7,57;1918,76;1922,61;1920,68
Tesouro IPCA+;15/05/2045;30/08/2024;7,73;7,70;901,45;903,26;902,35
Tesouro IPCA+ com Juros Semestrais;15/08/2032;30/08/2024;7,58;7,55;2349,08;2353,79;2351,44
Tesouro IPCA+ com Juros Semestrais;15/08/2040;30/08/2024;7,66;7,63;1295,58;1298,18;1296,88
Tesouro IPCA+ com Juros Semestrais;15/05/2055;30/08/2024;7,80;7,77;421,57;422,41;421,99
Tesouro Selic;01/03/2029;30/08/2024;0,07;0,04;14507,23;14536,30;14521,76
Tesouro Prefixado;01/01/2027;02/09/2024;13,17;13,14;748,50;750,00;749,25
Tesouro Prefixado;01/01/2029;02/09/2024;12,97;12,94;589,10;590,28;589,69
Tesouro Prefixado;01/01/2031;02/09/2024;12,85;12,82;465,14;466,08;465,61
Tesouro Prefixado com Juros Semestrais;01/01/2033;02/09/2024;12,78;12,75;367,18;367,91;367,54
Tesouro Prefixado com Juros Semestrais;01/01/2035;02/09/2024;12,71;12,68;290,72;291,30;291,01
Tesouro Prefixado com Juros Semestrais;01/01/2037;02/09/2024;12,63;12,60;231,10;231,57;231,34
Tesouro IPCA+;15/05/2029;02/09/2024;7,51;7,48;2986,76;2992,74;2989,75
Tesouro IPCA+;15/05/2035;02/09/2024;7,64;7,61;1913,31;1917,15;1915,23
Tesouro IPCA+;15/05/2045;02/09/2024;7,69;7,66;908,91;910,73;909,82
Tesouro IPCA+ com Juros Semestrais;15/08/2032;02/09/2024;7,61;7,58;2344,96;2349,66;2347,31
Tesouro IPCA+ com Juros Semestrais;15/08/2040;02/09/2024;7,72;7,69;1285,22;1287,79;1286,51
Tesouro IPCA+ com Juros Semestrais;15/05/2055;02/09/2024;7,77;7,74;425,23;426,08;425,65
Tesouro Selic;01/03/2029;02/09/2024;0,06;0,03;14510,32;14539,40;14524,86
Tesouro Prefixado;01/01/2027;03/09/2024;13,10;13,07;749,89;751,39;750,64
Tesouro Prefixado;01/01/2029;03/09/2024;12,92;12,89;590,44;591,62;591,03
Tesouro Prefixado;01/01/2031;03/09/2024;12,76;12,73;467,68;468,61;468,15
Tesouro Prefixado com Juros Semestrais;01/01/2033;03/09/2024;12,72;12,69;368,86;369,60;369,23
Tesouro Prefixado com Juros Semestrais;01/01/2035;03/09/2024;12,64;12,61;292,65;293,24;292,95
Tesouro Prefixado com Juros Semestrais;01/01/2037;03/09/2024;12,61;12,58;231,59;232,05;231,82
Tesouro IPCA+;15/05/2029;03/09/2024;7,42;7,39;2998,52;3004,53;3001,52
Tesouro IPCA+;15/05/2035;03/09/2024;7,58;7,55;1923,64;1927,50;1925,57
Tesouro IPCA+;15/05/2045;03/09/2024;7,67;7,64;913,63;915,46;914,54
Tesouro IPCA+ com Juros Semestrais;15/08/2032;03/09/2024;7,54;7,51;2358,01;2362,74;2360,37
Tesouro IPCA+ com Juros Semestrais;15/08/2040;03/09/2024;7,63;7,60;1302,95;1305,56;1304,26
Tesouro IPCA+ com Juros Semestrais;15/05/2055;03/09/2024;7,72;7,69;431,42;432,28;431,85
Tesouro Selic;01/03/2029;03/09/2024;0,06;0,03;14513,42;14542,50;14527,96
Tesouro Prefixado;01/01/2027;04/09/2024;13,07;13,04;750,58;752,09;751,33
Tesouro Prefixado;01/01/2029;04/09/2024;12,85;12,82;592,17;593,35;592,76
Tesouro Prefixado;01/01/2031;04/09/2024;12,75;12,72;468,03;468,97;468,50
Tesouro Prefixado com Juros Semestrais;01/01/2033;04/09/2024;12,70;12,67;369,58;370,32;369,95
Tesouro Prefixado com Juros Semestrais;01/01/2035;04/09/2024;12,61;12,58;293,55;294,14;293,84
Tesouro Prefixado com Juros Semestrais;01/01/2037;04/09/2024;12,57;12,54;232,69;233,16;232,92
Tesouro IPCA+;15/05/2029;04/09/2024;7,39;7,36;3003,96;3009,98;3006,97
Tesouro IPCA+;15/05/2035;04/09/2024;7,55;7,52;1931,06;1934,93;1932,99
Tesouro IPCA+;15/05/2045;04/09/2024;7,63;7,60;920,10;921,94;921,02
Tesouro IPCA+ com Juros Semestrais;15/08/2032;04/09/2024;7,48;7,45;2367,90;2372,65;2370,28
Tesouro IPCA+ com Juros Semestrais;15/08/2040;04/09/2024;7,59;7,56;1311,08;1313,70;1312,39
Tesouro IPCA+ com Juros Semestrais;15/05/2055;04/09/2024;7,64;7,61;440,98;441,86;441,42
Tesouro Selic;01/03/2029;04/09/2024;0,06;0,03;14516,51;14545,60;14531,05
Tesouro Prefixado;01/01/2027;05/09/2024;13,02;12,99;751,56;753,07;752,31
Tesouro Prefixado;01/01/2029;05/09/2024;12,81;12,78;593,36;594,55;593,95
Tesouro Prefixado;01/01/2031;05/09/2024;12,70;12,67;469,51;470,45;469,98
Tesouro Prefixado com Juros Semestrais;01/01/2033;05/09/2024;12,60;12,57;372,45;373,20;372,82
Tesouro Prefixado com Juros Semestrais;01/01/2035;05/09/2024;12,54;12,51;295,61;296,20;295,90
Tesouro Prefixado com Juros Semestrais;01/01/2037;05/09/2024;12,52;12,49;234,07;234,54;234,31
Tesouro IPCA+;15/05/2029;05/09/2024;7,39;7,36;3004,64;3010,66;3007,65
Tesouro IPCA+;15/05/2035;05/09/2024;7,53;7,50;1934,71;1938,59;1936,65
Tesouro IPCA+;15/05/2045;05/09/2024;7,59;7,56;927,85;929,70;928,77
Tesouro IPCA+ com Juros Semestrais;15/08/2032;05/09/2024;7,50;7,47;2366,09;2370,83;2368,46
Tesouro IPCA+ com Juros Semestrais;15/08/2040;05/09/2024;7,58;7,55;1313,83;1316,46;1315,15
Tesouro IPCA+ com Juros Semestrais;15/05/2055;05/09/2024;7,69;7,66;435,76;436,63;436,19
Tesouro Selic;01/03/2029;05/09/2024;0,06;0,03;14519,60;14548,70;14534,15
Tesouro Prefixado;01/01/2027;06/09/2024;12,94;12,91;753,07;754,57;753,82
Tesouro Prefixado;01/01/2029;06/09/2024;12,74;12,71;595,27;596,47;595,87
Tesouro Prefixado;01/01/2031;06/09/2024;12,65;12,62;470,84;471,78;471,31
Tesouro Prefixado com Juros Semestrais;01/01/2033;06/09/2024;12,55;12,52;374,07;374,82;374,44
Tesouro Prefixado com Juros Semestrais;01/01/2035;06/09/2024;12,47;12,44;297,63;298,22;297,93
Tesouro Prefixado com Juros Semestrais;01/01/2037;06/09/2024;12,38;12,35;237,79;238,27;238,03
Tesouro IPCA+;15/05/2029;06/09/2024;7,37;7,34;3007,46;3013,49;3010,47
Tesouro IPCA+;15/05/2035;06/09/2024;7,52;7,49;1936,61;1940,49;1938,55
Tesouro IPCA+;15/05/2045;06/09/2024;7,60;7,57;925,85;927,71;926,78
Tesouro IPCA+ com Juros Semestrais;15/08/2032;06/09/2024;7,47;7,44;2370,40;2375,15;2372,78
Tesouro IPCA+ com Juros Semestrais;15/08/2040;06/09/2024;7,58;7,55;1314,66;1317,30;1315,98
Tesouro IPCA+ com Juros Semestrais;15/05/2055;06/09/2024;7,65;7,62;439,71;440,59;440,15
Tesouro Selic;01/03/2029;06/09/2024;0,06;0,03;14522,70;14551,80;14537,25
Tesouro Prefixado;01/01/2027;09/09/2024;12,93;12,90;754,07;755,58;754,82
Tesouro Prefixado;01/01/2029;09/09/2024;12,68;12,65;597,07;598,27;597,67
Tesouro Prefixado;01/01/2031;09/09/2024;12,56;12,53;473,91;474,86;474,39
Tesouro Prefixado com Juros Semestrais;01/01/2033;09/09/2024;12,48;12,45;376,29;377,05;376,67
Tesouro Prefixado com Juros Semestrais;01/01/2035;09/09/2024;12,40;12,37;299,72;300,32;300,02
Tesouro Prefixado com Juros Semestrais;01/01/2037;09/09/2024;12,34;12,31;238,87;239,35;239,11
Tesouro IPCA+;15/05/2029;09/09/2024;7,37;7,34;3008,61;3014,64;3011,62
Tesouro IPCA+;15/05/2035;09/09/2024;7,53;7,50;1935,91;1939,79;1937,85
Tesouro IPCA+;15/05/2045;09/09/2024;7,60;7,57;926,36;928,21;927,29
Tesouro IPCA+ com Juros Semestrais;15/08/2032;09/09/2024;7,46;7,43;2374,35;2379,11;2376,73
Tesouro IPCA+ com Juros Semestrais;15/08/2040;09/09/2024;7,57;7,54;1315,91;1318,55;1317,23
Tesouro IPCA+ com Juros Semestrais;15/05/2055;09/09/2024;7,65;7,62;440,25;441,13;440,69
Tesouro Selic;01/03/2029;09/09/2024;0,06;0,03;14525,79;14554,90;14540,35
Tesouro Prefixado;01/01/2027;10/09/2024;12,89;12,86;754,90;756,41;755,66
Tesouro Prefixado;01/01/2029;10/09/2024;12,68;12,65;597,32;598,51;597,91
Tesouro Prefixado;01/01/2031;10/09/2024;12,54;12,51;474,57;475,52;475,05
Tesouro Prefixado com Juros Semestrais;01/01/2033;10/09/2024;12,42;12,39;378,22;378,97;378,60
Tesouro Prefixado com Juros Semestrais;01/01/2035;10/09/2024;12,38;12,35;300,43;301,04;300,73
Tesouro Prefixado com Juros Semestrais;01/01/2037;10/09/2024;12,31;12,28;239,93;240,41;240,17
Tesouro IPCA+;15/05/2029;10/09/2024;7,39;7,36;3006,87;3012,90;3009,88
Tesouro IPCA+;15/05/2035;10/09/2024;7,47;7,44;1947,62;1951,52;1949,57
Tesouro IPCA+;15/05/2045;10/09/2024;7,57;7,54;932,88;934,75;933,81
Tesouro IPCA+ com Juros Semestrais;15/08/2032;10/09/2024;7,46;7,43;2375,46;2380,22;2377,84
Tesouro IPCA+ com Juros Semestrais;15/08/2040;10/09/2024;7,54;7,51;1323,59;1326,24;1324,92
Tesouro IPCA+ com Juros Semestrais;15/05/2055;10/09/2024;7,63;7,60;443,64;444,53;444,08
Tesouro Selic;01/03/2029;10/09/2024;0,06;0,03;14528,88;14558,00;14543,44
Tesouro Prefixado;01/01/2027;11/09/2024;12,90;12,87;754,97;756,48;755,73
Tesouro Prefixado;01/01/2029;11/09/2024;12,72;12,69;596,56;597,76;597,16
Tesouro Prefixado;01/01/2031;11/09/2024;12,55;12,52;474,35;475,30;474,83
Tesouro Prefixado com Juros Semestrais;01/01/2033;11/09/2024;12,49;12,46;376,14;376,90;376,52
Tesouro Prefixado com Juros Semestrais;01/01/2035;11/09/2024;12,37;12,34;300,85;301,46;301,15
Tesouro Prefixado com Juros Semestrais;01/01/2037;11/09/2024;12,33;12,30;239,35;239,83;239,59
Tesouro IPCA+;15/05/2029;11/09/2024;7,38;7,35;3009,62;3015,65;3012,64
Tesouro IPCA+;15/05/2035;11/09/2024;7,53;7,50;1937,98;1941,86;1939,92
Tesouro IPCA+;15/05/2045;11/09/2024;7,59;7,56;928,27;930,13;929,20
Tesouro IPCA+ com Juros Semestrais;15/08/2032;11/09/2024;7,45;7,42;2376,27;2381,03;2378,65
Tesouro IPCA+ com Juros Semestrais;15/08/2040;11/09/2024;7,55;7,52;1320,35;1323,00;1321,68
Tesouro IPCA+ com Juros Semestrais;15/05/2055;11/09/2024;7,67;7,64;437,86;438,74;438,30
Tesouro Selic;01/03/2029;11/09/2024;0,05;0,02;14531,98;14561,10;14546,54
Tesouro Prefixado;01/01/2027;12/09/2024;12,92;12,89;754,93;756,44;755,69
Tesouro Prefixado;01/01/2029;12/09/2024;12,68;12,65;597,65;598,85;598,25
Tesouro Prefixado;01/01/2031;12/09/2024;12,53;12,50;474,99;475,94;475,46
Tesouro Prefixado com Juros Semestrais;01/01/2033;12/09/2024;12,42;12,39;378,38;379,14;378,76
Tesouro Prefixado com Juros Semestrais;01/01/2035;12/09/2024;12,35;12,32;301,50;302,11;301,80
Tesouro Prefixado com Juros Semestrais;01/01/2037;12/09/2024;12,31;12,28;240,02;240,50;240,26
Tesouro IPCA+;15/05/2029;12/09/2024;7,38;7,35;3009,42;3015,45;3012,44
Tesouro IPCA+;15/05/2035;12/09/2024;7,51;7,48;1942,05;1945,94;1944,00
Tesouro IPCA+;15/05/2045;12/09/2024;7,59;7,56;928,83;930,69;929,76
Tesouro IPCA+ com Juros Semestrais;15/08/2032;12/09/2024;7,43;7,40;2380,24;2385,01;2382,62
Tesouro IPCA+ com Juros Semestrais;15/08/2040;12/09/2024;7,53;7,50;1325,64;1328,30;1326,97
Tesouro IPCA+ com Juros Semestrais;15/05/2055;12/09/2024;7,60;7,57;446,76;447,66;447,21
Tesouro Selic;01/03/2029;12/09/2024;0,06;0,03;14535,07;14564,20;14549,64
Tesouro Prefixado;01/01/2027;13/09/2024;13,00;12,97;753,88;755,39;754,63
Tesouro Prefixado;01/01/2029;13/09/2024;12,75;12,72;596,26;597,45;596,85
Tesouro Prefixado;01/01/2031;13/09/2024;12,68;12,65;471,35;472,29;471,82
Tesouro Prefixado com Juros Semestrais;01/01/2033;13/09/2024;12,54;12,51;375,00;375,75;375,38
Tesouro Prefixado com Juros Semestrais;01/01/2035;13/09/2024;12,50;12,47;297,52;298,11;297,81
Tesouro Prefixado com Juros Semestrais;01/01/2037;13/09/2024;12,44;12,41;236,72;237,20;236,96
Tesouro IPCA+;15/05/2029;13/09/2024;7,40;7,37;3007,61;3013,64;3010,63
Tesouro IPCA+;15/05/2035;13/09/2024;7,52;7,49;1940,70;1944,59;1942,64
Tesouro IPCA+;15/05/2045;13/09/2024;7,65;7,62;918,16;920,00;919,08
Tesouro IPCA+ com Juros Semestrais;15/08/2032;13/09/2024;7,50;7,47;2368,93;2373,68;2371,30
Tesouro IPCA+ com Juros Semestrais;15/08/2040;13/09/2024;7,57;7,54;1316,82;1319,46;1318,14
Tesouro IPCA+ com Juros Semestrais;15/05/2055;13/09/2024;7,67;7,64;438,77;439,65;439,21
Tesouro Selic;01/03/2029;13/09/2024;0,07;0,04;14538,17;14567,30;14552,73
Tesouro Prefixado;01/01/2027;16/09/2024;13,04;13,01;754,05;755,56;754,81
Tesouro Prefixado;01/01/2029;16/09/2024;12,79;12,76;595,96;597,15;596,55
Tesouro Prefixado;01/01/2031;16/09/2024;12,68;12,65;471,71;472,65;472,18
Tesouro Prefixado com Juros Semestrais;01/01/2033;16/09/2024;12,59;12,56;374,18;374,93;374,55
Tesouro Prefixado com Juros Semestrais;01/01/2035;16/09/2024;12,50;12,47;297,77;298,37;298,07
Tesouro Prefixado com Juros Semestrais;01/01/2037;16/09/2024;12,43;12,40;237,17;237,65;237,41
Tesouro IPCA+;15/05/2029;16/09/2024;7,35;7,32;3015,68;3021,72;3018,70
Tesouro IPCA+;15/05/2035;16/09/2024;7,49;7,46;1947,27;1951,17;1949,22
Tesouro IPCA+;15/05/2045;16/09/2024;7,54;7,51;939,23;941,11;940,17
Tesouro IPCA+ com Juros Semestrais;15/08/2032;16/09/2024;7,47;7,44;2374,92;2379,68;2377,30
Tesouro IPCA+ com Juros Semestrais;15/08/2040;16/09/2024;7,57;7,54;1318,38;1321,03;1319,70
Tesouro IPCA+ com Juros Semestrais;15/05/2055;16/09/2024;7,64;7,61;442,98;443,87;443,42
Tesouro Selic;01/03/2029;16/09/2024;0,05;0,02;14541,26;14570,40;14555,83
Tesouro Prefixado;01/01/2027;17/09/2024;13,06;13,03;754,03;755,54;754,78
Tesouro Prefixado;01/01/2029;17/09/2024;12,84;12,81;595,01;596,21;595,61
Tesouro Prefixado;01/01/2031;17/09/2024;12,71;12,68;470,98;471,93;471,46
Tesouro Prefixado com Juros Semestrais;01/01/2033;17/09/2024;12,55;12,52;375,28;376,03;375,65
Tesouro Prefixado com Juros Semestrais;01/01/2035;17/09/2024;12,50;12,47;297,79;298,39;298,09
Tesouro Prefixado com Juros Semestrais;01/01/2037;17/09/2024;12,48;12,45;236,06;236,53;236,29
Tesouro IPCA+;15/05/2029;17/09/2024;7,31;7,28;3021,10;3027,15;3024,12
Tesouro IPCA+;15/05/2035;17/09/2024;7,46;7,43;1952,50;1956,41;1954,45
Tesouro IPCA+;15/05/2045;17/09/2024;7,54;7,51;939,69;941,58;940,63
Tesouro IPCA+ com Juros Semestrais;15/08/2032;17/09/2024;7,44;7,41;2382,07;2386,85;2384,46
Tesouro IPCA+ com Juros Semestrais;15/08/2040;17/09/2024;7,49;7,46;1334,05;1336,72;1335,38
Tesouro IPCA+ com Juros Semestrais;15/05/2055;17/09/2024;7,60;7,57;447,53;448,43;447,98
Tesouro Selic;01/03/2029;17/09/2024;0,06;0,03;14544,35;14573,50;14558,93
Tesouro Prefixado;01/01/2027;18/09/2024;13,00;12,97;755,23;756,75;755,99
Tesouro Prefixado;01/01/2029;18/09/2024;12,79;12,76;596,37;597,57;596,97
Tesouro Prefixado;01/01/2031;18/09/2024;12,63;12,60;473,39;474,33;473,86
Tesouro Prefixado com Juros Semestrais;01/01/2033;18/09/2024;12,55;12,52;375,44;376,19;375,81
Tesouro Prefixado com Juros Semestrais;01/01/2035;18/09/2024;12,52;12,49;297,49;298,09;297,79
Tesouro Prefixado com Juros Semestrais;01/01/2037;18/09/2024;12,42;12,39;237,47;237,95;237,71
Tesouro IPCA+;15/05/2029;18/09/2024;7,39;7,36;3012,06;3018,10;3015,08
Tesouro IPCA+;15/05/2035;18/09/2024;7,48;7,45;1950,52;1954,43;1952,47
Tesouro IPCA+;15/05/2045;18/09/2024;7,58;7,55;931,58;933,45;932,51
Tesouro IPCA+ com Juros Semestrais;15/08/2032;18/09/2024;7,47;7,44;2377,45;2382,22;2379,84
Tesouro IPCA+ com Juros Semestrais;15/08/2040;18/09/2024;7,52;7,49;1329,57;1332,23;1330,90
Tesouro IPCA+ com Juros Semestrais;15/05/2055;18/09/2024;7,65;7,62;441,92;442,80;442,36
Tesouro Selic;01/03/2029;18/09/2024;0,06;0,03;14547,45;14576,60;14562,02
Tesouro Prefixado;01/01/2027;19/09/2024;13,06;13,03;754,52;756,03;755,28
Tesouro Prefixado;01/01/2029;19/09/2024;12,84;12,81;595,38;596,57;595,98
Tesouro Prefixado;01/01/2031;19/09/2024;12,68;12,65;472,20;473,14;472,67
Tesouro Prefixado com Juros Semestrais;01/01/2033;19/09/2024;12,62;12,59;373,76;374,51;374,14
Tesouro Prefixado com Juros Semestrais;01/01/2035;19/09/2024;12,49;12,46;298,30;298,90;298,60
Tesouro Prefixado com Juros Semestrais;01/01/2037;19/09/2024;12,43;12,40;237,36;237,83;237,59
Tesouro IPCA+;15/05/2029;19/09/2024;7,40;7,37;3011,65;3017,69;3014,67
Tesouro IPCA+;15/05/2035;19/09/2024;7,48;7,45;1950,61;1954,52;1952,56
Tesouro IPCA+;15/05/2045;19/09/2024;7,56;7,53;936,13;938,01;937,07
Tesouro IPCA+ com Juros Semestrais;15/08/2032;19/09/2024;7,46;7,43;2378,08;2382,85;2380,47
Tesouro IPCA+ com Juros Semestrais;15/08/2040;19/09/2024;7,51;7,48;1331,53;1334,20;1332,86
Tesouro IPCA+ com Juros Semestrais;15/05/2055;19/09/2024;7,61;7,58;446,45;447,34;446,89
Tesouro Selic;01/03/2029;19/09/2024;0,05;0,02;14550,54;14579,70;14565,12
Tesouro Prefixado;01/01/2027;20/09/2024;12,99;12,96;755,80;757,32;756,56
Tesouro Prefixado;01/01/2029;20/09/2024;12,79;12,76;596,66;597,86;597,26
Tesouro Prefixado;01/01/2031;20/09/2024;12,65;12,62;473,15;474,09;473,62
Tesouro Prefixado com Juros Semestrais;01/01/2033;20/09/2024;12,51;12,48;376,74;377,50;377,12
Tesouro Prefixado com Juros Semestrais;01/01/2035;20/09/2024;12,49;12,46;298,47;299,07;298,77
Tesouro Prefixado com Juros Semestrais;01/01/2037;20/09/2024;12,38;12,35;238,87;239,35;239,11
Tesouro IPCA+;15/05/2029;20/09/2024;7,30;7,27;3024,45;3030,51;3027,48
Tesouro IPCA+;15/05/2035;20/09/2024;7,42;7,39;1961,18;1965,11;1963,15
Tesouro IPCA+;15/05/2045;20/09/2024;7,53;7,50;942,16;944,05;943,10
Tesouro IPCA+ com Juros Semestrais;15/08/2032;20/09/2024;7,37;7,34;2395,84;2400,65;2398,25
Tesouro IPCA+ com Juros Semestrais;15/08/2040;20/09/2024;7,49;7,46;1335,68;1338,36;1337,02
Tesouro IPCA+ com Juros Semestrais;15/05/2055;20/09/2024;7,56;7,53;453,46;454,37;453,91
Tesouro Selic;01/03/2029;20/09/2024;0,06;0,03;14553,63;14582,80;14568,22
Tesouro Prefixado;01/01/2027;23/09/2024;12,92;12,89;757,62;759,14;758,38
Tesouro Prefixado;01/01/2029;23/09/2024;12,68;12,65;599,86;601,06;600,46
Tesouro Prefixado;01/01/2031;23/09/2024;12,52;12,49;476,95;477,91;477,43
Tesouro Prefixado com Juros Semestrais;01/01/2033;23/09/2024;12,45;12,42;378,82;379,58;379,20
Tesouro Prefixado com Juros Semestrais;01/01/2035;23/09/2024;12,37;12,34;302,02;302,62;302,32
Tesouro Prefixado com Juros Semestrais;01/01/2037;23/09/2024;12,28;12,25;241,73;242,22;241,98
Tesouro IPCA+;15/05/2029;23/09/2024;7,26;7,23;3032,06;3038,14;3035,10
Tesouro IPCA+;15/05/2035;23/09/2024;7,41;7,38;1965,14;1969,08;1967,11
Tesouro IPCA+;15/05/2045;23/09/2024;7,51;7,48;944,83;946,72;945,78
Tesouro IPCA+ com Juros Semestrais;15/08/2032;23/09/2024;7,35;7,32;2399,40;2404,21;2401,80
Tesouro IPCA+ com Juros Semestrais;15/08/2040;23/09/2024;7,47;7,44;1340,52;1343,21;1341,87
Tesouro IPCA+ com Juros Semestrais;15/05/2055;23/09/2024;7,55;7,52;455,03;455,95;455,49
Tesouro Selic;01/03/2029;23/09/2024;0,07;0,04;14556,73;14585,90;14571,31
Tesouro Prefixado;01/01/2027;24/09/2024;12,89;12,86;758,43;759,95;759,19
Tesouro Prefixado;01/01/2029;24/09/2024;12,65;12,62;600,63;601,83;601,23
Tesouro Prefixado;01/01/2031;24/09/2024;12,52;12,49;477,10;478,06;477,58
Tesouro Prefixado com Juros Semestrais;01/01/2033;24/09/2024;12,45;12,42;378,97;379,73;379,35
Tesouro Prefixado com Juros Semestrais;01/01/2035;24/09/2024;12,33;12,30;303,09;303,70;303,39
Tesouro Prefixado com Juros Semestrais;01/01/2037;24/09/2024;12,33;12,30;240,36;240,85;240,61
Tesouro IPCA+;15/05/2029;24/09/2024;7,28;7,25;3029,05;3035,12;3032,08
Tesouro IPCA+;15/05/2035;24/09/2024;7,40;7,37;1968,37;1972,31;1970,34
Tesouro IPCA+;15/05/2045;24/09/2024;7,46;7,43;954,47;956,39;955,43
Tesouro IPCA+ com Juros Semestrais;15/08/2032;24/09/2024;7,34;7,31;2401,89;2406,71;2404,30
Tesouro IPCA+ com Juros Semestrais;15/08/2040;24/09/2024;7,44;7,41;1345,92;1348,62;1347,27
Tesouro IPCA+ com Juros Semestrais;15/05/2055;24/09/2024;7,55;7,52;454,23;455,14;454,68
Tesouro Selic;01/03/2029;24/09/2024;0,06;0,03;14559,82;14589,00;14574,41
Tesouro Prefixado;01/01/2027;25/09/2024;12,94;12,91;757,92;759,44;758,68
Tesouro Prefixado;01/01/2029;25/09/2024;12,70;12,67;599,83;601,03;600,43
Tesouro Prefixado;01/01/2031;25/09/2024;12,56;12,53;476,19;477,14;476,67
Tesouro Prefixado com Juros Semestrais;01/01/2033;25/09/2024;12,49;12,46;377,97;378,73;378,35
Tesouro Prefixado com Juros Semestrais;01/01/2035;25/09/2024;12,41;12,38;301,11;301,72;301,42
Tesouro Prefixado com Juros Semestrais;01/01/2037;25/09/2024;12,34;12,31;240,33;240,82;240,57
Tesouro IPCA+;15/05/2029;25/09/2024;7,30;7,27;3027,84;3033,91;3030,88
Tesouro IPCA+;15/05/2035;25/09/2024;7,41;7,38;1965,08;1969,01;1967,05
Tesouro IPCA+;15/05/2045;25/09/2024;7,48;7,45;950,73;952,64;951,68
Tesouro IPCA+ com Juros Semestrais;15/08/2032;25/09/2024;7,37;7,34;2397,89;2402,70;2400,29
Tesouro IPCA+ com Juros Semestrais;15/08/2040;25/09/2024;7,48;7,45;1337,82;1340,50;1339,16
Tesouro IPCA+ com Juros Semestrais;15/05/2055;25/09/2024;7,53;7,50;456,81;457,73;457,27
Tesouro Selic;01/03/2029;25/09/2024;0,06;0,03;14562,92;14592,10;14577,51
Tesouro Prefixado;01/01/2027;26/09/2024;12,84;12,81;759,68;761,20;760,44
Tesouro Prefixado;01/01/2029;26/09/2024;12,68;12,65;600,34;601,54;600,94
Tesouro Prefixado;01/01/2031;26/09/2024;12,56;12,53;476,50;477,46;476,98
Tesouro Prefixado com Juros Semestrais;01/01/2033;26/09/2024;12,42;12,39;379,98;380,74;380,36
Tesouro Prefixado com Juros Semestrais;01/01/2035;26/09/2024;12,36;12,33;302,64;303,25;302,94
Tesouro Prefixado com Juros Semestrais;01/01/2037;26/09/2024;12,27;12,24;242,01;242,50;242,26
Tesouro IPCA+;15/05/2029;26/09/2024;7,29;7,26;3029,35;3035,42;3032,38
Tesouro IPCA+;15/05/2035;26/09/2024;7,37;7,34;1973,04;1977,00;1975,02
Tesouro IPCA+;15/05/2045;26/09/2024;7,48;7,45;952,40;954,31;953,36
Tesouro IPCA+ com Juros Semestrais;15/08/2032;26/09/2024;7,37;7,34;2398,62;2403,43;2401,03
Tesouro IPCA+ com Juros Semestrais;15/08/2040;26/09/2024;7,45;7,42;1343,62;1346,32;1344,97
Tesouro IPCA+ com Juros Semestrais;15/05/2055;26/09/2024;7,53;7,50;457,64;458,55;458,10
Tesouro Selic;01/03/2029;26/09/2024;0,05;0,02;14566,01;14595,20;14580,60
Tesouro Prefixado;01/01/2027;27/09/2024;12,89;12,86;759,19;760,71;759,95
Tesouro Prefixado;01/01/2029;27/09/2024;12,68;12,65;600,52;601,72;601,12
Tesouro Prefixado;01/01/2031;27/09/2024;12,55;12,52;476,92;477,87;477,39
Tesouro Prefixado com Juros Semestrais;01/01/2033;27/09/2024;12,48;12,45;378,49;379,25;378,87
Tesouro Prefixado com Juros Semestrais;01/01/2035;27/09/2024;12,39;12,36;301,92;302,53;302,22
Tesouro Prefixado com Juros Semestrais;01/01/2037;27/09/2024;12,35;12,32;240,16;240,64;240,40
Tesouro IPCA+;15/05/2029;27/09/2024;7,22;7,19;3039,06;3045,15;3042,11
Tesouro IPCA+;15/05/2035;27/09/2024;7,37;7,34;1974,19;1978,15;1976,17
Tesouro IPCA+;15/05/2045;27/09/2024;7,43;7,40;961,99;963,92;962,96
Tesouro IPCA+ com Juros Semestrais;15/08/2032;27/09/2024;7,29;7,26;2412,99;2417,83;2415,41
Tesouro IPCA+ com Juros Semestrais;15/08/2040;27/09/2024;7,37;7,34;1361,26;1363,99;1362,62
Tesouro IPCA+ com Juros Semestrais;15/05/2055;27/09/2024;7,49;7,46;462,95;463,88;463,41
Tesouro Selic;01/03/2029;27/09/2024;0,05;0,02;14569,10;14598,30;14583,70
Tesouro Prefixado;01/01/2027;30/09/2024;12,92;12,89;759,49;761,01;760,25
Tesouro Prefixado;01/01/2029;30/09/2024;12,68;12,65;601,25;602,46;601,85
Tesouro Prefixado;01/01/2031;30/09/2024;12,53;12,50;477,75;478,71;478,23
Tesouro Prefixado com Juros Semestrais;01/01/2033;30/09/2024;12,51;12,48;378,14;378,89;378,52
Tesouro Prefixado com Juros Semestrais;01/01/2035;30/09/2024;12,39;12,36;302,12;302,72;302,42
Tesouro Prefixado com Juros Semestrais;01/01/2037;30/09/2024;12,34;12,31;240,70;241,18;240,94
Tesouro IPCA+;15/05/2029;30/09/2024;7,20;7,17;3043,84;3049,94;3046,89
Tesouro IPCA+;15/05/2035;30/09/2024;7,32;7,29;1985,49;1989,47;1987,48
Tesouro IPCA+;15/05/2045;30/09/2024;7,43;7,40;962,47;964,40;963,44
Tesouro IPCA+ com Juros Semestrais;15/08/2032;30/09/2024;7,28;7,25;2415,83;2420,67;2418,25
Tesouro IPCA+ com Juros Semestrais;15/08/2040;30/09/2024;7,43;7,40;1348,93;1351,63;1350,28
Tesouro IPCA+ com Juros Semestrais;15/05/2055;30/09/2024;7,48;7,45;463,79;464,71;464,25
Tesouro Selic;01/03/2029;30/09/2024;0,06;0,03;14572,20;14601,40;14586,80
Tesouro Prefixado;01/01/2027;01/10/2024;12,92;12,89;759,63;761,15;760,39
Tesouro Prefixado;01/01/2029;01/10/2024;12,73;12,70;600,38;601,58;600,98
Tesouro Prefixado;01/01/2031;01/10/2024;12,62;12,59;475,65;476,61;476,13
Tesouro Prefixado com Juros Semestrais;01/01/2033;01/10/2024;12,53;12,50;377,48;378,24;377,86
Tesouro Prefixado com Juros Semestrais;01/01/2035;01/10/2024;12,47;12,44;300,09;300,69;300,39
Tesouro Prefixado com Juros Semestrais;01/01/2037;01/10/2024;12,38;12,35;239,67;240,15;239,91
Tesouro IPCA+;15/05/2029;01/10/2024;7,17;7,14;3048,46;3054,57;3051,51
Tesouro IPCA+;15/05/2035;01/10/2024;7,26;7,23;1998,20;2002,20;2000,20
Tesouro IPCA+;15/05/2045;01/10/2024;7,37;7,34;973,37;975,32;974,35
Tesouro IPCA+ com Juros Semestrais;15/08/2032;01/10/2024;7,23;7,20;2425,02;2429,88;2427,45
Tesouro IPCA+ com Juros Semestrais;15/08/2040;01/10/2024;7,34;7,31;1368,81;1371,55;1370,18
Tesouro IPCA+ com Juros Semestrais;15/05/2055;01/10/2024;7,44;7,41;469,91;470,85;470,38
Tesouro Selic;01/03/2029;01/10/2024;0,06;0,03;14575,29;14604,50;14589,90
Tesouro Prefixado;01/01/2027;02/10/2024;13,01;12,98;758,62;760,14;759,38
Tesouro Prefixado;01/01/2029;02/10/2024;12,74;12,71;600,36;601,56;600,96
Tesouro Prefixado;01/01/2031;02/10/2024;12,62;12,59;475,72;476,67;476,19
Tesouro Prefixado com Juros Semestrais;01/01/2033;02/10/2024;12,57;12,54;376,56;377,31;376,93
Tesouro Prefixado com Juros Semestrais;01/01/2035;02/10/2024;12,50;12,47;299,40;300,00;299,70
Tesouro Prefixado com Juros Semestrais;01/01/2037;02/10/2024;12,43;12,40;238,38;238,86;238,62
Tesouro IPCA+;15/05/2029;02/10/2024;7,23;7,20;3040,66;3046,75;3043,71
Tesouro IPCA+;15/05/2035;02/10/2024;7,34;7,31;1982,22;1986,19;1984,21
Tesouro IPCA+;15/05/2045;02/10/2024;7,42;7,39;963,58;965,51;964,54
Tesouro IPCA+ com Juros Semestrais;15/08/2032;02/10/2024;7,27;7,24;2418,59;2423,44;2421,01
Tesouro IPCA+ com Juros Semestrais;15/08/2040;02/10/2024;7,36;7,33;1363,60;1366,33;1364,96
Tesouro IPCA+ com Juros Semestrais;15/05/2055;02/10/2024;7,46;7,43;467,03;467,97;467,50
Tesouro Selic;01/03/2029;02/10/2024;0,05;0,02;14578,38;14607,60;14592,99
Tesouro Prefixado;01/01/2027;03/10/2024;13,01;12,98;758,76;760,29;759,52
Tesouro Prefixado;01/01/2029;03/10/2024;12,74;12,71;600,53;601,73;601,13
Tesouro Prefixado;01/01/2031;03/10/2024;12,62;12,59;475,92;476,87;476,39
Tesouro Prefixado com Juros Semestrais;01/01/2033;03/10/2024;12,55;12,52;377,37;378,13;377,75
Tesouro Prefixado com Juros Semestrais;01/01/2035;03/10/2024;12,48;12,45;299,91;300,51;300,21
Tesouro Prefixado com Juros Semestrais;01/01/2037;03/10/2024;12,37;12,34;239,97;240,45;240,21
Tesouro IPCA+;15/05/2029;03/10/2024;7,22;7,19;3043,06;3049,16;3046,11
Tesouro IPCA+;15/05/2035;03/10/2024;7,35;7,32;1981,30;1985,27;1983,28
Tesouro IPCA+;15/05/2045;03/10/2024;7,45;7,42;958,45;960,37;959,41
Tesouro IPCA+ com Juros Semestrais;15/08/2032;03/10/2024;7,31;7,28;2412,40;2417,24;2414,82
Tesouro IPCA+ com Juros Semestrais;15/08/2040;03/10/2024;7,41;7,38;1354,07;1356,78;1355,42
Tesouro IPCA+ com Juros Semestrais;15/05/2055;03/10/2024;7,49;7,46;462,71;463,64;463,18
Tesouro Selic;01/03/2029;03/10/2024;0,06;0,03;14581,48;14610,70;14596,09
Tesouro Prefixado;01/01/2027;04/10/2024;13,08;13,05;758,03;759,55;758,79
Tesouro Prefixado;01/01/2029;04/10/2024;12,84;12,81;598,45;599,65;599,05
Tesouro Prefixado;01/01/2031;04/10/2024;12,68;12,65;474,59;475,54;475,07
Tesouro Prefixado com Juros Semestrais;01/01/2033;04/10/2024;12,57;12,54;376,75;377,51;377,13
Tesouro Prefixado com Juros Semestrais;01/01/2035;04/10/2024;12,50;12,47;299,55;300,15;299,85
Tesouro Prefixado com Juros Semestrais;01/01/2037;04/10/2024;12,43;12,40;238,53;239,00;238,77
Tesouro IPCA+;15/05/2029;04/10/2024;7,27;7,24;3037,45;3043,54;3040,50
Tesouro IPCA+;15/05/2035;04/10/2024;7,37;7,34;1978,01;1981,97;1979,99
Tesouro IPCA+;15/05/2045;04/10/2024;7,45;7,42;959,02;960,94;959,98
Tesouro IPCA+ com Juros Semestrais;15/08/2032;04/10/2024;7,34;7,31;2407,67;2412,49;2410,08
Tesouro IPCA+ com Juros Semestrais;15/08/2040;04/10/2024;7,40;7,37;1355,97;1358,69;1357,33
Tesouro IPCA+ com Juros Semestrais;15/05/2055;04/10/2024;7,51;7,48;460,86;461,78;461,32
Tesouro Selic;01/03/2029;04/10/2024;0,06;0,03;14584,57;14613,80;14599,19
Tesouro Prefixado;01/01/2027;07/10/2024;13,07;13,04;758,93;760,45;759,69
Tesouro Prefixado;01/01/2029;07/10/2024;12,81;12,78;599,64;600,85;600,24
Tesouro Prefixado;01/01/2031;07/10/2024;12,71;12,68;474,18;475,13;474,65
Tesouro Prefixado com Juros Semestrais;01/01/2033;07/10/2024;12,56;12,53;377,62;378,38;378,00
Tesouro Prefixado com Juros Semestrais;01/01/2035;07/10/2024;12,53;12,50;298,92;299,52;299,22
Tesouro Prefixado com Juros Semestrais;01/01/2037;07/10/2024;12,44;12,41;238,46;238,94;238,70
Tesouro IPCA+;15/05/2029;07/10/2024;7,19;7,16;3049,05;3055,16;3052,10
Tesouro IPCA+;15/05/2035;07/10/2024;7,36;7,33;1980,84;1984,80;1982,82
Tesouro IPCA+;15/05/2045;07/10/2024;7,40;7,37;969,45;971,39;970,42
Tesouro IPCA+ com Juros Semestrais;15/08/2032;07/10/2024;7,26;7,23;2421,56;2426,41;2423,98
Tesouro IPCA+ com Juros Semestrais;15/08/2040;07/10/2024;7,39;7,36;1360,16;1362,88;1361,52
Tesouro IPCA+ com Juros Semestrais;15/05/2055;07/10/2024;7,44;7,41;470,19;471,13;470,66
Tesouro Selic;01/03/2029;07/10/2024;0,05;0,02;14587,67;14616,90;14602,28
Tesouro Prefixado;01/01/2027;08/10/2024;13,02;12,99;759,87;761,39;760,63
Tesouro Prefixado;01/01/2029;08/10/2024;12,82;12,79;599,73;600,94;600,33
Tesouro Prefixado;01/01/2031;08/10/2024;12,65;12,62;475,79;476,74;476,26
Tesouro Prefixado com Juros Semestrais;01/01/2033;08/10/2024;12,54;12,51;378,13;378,88;378,51
Tesouro Prefixado com Juros Semestrais;01/01/2035;08/10/2024;12,50;12,47;299,91;300,51;300,21
Tesouro Prefixado com Juros Semestrais;01/01/2037;08/10/2024;12,41;12,38;239,36;239,84;239,60
Tesouro IPCA+;15/05/2029;08/10/2024;7,24;7,21;3042,54;3048,63;3045,58
Tesouro IPCA+;15/05/2035;08/10/2024;7,30;7,27;1991,79;1995,78;1993,78
Tesouro IPCA+;15/05/2045;08/10/2024;7,43;7,40;963,09;965,02;964,05
Tesouro IPCA+ com Juros Semestrais;15/08/2032;08/10/2024;7,32;7,29;2412,91;2417,74;2415,32
Tesouro IPCA+ com Juros Semestrais;15/08/2040;08/10/2024;7,39;7,36;1358,83;1361,55;1360,19
Tesouro IPCA+ com Juros Semestrais;15/05/2055;08/10/2024;7,49;7,46;463,98;464,91;464,44
Tesouro Selic;01/03/2029;08/10/2024;0,06;0,03;14590,76;14620,00;14605,38
Tesouro Prefixado;01/01/2027;09/10/2024;13,01;12,98;760,32;761,85;761,09
Tesouro Prefixado;01/01/2029;09/10/2024;12,74;12,71;601,69;602,89;602,29
Tesouro Prefixado;01/01/2031;09/10/2024;12,59;12,56;477,74;478,70;478,22
Tesouro Prefixado com Juros Semestrais;01/01/2033;09/10/2024;12,48;12,45;380,06;380,82;380,44
Tesouro Prefixado com Juros Semestrais;01/01/2035;09/10/2024;12,41;12,38;302,34;302,95;302,65
Tesouro Prefixado com Juros Semestrais;01/01/2037;09/10/2024;12,35;12,32;241,03;241,52;241,27
Tesouro IPCA+;15/05/2029;09/10/2024;7,18;7,15;3051,34;3057,46;3054,40
Tesouro IPCA+;15/05/2035;09/10/2024;7,30;7,27;1992,93;1996,93;1994,93
Tesouro IPCA+;15/05/2045;09/10/2024;7,38;7,35;972,45;974,40;973,43
Tesouro IPCA+ com Juros Semestrais;15/08/2032;09/10/2024;7,25;7,22;2425,63;2430,49;2428,06
Tesouro IPCA+ com Juros Semestrais;15/08/2040;09/10/2024;7,35;7,32;1367,73;1370,47;1369,10
Tesouro IPCA+ com Juros Semestrais;15/05/2055;09/10/2024;7,45;7,42;468,83;469,76;469,29
Tesouro Selic;01/03/2029;09/10/2024;0,05;0,02;14593,85;14623,10;14608,48
Tesouro Prefixado;01/01/2027;10/10/2024;12,94;12,91;761,68;763,20;762,44
Tesouro Prefixado;01/01/2029;10/10/2024;12,64;12,61;604,19;605,40;604,80
Tesouro Prefixado;01/01/2031;10/10/2024;12,52;12,49;479,56;480,52;480,04
Tesouro Prefixado com Juros Semestrais;01/01/2033;10/10/2024;12,41;12,38;381,97;382,73;382,35
Tesouro Prefixado com Juros Semestrais;01/01/2035;10/10/2024;12,34;12,31;304,55;305,16;304,86
Tesouro Prefixado com Juros Semestrais;01/01/2037;10/10/2024;12,27;12,24;243,11;243,60;243,35
Tesouro IPCA+;15/05/2029;10/10/2024;7,18;7,15;3051,67;3057,78;3054,72
Tesouro IPCA+;15/05/2035;10/10/2024;7,32;7,29;1988,58;1992,56;1990,57
Tesouro IPCA+;15/05/2045;10/10/2024;7,44;7,41;962,20;964,13;963,16
Tesouro IPCA+ com Juros Semestrais;15/08/2032;10/10/2024;7,24;7,21;2426,59;2431,45;2429,02
Tesouro IPCA+ com Juros Semestrais;15/08/2040;10/10/2024;7,35;7,32;1368,78;1371,53;1370,16
Tesouro IPCA+ com Juros Semestrais;15/05/2055;10/10/2024;7,47;7,44;466,85;467,78;467,31
Tesouro Selic;01/03/2029;10/10/2024;0,07;0,04;14596,95;14626,20;14611,57
Tesouro Prefixado;01/01/2027;11/10/2024;12,98;12,95;761,26;762,78;762,02
Tesouro Prefixado;01/01/2029;11/10/2024;12,75;12,72;601,79;603,00;602,39
Tesouro Prefixado;01/01/2031;11/10/2024;12,61;12,58;477,37;478,32;477,85
Tesouro Prefixado com Juros Semestrais;01/01/2033;11/10/2024;12,54;12,51;378,55;379,31;378,93
Tesouro Prefixado com Juros Semestrais;01/01/2035;11/10/2024;12,44;12,41;301,70;302,31;302,01
Tesouro Prefixado com Juros Semestrais;01/01/2037;11/10/2024;12,37;12,34;240,67;241,16;240,91
Tesouro IPCA+;15/05/2029;11/10/2024;7,14;7,11;3057,91;3064,04;3060,98
Tesouro IPCA+;15/05/2035;11/10/2024;7,28;7,25;1998,15;2002,15;2000,15
Tesouro IPCA+;15/05/2045;11/10/2024;7,38;7,35;973,59;975,54;974,56
Tesouro IPCA+ com Juros Semestrais;15/08/2032;11/10/2024;7,21;7,18;2432,48;2437,35;2434,92
Tesouro IPCA+ com Juros Semestrais;15/08/2040;11/10/2024;7,34;7,31;1370,63;1373,38;1372,00
Tesouro IPCA+ com Juros Semestrais;15/05/2055;11/10/2024;7,41;7,38;474,07;475,02;474,55
Tesouro Selic;01/03/2029;11/10/2024;0,06;0,03;14600,04;14629,30;14614,67
Tesouro Prefixado;01/01/2027;14/10/2024;13,07;13,04;760,72;762,24;761,48
Tesouro Prefixado;01/01/2029;14/10/2024;12,78;12,75;601,74;602,95;602,35
Tesouro Prefixado;01/01/2031;14/10/2024;12,64;12,61;476,97;477,93;477,45
Tesouro Prefixado com Juros Semestrais;01/01/2033;14/10/2024;12,55;12,52;378,59;379,35;378,97
Tesouro Prefixado com Juros Semestrais;01/01/2035;14/10/2024;12,49;12,46;300,78;301,38;301,08
Tesouro Prefixado com Juros Semestrais;01/01/2037;14/10/2024;12,39;12,36;240,39;240,87;240,63
Tesouro IPCA+;15/05/2029;14/10/2024;7,13;7,10;3061,30;3067,44;3064,37
Tesouro IPCA+;15/05/2035;14/10/2024;7,24;7,21;2005,74;2009,76;2007,75
Tesouro IPCA+;15/05/2045;14/10/2024;7,31;7,28;986,80;988,78;987,79
Tesouro IPCA+ com Juros Semestrais;15/08/2032;14/10/2024;7,18;7,15;2440,40;2445,29;2442,85
Tesouro IPCA+ com Juros Semestrais;15/08/2040;14/10/2024;7,29;7,26;1381,04;1383,81;1382,43
Tesouro IPCA+ com Juros Semestrais;15/05/2055;14/10/2024;7,40;7,37;476,83;477,79;477,31
Tesouro Selic;01/03/2029;14/10/2024;0,06;0,03;14603,14;14632,40;14617,77
Tesouro Prefixado;01/01/2027;15/10/2024;13,05;13,02;761,26;762,79;762,02
Tesouro Prefixado;01/01/2029;15/10/2024;12,86;12,83;600,03;601,23;600,63
Tesouro Prefixado;01/01/2031;15/10/2024;12,73;12,70;474,96;475,91;475,44
Tesouro Prefixado com Juros Semestrais;01/01/2033;15/10/2024;12,62;12,59;376,71;377,46;377,09
Tesouro Prefixado com Juros Semestrais;01/01/2035;15/10/2024;12,46;12,43;301,60;302,20;301,90
Tesouro Prefixado com Juros Semestrais;01/01/2037;15/10/2024;12,42;12,39;239,77;240,25;240,01
Tesouro IPCA+;15/05/2029;15/10/2024;7,13;7,10;3060,85;3066,99;3063,92
Tesouro IPCA+;15/05/2035;15/10/2024;7,27;7,24;2001,07;2005,08;2003,07
Tesouro IPCA+;15/05/2045;15/10/2024;7,34;7,31;982,15;984,12;983,13
Tesouro IPCA+ com Juros Semestrais;15/08/2032;15/10/2024;7,20;7,17;2436,00;2440,88;2438,44
Tesouro IPCA+ com Juros Semestrais;15/08/2040;15/10/2024;7,27;7,24;1385,30;1388,08;1386,69
Tesouro IPCA+ com Juros Semestrais;15/05/2055;15/10/2024;7,39;7,36;477,32;478,27;477,80
Tesouro Selic;01/03/2029;15/10/2024;0,06;0,03;14606,23;14635,50;14620,86
Tesouro Prefixado;01/01/2027;16/10/2024;13,16;13,13;759,95;761,48;760,71
Tesouro Prefixado;01/01/2029;16/10/2024;12,88;12,85;599,87;601,07;600,47
Tesouro Prefixado;01/01/2031;16/10/2024;12,73;12,70;475,02;475,97;475,50
Tesouro Prefixado com Juros Semestrais;01/01/2033;16/10/2024;12,66;12,63;375,83;376,59;376,21
Tesouro Prefixado com Juros Semestrais;01/01/2035;16/10/2024;12,55;12,52;299,24;299,84;299,54
Tesouro Prefixado com Juros Semestrais;01/01/2037;16/10/2024;12,47;12,44;238,40;238,88;238,64
Tesouro IPCA+;15/05/2029;16/10/2024;7,10;7,07;3065,79;3071,93;3068,86
Tesouro IPCA+;15/05/2035;16/10/2024;7,24;7,21;2008,03;2012,06;2010,05
Tesouro IPCA+;15/05/2045;16/10/2024;7,33;7,30;984,25;986,22;985,23
Tesouro IPCA+ com Juros Semestrais;15/08/2032;16/10/2024;7,22;7,19;2434,35;2439,22;2436,79
Tesouro IPCA+ com Juros Semestrais;15/08/2040;16/10/2024;7,27;7,24;1387,21;1389,99;1388,60
Tesouro IPCA+ com Juros Semestrais;15/05/2055;16/10/2024;7,40;7,37;476,97;477,93;477,45
Tesouro Selic;01/03/2029;16/10/2024;0,06;0,03;14609,32;14638,60;14623,96
Tesouro Prefixado;01/01/2027;17/10/2024;13,13;13,10;760,66;762,18;761,42
Tesouro Prefixado;01/01/2029;17/10/2024;12,91;12,88;599,49;600,69;600,09
Tesouro Prefixado;01/01/2031;17/10/2024;12,74;12,71;475,00;475,95;475,48
Tesouro Prefixado com Juros Semestrais;01/01/2033;17/10/2024;12,69;12,66;375,15;375,90;375,52
Tesouro Prefixado com Juros Semestrais;01/01/2035;17/10/2024;12,59;12,56;298,18;298,78;298,48
Tesouro Prefixado com Juros Semestrais;01/01/2037;17/10/2024;12,49;12,46;238,06;238,53;238,30
Tesouro IPCA+;15/05/2029;17/10/2024;7,11;7,08;3065,07;3071,21;3068,14
Tesouro IPCA+;15/05/2035;17/10/2024;7,22;7,19;2011,40;2015,43;2013,41
Tesouro IPCA+;15/05/2045;17/10/2024;7,29;7,26;992,04;994,03;993,04
Tesouro IPCA+ com Juros Semestrais;15/08/2032;17/10/2024;7,20;7,17;2437,89;2442,78;2440,34
Tesouro IPCA+ com Juros Semestrais;15/08/2040;17/10/2024;7,26;7,23;1388,63;1391,41;1390,02
Tesouro IPCA+ com Juros Semestrais;15/05/2055;17/10/2024;7,39;7,36;478,21;479,17;478,69
Tesouro Selic;01/03/2029;17/10/2024;0,07;0,04;14612,42;14641,70;14627,06
Tesouro Prefixado;01/01/2027;18/10/2024;13,12;13,09;760,96;762,48;761,72
Tesouro Prefixado;01/01/2029;18/10/2024;12,86;12,83;600,63;601,84;601,23
Tesouro Prefixado;01/01/2031;18/10/2024;12,72;12,69;475,57;476,52;476,04
Tesouro Prefixado com Juros Semestrais;01/01/2033;18/10/2024;12,59;12,56;377,98;378,74;378,36
Tesouro Prefixado com Juros Semestrais;01/01/2035;18/10/2024;12,55;12,52;299,46;300,06;299,76
Tesouro Prefixado com Juros Semestrais;01/01/2037;18/10/2024;12,47;12,44;238,45;238,93;238,69
Tesouro IPCA+;15/05/2029;18/10/2024;7,06;7,03;3072,86;3079,02;3075,94
Tesouro IPCA+;15/05/2035;18/10/2024;7,20;7,17;2016,73;2020,77;2018,75
Tesouro IPCA+;15/05/2045;18/10/2024;7,26;7,23;996,20;998,20;997,20
Tesouro IPCA+ com Juros Semestrais;15/08/2032;18/10/2024;7,13;7,10;2450,05;2454,96;2452,50
Tesouro IPCA+ com Juros Semestrais;15/08/2040;18/10/2024;7,19;7,16;1402,32;1405,13;1403,72
Tesouro IPCA+ com Juros Semestrais;15/05/2055;18/10/2024;7,30;7,27;490,17;491,15;490,66
Tesouro Selic;01/03/2029;18/10/2024;0,06;0,03;14615,51;14644,80;14630,16
Tesouro Prefixado;01/01/2027;21/10/2024;13,13;13,10;761,67;763,20;762,43
Tesouro Prefixado;01/01/2029;21/10/2024;12,89;12,86;600,68;601,89;601,28
Tesouro Prefixado;01/01/2031;21/10/2024;12,72;12,69;476,08;477,03;476,55
Tesouro Prefixado com Juros Semestrais;01/01/2033;21/10/2024;12,60;12,57;377,97;378,73;378,35
Tesouro Prefixado com Juros Semestrais;01/01/2035;21/10/2024;12,53;12,50;300,26;300,86;300,56
Tesouro Prefixado com Juros Semestrais;01/01/2037;21/10/2024;12,46;12,43;239,00;239,47;239,24
Tesouro IPCA+;15/05/2029;21/10/2024;7,00;6,97;3082,55;3088,73;3085,64
Tesouro IPCA+;15/05/2035;21/10/2024;7,10;7,07;2036,32;2040,40;2038,36
Tesouro IPCA+;15/05/2045;21/10/2024;7,18;7,15;1013,05;1015,08;1014,06
Tesouro IPCA+ com Juros Semestrais;15/08/2032;21/10/2024;7,07;7,04;2462,71;2467,65;2465,18
Tesouro IPCA+ com Juros Semestrais;15/08/2040;21/10/2024;7,19;7,16;1404,88;1407,70;1406,29
Tesouro IPCA+ com Juros Semestrais;15/05/2055;21/10/2024;7,26;7,23;496,28;497,27;496,77
Tesouro Selic;01/03/2029;21/10/2024;0,05;0,02;14618,60;14647,90;14633,25
Tesouro Prefixado;01/01/2027;22/10/2024;13,12;13,09;761,97;763,50;762,74
Tesouro Prefixado;01/01/2029;22/10/2024;12,89;12,86;600,74;601,95;601,35
Tesouro Prefixado;01/01/2031;22/10/2024;12,75;12,72;475,55;476,50;476,03
Tesouro Prefixado com Juros Semestrais;01/01/2033;22/10/2024;12,63;12,60;377,49;378,24;377,87
Tesouro Prefixado com Juros Semestrais;01/01/2035;22/10/2024;12,56;12,53;299,60;300,20;299,90
Tesouro Prefixado com Juros Semestrais;01/01/2037;22/10/2024;12,48;12,45;238,53;239,01;238,77
Tesouro IPCA+;15/05/2029;22/10/2024;6,98;6,95;3084,71;3090,89;3087,80
Tesouro IPCA+;15/05/2035;22/10/2024;7,08;7,05;2041,03;2045,12;2043,07
Tesouro IPCA+;15/05/2045;22/10/2024;7,20;7,17;1008,99;1011,01;1010,00
Tesouro IPCA+ com Juros Semestrais;15/08/2032;22/10/2024;7,09;7,06;2460,34;2465,28;2462,81
Tesouro IPCA+ com Juros Semestrais;15/08/2040;22/10/2024;7,18;7,15;1406,48;1409,30;1407,89
Tesouro IPCA+ com Juros Semestrais;15/05/2055;22/10/2024;7,25;7,22;497,93;498,92;498,42
Tesouro Selic;01/03/2029;22/10/2024;0,06;0,03;14621,70;14651,00;14636,35
Tesouro Prefixado;01/01/2027;23/10/2024;13,24;13,21;760,48;762,01;761,24
Tesouro Prefixado;01/01/2029;23/10/2024;13,01;12,98;598,39;599,59;598,99
Tesouro Prefixado;01/01/2031;23/10/2024;12,85;12,82;472,99;473,94;473,46
Tesouro Prefixado com Juros Semestrais;01/01/2033;23/10/2024;12,73;12,70;374,85;375,60;375,22
Tesouro Prefixado com Juros Semestrais;01/01/2035;23/10/2024;12,65;12,62;297,16;297,76;297,46
Tesouro Prefixado com Juros Semestrais;01/01/2037;23/10/2024;12,56;12,53;236,53;237,00;236,76
Tesouro IPCA+;15/05/2029;23/10/2024;6,98;6,95;3085,90;3092,09;3089,00
Tesouro IPCA+;15/05/2035;23/10/2024;7,16;7,13;2026,32;2030,38;2028,35
Tesouro IPCA+;15/05/2045;23/10/2024;7,22;7,19;1004,80;1006,81;1005,80
Tesouro IPCA+ com Juros Semestrais;15/08/2032;23/10/2024;7,07;7,04;2463,42;2468,36;2465,89
Tesouro IPCA+ com Juros Semestrais;15/08/2040;23/10/2024;7,19;7,16;1404,94;1407,75;1406,35
Tesouro IPCA+ com Juros Semestrais;15/05/2055;23/10/2024;7,31;7,28;490,22;491,20;490,71
Tesouro Selic;01/03/2029;23/10/2024;0,05;0,02;14624,79;14654,10;14639,45
Tesouro Prefixado;01/01/2027;24/10/2024;13,19;13,16;761,45;762,98;762,22
Tesouro Prefixado;01/01/2029;24/10/2024;12,96;12,93;599,68;600,88;600,28
Tesouro Prefixado;01/01/2031;24/10/2024;12,83;12,80;473,66;474,61;474,13
Tesouro Prefixado com Juros Semestrais;01/01/2033;24/10/2024;12,75;12,72;374,29;375,04;374,66
Tesouro Prefixado com Juros Semestrais;01/01/2035;24/10/2024;12,62;12,59;298,14;298,74;298,44
Tesouro Prefixado com Juros Semestrais;01/01/2037;24/10/2024;12,59;12,56;235,82;236,29;236,06
Tesouro IPCA+;15/05/2029;24/10/2024;7,01;6,98;3082,58;3088,76;3085,67
Tesouro IPCA+;15/05/2035;24/10/2024;7,15;7,12;2029,03;2033,09;2031,06
Tesouro IPCA+;15/05/2045;24/10/2024;7,28;7,25;993,87;995,86;994,87
Tesouro IPCA+ com Juros Semestrais;15/08/2032;24/10/2024;7,10;7,07;2458,48;2463,40;2460,94
Tesouro IPCA+ com Juros Semestrais;15/08/2040;24/10/2024;7,21;7,18;1400,17;1402,98;1401,57
Tesouro IPCA+ com Juros Semestrais;15/05/2055;24/10/2024;7,30;7,27;491,62;492,60;492,11
Tesouro Selic;01/03/2029;24/10/2024;0,06;0,03;14627,89;14657,20;14642,54
Tesouro Prefixado;01/01/2027;25/10/2024;13,13;13,10;762,71;764,23;763,47
Tesouro Prefixado;01/01/2029;25/10/2024;12,93;12,90;600,48;601,68;601,08
Tesouro Prefixado;01/01/2031;25/10/2024;12,75;12,72;476,03;476,98;476,51
Tesouro Prefixado com Juros Semestrais;01/01/2033;25/10/2024;12,63;12,60;377,84;378,60;378,22
Tesouro Prefixado com Juros Semestrais;01/01/2035;25/10/2024;12,58;12,55;299,48;300,08;299,78
Tesouro Prefixado com Juros Semestrais;01/01/2037;25/10/2024;12,48;12,45;238,92;239,40;239,16
Tesouro IPCA+;15/05/2029;25/10/2024;7,06;7,03;3075,93;3082,09;3079,01
Tesouro IPCA+;15/05/2035;25/10/2024;7,14;7,11;2030,11;2034,18;2032,15
Tesouro IPCA+;15/05/2045;25/10/2024;7,25;7,22;999,32;1001,32;1000,32
Tesouro IPCA+ com Juros Semestrais;15/08/2032;25/10/2024;7,10;7,07;2459,94;2464,87;2462,40
Tesouro IPCA+ com Juros Semestrais;15/08/2040;25/10/2024;7,24;7,21;1395,40;1398,20;1396,80
Tesouro IPCA+ com Juros Semestrais;15/05/2055;25/10/2024;7,33;7,30;487,07;488,05;487,56
Tesouro Selic;01/03/2029;25/10/2024;0,05;0,02;14630,98;14660,30;14645,64
Tesouro Prefixado;01/01/2027;28/10/2024;13,13;13,10;763,43;764,96;764,19
Tesouro Prefixado;01/01/2029;28/10/2024;12,87;12,84;602,41;603,62;603,02
Tesouro Prefixado;01/01/2031;28/10/2024;12,71;12,68;477,45;478,41;477,93
Tesouro Prefixado com Juros Semestrais;01/01/2033;28/10/2024;12,59;12,56;379,27;380,03;379,65
Tesouro Prefixado com Juros Semestrais;01/01/2035;28/10/2024;12,57;12,54;299,81;300,41;300,11
Tesouro Prefixado com Juros Semestrais;01/01/2037;28/10/2024;12,46;12,43;239,64;240,12;239,88
Tesouro IPCA+;15/05/2029;28/10/2024;7,09;7,06;3074,06;3080,22;3077,14
Tesouro IPCA+;15/05/2035;28/10/2024;7,20;7,17;2019,49;2023,54;2021,51
Tesouro IPCA+;15/05/2045;28/10/2024;7,28;7,25;996,05;998,05;997,05
Tesouro IPCA+ com Juros Semestrais;15/08/2032;28/10/2024;7,13;7,10;2455,83;2460,75;2458,29
Tesouro IPCA+ com Juros Semestrais;15/08/2040;28/10/2024;7,21;7,18;1400,98;1403,79;1402,39
Tesouro IPCA+ com Juros Semestrais;15/05/2055;28/10/2024;7,36;7,33;483,73;484,70;484,22
Tesouro Selic;01/03/2029;28/10/2024;0,05;0,02;14634,07;14663,40;14648,74
Tesouro Prefixado;01/01/2027;29/10/2024;13,11;13,08;763,98;765,51;764,74
Tesouro Prefixado;01/01/2029;29/10/2024;12,88;12,85;602,48;603,69;603,08
Tesouro Prefixado;01/01/2031;29/10/2024;12,76;12,73;476,13;477,09;476,61
Tesouro Prefixado com Juros Semestrais;01/01/2033;29/10/2024;12,62;12,59;378,45;379,21;378,83
Tesouro Prefixado com Juros Semestrais;01/01/2035;29/10/2024;12,53;12,50;301,21;301,82;301,51
Tesouro Prefixado com Juros Semestrais;01/01/2037;29/10/2024;12,48;12,45;239,24;239,72;239,48
Tesouro IPCA+;15/05/2029;29/10/2024;7,07;7,04;3076,86;3083,03;3079,95
Tesouro IPCA+;15/05/2035;29/10/2024;7,27;7,24;2007,15;2011,17;2009,16
Tesouro IPCA+;15/05/2045;29/10/2024;7,29;7,26;992,75;994,74;993,75
Tesouro IPCA+ com Juros Semestrais;15/08/2032;29/10/2024;7,15;7,12;2452,04;2456,95;2454,49
Tesouro IPCA+ com Juros Semestrais;15/08/2040;29/10/2024;7,29;7,26;1385,98;1388,76;1387,37
Tesouro IPCA+ com Juros Semestrais;15/05/2055;29/10/2024;7,38;7,35;480,12;481,08;480,60
Tesouro Selic;01/03/2029;29/10/2024;0,06;0,03;14637,17;14666,50;14651,83
Tesouro Prefixado;01/01/2027;30/10/2024;13,09;13,06;764,58;766,11;765,35
Tesouro Prefixado;01/01/2029;30/10/2024;12,85;12,82;603,23;604,44;603,84
Tesouro Prefixado;01/01/2031;30/10/2024;12,69;12,66;478,17;479,12;478,64
Tesouro Prefixado com Juros Semestrais;01/01/2033;30/10/2024;12,59;12,56;379,38;380,14;379,76
Tesouro Prefixado com Juros Semestrais;01/01/2035;30/10/2024;12,55;12,52;300,64;301,25;300,94
Tesouro Prefixado com Juros Semestrais;01/01/2037;30/10/2024;12,47;12,44;239,38;239,86;239,62
Tesouro IPCA+;15/05/2029;30/10/2024;7,10;7,07;3073,50;3079,66;3076,58
Tesouro IPCA+;15/05/2035;30/10/2024;7,23;7,20;2014,71;2018,75;2016,73
Tesouro IPCA+;15/05/2045;30/10/2024;7,32;7,29;988,15;990,13;989,14
Tesouro IPCA+ com Juros Semestrais;15/08/2032;30/10/2024;7,20;7,17;2444,59;2449,49;2447,04
Tesouro IPCA+ com Juros Semestrais;15/08/2040;30/10/2024;7,29;7,26;1385,74;1388,52;1387,13
Tesouro IPCA+ com Juros Semestrais;15/05/2055;30/10/2024;7,39;7,36;479,81;480,77;480,29
Tesouro Selic;01/03/2029;30/10/2024;0,06;0,03;14640,26;14669,60;14654,93
Tesouro Prefixado;01/01/2027;31/10/2024;12,99;12,96;766,19;767,73;766,96
Tesouro Prefixado;01/01/2029;31/10/2024;12,76;12,73;605,45;606,66;606,06
Tesouro Prefixado;01/01/2031;31/10/2024;12,62;12,59;480,12;481,08;480,60
Tesouro Prefixado com Juros Semestrais;01/01/2033;31/10/2024;12,47;12,44;382,94;383,71;383,33
Tesouro Prefixado com Juros Semestrais;01/01/2035;31/10/2024;12,38;12,35;305,52;306,14;305,83
Tesouro Prefixado com Juros Semestrais;01/01/2037;31/10/2024;12,34;12,31;242,86;243,35;243,10
Tesouro IPCA+;15/05/2029;31/10/2024;7,13;7,10;3071,04;3077,19;3074,11
Tesouro IPCA+;15/05/2035;31/10/2024;7,25;7,22;2011,18;2015,21;2013,20
Tesouro IPCA+;15/05/2045;31/10/2024;7,33;7,30;985,28;987,25;986,26
Tesouro IPCA+ com Juros Semestrais;15/08/2032;31/10/2024;7,20;7,17;2444,82;2449,71;2447,27
Tesouro IPCA+ com Juros Semestrais;15/08/2040;31/10/2024;7,33;7,30;1378,37;1381,13;1379,75
Tesouro IPCA+ com Juros Semestrais;15/05/2055;31/10/2024;7,43;7,40;474,20;475,15;474,67
Tesouro Selic;01/03/2029;31/10/2024;0,07;0,04;14643,35;14672,70;14658,03
Tesouro Prefixado;01/01/2027;01/11/2024;12,92;12,89;767,50;769,04;768,27
Tesouro Prefixado;01/01/2029;01/11/2024;12,65;12,62;608,28;609,50;608,89
Tesouro Prefixado;01/01/2031;01/11/2024;12,49;12,46;483,90;484,87;484,39
Tesouro Prefixado com Juros Semestrais;01/01/2033;01/11/2024;12,45;12,42;383,71;384,48;384,10
Tesouro Prefixado com Juros Semestrais;01/01/2035;01/11/2024;12,34;12,31;306,73;307,35;307,04
Tesouro Prefixado com Juros Semestrais;01/01/2037;01/11/2024;12,27;12,24;244,80;245,29;245,04
Tesouro IPCA+;15/05/2029;01/11/2024;7,15;7,12;3068,99;3075,14;3072,06
Tesouro IPCA+;15/05/2035;01/11/2024;7,27;7,24;2006,99;2011,01;2009,00
Tesouro IPCA+;15/05/2045;01/11/2024;7,34;7,31;983,81;985,78;984,79
Tesouro IPCA+ com Juros Semestrais;15/08/2032;01/11/2024;7,25;7,22;2436,39;2441,27;2438,83
Tesouro IPCA+ com Juros Semestrais;15/08/2040;01/11/2024;7,36;7,33;1371,65;1374,39;1373,02
Tesouro IPCA+ com Juros Semestrais;15/05/2055;01/11/2024;7,43;7,40;473,54;474,49;474,02
Tesouro Selic;01/03/2029;01/11/2024;0,06;0,03;14646,45;14675,80;14661,12
Tesouro Prefixado;01/01/2027;04/11/2024;12,96;12,93;767,70;769,24;768,47
Tesouro Prefixado;01/01/2029;04/11/2024;12,75;12,72;606,66;607,88;607,27
Tesouro Prefixado;01/01/2031;04/11/2024;12,59;12,56;481,60;482,57;482,09
Tesouro Prefixado com Juros Semestrais;01/01/2033;04/11/2024;12,47;12,44;383,49;384,26;383,88
Tesouro Prefixado com Juros Semestrais;01/01/2035;04/11/2024;12,41;12,38;304,94;305,55;305,24
Tesouro Prefixado com Juros Semestrais;01/01/2037;04/11/2024;12,34;12,31;243,30;243,79;243,54
Tesouro IPCA+;15/05/2029;04/11/2024;7,12;7,09;3074,19;3080,35;3077,27
Tesouro IPCA+;15/05/2035;04/11/2024;7,24;7,21;2014,99;2019,03;2017,01
Tesouro IPCA+;15/05/2045;04/11/2024;7,34;7,31;984,44;986,42;985,43
Tesouro IPCA+ com Juros Semestrais;15/08/2032;04/11/2024;7,25;7,22;2437,54;2442,43;2439,99
Tesouro IPCA+ com Juros Semestrais;15/08/2040;04/11/2024;7,30;7,27;1384,26;1387,03;1385,64
Tesouro IPCA+ com Juros Semestrais;15/05/2055;04/11/2024;7,39;7,36;480,23;481,19;480,71
Tesouro Selic;01/03/2029;04/11/2024;0,06;0,03;14649,54;14678,90;14664,22
Tesouro Prefixado;01/01/2027;05/11/2024;12,95;12,92;768,07;769,60;768,84
Tesouro Prefixado;01/01/2029;05/11/2024;12,69;12,66;608,05;609,27;608,66
Tesouro Prefixado;01/01/2031;05/11/2024;12,58;12,55;481,95;482,92;482,44
Tesouro Prefixado com Juros Semestrais;01/01/2033;05/11/2024;12,46;12,43;383,96;384,73;384,34
Tesouro Prefixado com Juros Semestrais;01/01/2035;05/11/2024;12,40;12,37;305,36;305,97;305,66
Tesouro Prefixado com Juros Semestrais;01/01/2037;05/11/2024;12,31;12,28;244,28;244,76;244,52
Tesouro IPCA+;15/05/2029;05/11/2024;7,12;7,09;3075,03;3081,19;3078,11
Tesouro IPCA+;15/05/2035;05/11/2024;7,25;7,22;2012,61;2016,64;2014,62
Tesouro IPCA+;15/05/2045;05/11/2024;7,36;7,33;982,01;983,97;982,99
Tesouro IPCA+ com Juros Semestrais;15/08/2032;05/11/2024;7,23;7,20;2441,25;2446,14;2443,70
Tesouro IPCA+ com Juros Semestrais;15/08/2040;05/11/2024;7,29;7,26;1387,75;1390,54;1389,14
Tesouro IPCA+ com Juros Semestrais;15/05/2055;05/11/2024;7,41;7,38;477,03;477,99;477,51
Tesouro Selic;01/03/2029;05/11/2024;0,06;0,03;14652,64;14682,00;14667,32
Tesouro Prefixado;01/01/2027;06/11/2024;13,01;12,98;767,44;768,98;768,21
Tesouro Prefixado;01/01/2029;06/11/2024;12,78;12,75;606,38;607,59;606,98
Tesouro Prefixado;01/01/2031;06/11/2024;12,61;12,58;481,41;482,37;481,89
Tesouro Prefixado com Juros Semestrais;01/01/2033;06/11/2024;12,54;12,51;381,74;382,51;382,12
Tesouro Prefixado com Juros Semestrais;01/01/2035;06/11/2024;12,42;12,39;304,87;305,48;305,18
Tesouro Prefixado com Juros Semestrais;01/01/2037;06/11/2024;12,37;12,34;242,54;243,03;242,78
Tesouro IPCA+;15/05/2029;06/11/2024;7,15;7,12;3071,93;3078,08;3075,00
Tesouro IPCA+;15/05/2035;06/11/2024;7,28;7,25;2008,37;2012,40;2010,39
Tesouro IPCA+;15/05/2045;06/11/2024;7,37;7,34;979,72;981,68;980,70
Tesouro IPCA+ com Juros Semestrais;15/08/2032;06/11/2024;7,23;7,20;2441,29;2446,18;2443,73
Tesouro IPCA+ com Juros Semestrais;15/08/2040;06/11/2024;7,35;7,32;1375,03;1377,79;1376,41
Tesouro IPCA+ com Juros Semestrais;15/05/2055;06/11/2024;7,43;7,40;473,95;474,90;474,43
Tesouro Selic;01/03/2029;06/11/2024;0,06;0,03;14655,73;14685,10;14670,41
Tesouro Prefixado;01/01/2027;07/11/2024;12,97;12,94;768,37;769,91;769,14
Tesouro Prefixado;01/01/2029;07/11/2024;12,74;12,71;607,32;608,53;607,93
Tesouro Prefixado;01/01/2031;07/11/2024;12,58;12,55;482,46;483,43;482,94
Tesouro Prefixado com Juros Semestrais;01/01/2033;07/11/2024;12,49;12,46;383,18;383,95;383,56
Tesouro Prefixado com Juros Semestrais;01/01/2035;07/11/2024;12,43;12,40;304,66;305,27;304,97
Tesouro Prefixado com Juros Semestrais;01/01/2037;07/11/2024;12,32;12,29;244,06;244,55;244,30
Tesouro IPCA+;15/05/2029;07/11/2024;7,14;7,11;3073,17;3079,33;3076,25
Tesouro IPCA+;15/05/2035;07/11/2024;7,28;7,25;2008,36;2012,38;2010,37
Tesouro IPCA+;15/05/2045;07/11/2024;7,38;7,35;977,83;979,79;978,81
Tesouro IPCA+ com Juros Semestrais;15/08/2032;07/11/2024;7,25;7,22;2438,35;2443,24;2440,80
Tesouro IPCA+ com Juros Semestrais;15/08/2040;07/11/2024;7,36;7,33;1374,06;1376,82;1375,44
Tesouro IPCA+ com Juros Semestrais;15/05/2055;07/11/2024;7,41;7,38;476,76;477,71;477,23
Tesouro Selic;01/03/2029;07/11/2024;0,06;0,03;14658,82;14688,20;14673,51
Tesouro Prefixado;01/01/2027;08/11/2024;13,03;13,00;767,72;769,26;768,49
Tesouro Prefixado;01/01/2029;08/11/2024;12,80;12,77;606,25;607,46;606,85
Tesouro Prefixado;01/01/2031;08/11/2024;12,66;12,63;480,46;481,42;480,94
Tesouro Prefixado com Juros Semestrais;01/01/2033;08/11/2024;12,56;12,53;381,29;382,05;381,67
Tesouro Prefixado com Juros Semestrais;01/01/2035;08/11/2024;12,48;12,45;303,55;304,16;303,85
Tesouro Prefixado com Juros Semestrais;01/01/2037;08/11/2024;12,42;12,39;241,44;241,92;241,68
Tesouro IPCA+;15/05/2029;08/11/2024;7,15;7,12;3072,55;3078,71;3075,63
Tesouro IPCA+;15/05/2035;08/11/2024;7,23;7,20;2018,20;2022,24;2020,22
Tesouro IPCA+;15/05/2045;08/11/2024;7,37;7,34;980,48;982,45;981,47
Tesouro IPCA+ com Juros Semestrais;15/08/2032;08/11/2024;7,20;7,17;2447,05;2451,96;2449,50
Tesouro IPCA+ com Juros Semestrais;15/08/2040;08/11/2024;7,31;7,28;1383,21;1385,98;1384,59
Tesouro IPCA+ com Juros Semestrais;15/05/2055;08/11/2024;7,38;7,35;480,90;481,87;481,39
Tesouro Selic;01/03/2029;08/11/2024;0,06;0,03;14661,92;14691,30;14676,61
Tesouro Prefixado;01/01/2027;11/11/2024;12,95;12,92;769,59;771,13;770,36
Tesouro Prefixado;01/01/2029;11/11/2024;12,70;12,67;609,03;610,25;609,64
Tesouro Prefixado;01/01/2031;11/11/2024;12,57;12,54;483,28;484,25;483,77
Tesouro Prefixado com Juros Semestrais;01/01/2033;11/11/2024;12,43;12,40;385,40;386,17;385,78
Tesouro Prefixado com Juros Semestrais;01/01/2035;11/11/2024;12,37;12,34;306,78;307,40;307,09
Tesouro Prefixado com Juros Semestrais;01/01/2037;11/11/2024;12,31;12,28;244,50;244,99;244,74
Tesouro IPCA+;15/05/2029;11/11/2024;7,15;7,12;3075,03;3081,19;3078,11
Tesouro IPCA+;15/05/2035;11/11/2024;7,27;7,24;2010,61;2014,64;2012,62
Tesouro IPCA+;15/05/2045;11/11/2024;7,35;7,32;984,32;986,30;985,31
Tesouro IPCA+ com Juros Semestrais;15/08/2032;11/11/2024;7,20;7,17;2450,06;2454,97;2452,51
Tesouro IPCA+ com Juros Semestrais;15/08/2040;11/11/2024;7,29;7,26;1389,18;1391,96;1390,57
Tesouro IPCA+ com Juros Semestrais;15/05/2055;11/11/2024;7,42;7,39;476,23;477,18;476,70
Tesouro Selic;01/03/2029;11/11/2024;0,06;0,03;14665,01;14694,40;14679,71
Tesouro Prefixado;01/01/2027;12/11/2024;12,89;12,86;770,75;772,30;771,53
Tesouro Prefixado;01/01/2029;12/11/2024;12,65;12,62;610,38;611,61;610,99
Tesouro Prefixado;01/01/2031;12/11/2024;12,50;12,47;485,22;486,19;485,70
Tesouro Prefixado com Juros Semestrais;01/01/2033;12/11/2024;12,41;12,38;386,17;386,94;386,55
Tesouro Prefixado com Juros Semestrais;01/01/2035;12/11/2024;12,35;12,32;307,53;308,14;307,83
Tesouro Prefixado com Juros Semestrais;01/01/2037;12/11/2024;12,24;12,21;246,43;246,92;246,68
Tesouro IPCA+;15/05/2029;12/11/2024;7,16;7,13;3073,59;3079,75;3076,67
Tesouro IPCA+;15/05/2035;12/11/2024;7,29;7,26;2007,98;2012,01;2009,99
Tesouro IPCA+;15/05/2045;12/11/2024;7,42;7,39;971,79;973,74;972,77
Tesouro IPCA+ com Juros Semestrais;15/08/2032;12/11/2024;7,24;7,21;2442,45;2447,35;2444,90
Tesouro IPCA+ com Juros Semestrais;15/08/2040;12/11/2024;7,37;7,34;1372,76;1375,51;1374,14
Tesouro IPCA+ com Juros Semestrais;15/05/2055;12/11/2024;7,43;7,40;475,14;476,09;475,62
Tesouro Selic;01/03/2029;12/11/2024;0,06;0,03;14668,10;14697,50;14682,80
Tesouro Prefixado;01/01/2027;13/11/2024;12,98;12,95;769,76;771,30;770,53
Tesouro Prefixado;01/01/2029;13/11/2024;12,67;12,64;610,11;611,33;610,72
Tesouro Prefixado;01/01/2031;13/11/2024;12,57;12,54;483,66;484,63;484,14
Tesouro Prefixado com Juros Semestrais;01/01/2033;13/11/2024;12,47;12,44;384,40;385,17;384,79
Tesouro Prefixado com Juros Semestrais;01/01/2035;13/11/2024;12,36;12,33;307,13;307,75;307,44
Tesouro Prefixado com Juros Semestrais;01/01/2037;13/11/2024;12,34;12,31;243,98;244,47;244,22
Tesouro IPCA+;15/05/2029;13/11/2024;7,23;7,20;3065,12;3071,27;3068,20
Tesouro IPCA+;15/05/2035;13/11/2024;7,34;7,31;1998,16;2002,16;2000,16
Tesouro IPCA+;15/05/2045;13/11/2024;7,42;7,39;971,71;973,65;972,68
Tesouro IPCA+ com Juros Semestrais;15/08/2032;13/11/2024;7,32;7,29;2429,78;2434,65;2432,22
Tesouro IPCA+ com Juros Semestrais;15/08/2040;13/11/2024;7,41;7,38;1365,62;1368,36;1366,99
Tesouro IPCA+ com Juros Semestrais;15/05/2055;13/11/2024;7,49;7,46;467,47;468,41;467,94
Tesouro Selic;01/03/2029;13/11/2024;0,06;0,03;14671,20;14700,60;14685,90
Tesouro Prefixado;01/01/2027;14/11/2024;13,01;12,98;769,59;771,13;770,36
Tesouro Prefixado;01/01/2029;14/11/2024;12,75;12,72;608,54;609,76;609,15
Tesouro Prefixado;01/01/2031;14/11/2024;12,62;12,59;482,33;483,29;482,81
Tesouro Prefixado com Juros Semestrais;01/01/2033;14/11/2024;12,51;12,48;383,65;384,42;384,04
Tesouro Prefixado com Juros Semestrais;01/01/2035;14/11/2024;12,41;12,38;306,01;306,63;306,32
Tesouro Prefixado com Juros Semestrais;01/01/2037;14/11/2024;12,36;12,33;243,49;243,98;243,74
Tesouro IPCA+;15/05/2029;14/11/2024;7,17;7,14;3073,81;3079,97;3076,89
Tesouro IPCA+;15/05/2035;14/11/2024;7,30;7,27;2007,19;2011,21;2009,20
Tesouro IPCA+;15/05/2045;14/11/2024;7,40;7,37;975,81;977,76;976,78
Tesouro IPCA+ com Juros Semestrais;15/08/2032;14/11/2024;7,28;7,25;2437,31;2442,19;2439,75
Tesouro IPCA+ com Juros Semestrais;15/08/2040;14/11/2024;7,36;7,33;1376,13;1378,89;1377,51
Tesouro IPCA+ com Juros Semestrais;15/05/2055;14/11/2024;7,47;7,44;470,06;471,00;470,53
Tesouro Selic;01/03/2029;14/11/2024;0,06;0,03;14674,29;14703,70;14689,00
Tesouro Prefixado;01/01/2027;15/11/2024;12,92;12,89;771,18;772,72;771,95
Tesouro Prefixado;01/01/2029;15/11/2024;12,63;12,60;611,50;612,73;612,12
Tesouro Prefixado;01/01/2031;15/11/2024;12,56;12,53;484,29;485,26;484,78
Tesouro Prefixado com Juros Semestrais;01/01/2033;15/11/2024;12,38;12,35;387,25;388,02;387,63
Tesouro Prefixado com Juros Semestrais;01/01/2035;15/11/2024;12,32;12,29;308,53;309,15;308,84
Tesouro Prefixado com Juros Semestrais;01/01/2037;15/11/2024;12,25;12,22;246,39;246,88;246,63
Tesouro IPCA+;15/05/2029;15/11/2024;7,14;7,11;3078,46;3084,62;3081,54
Tesouro IPCA+;15/05/2035;15/11/2024;7,28;7,25;2010,30;2014,32;2012,31
Tesouro IPCA+;15/05/2045;15/11/2024;7,38;7,35;980,27;982,23;981,25
Tesouro IPCA+ com Juros Semestrais;15/08/2032;15/11/2024;7,25;7,22;2442,88;2447,77;2445,33
Tesouro IPCA+ com Juros Semestrais;15/08/2040;15/11/2024;7,38;7,35;1372,20;1374,95;1373,58
Tesouro IPCA+ com Juros Semestrais;15/05/2055;15/11/2024;7,43;7,40;475,47;476,43;475,95
Tesouro Selic;01/03/2029;15/11/2024;0,07;0,04;14677,39;14706,80;14692,09
Tesouro Prefixado;01/01/2027;18/11/2024;12,95;12,92;771,41;772,96;772,19
Tesouro Prefixado;01/01/2029;18/11/2024;12,71;12,68;610,32;611,55;610,93
Tesouro Prefixado;01/01/2031;18/11/2024;12,55;12,52;484,80;485,78;485,29
Tesouro Prefixado com Juros Semestrais;01/01/2033;18/11/2024;12,48;12,45;384,76;385,53;385,14
Tesouro Prefixado com Juros Semestrais;01/01/2035;18/11/2024;12,34;12,31;308,18;308,79;308,49
Tesouro Prefixado com Juros Semestrais;01/01/2037;18/11/2024;12,29;12,26;245,70;246,20;245,95
Tesouro IPCA+;15/05/2029;18/11/2024;7,15;7,12;3078,70;3084,87;3081,78
Tesouro IPCA+;15/05/2035;18/11/2024;7,35;7,32;1999,26;2003,27;2001,26
Tesouro IPCA+;15/05/2045;18/11/2024;7,39;7,36;977,83;979,79;978,81
Tesouro IPCA+ com Juros Semestrais;15/08/2032;18/11/2024;7,23;7,20;2447,36;2452,27;2449,82
Tesouro IPCA+ com Juros Semestrais;15/08/2040;18/11/2024;7,36;7,33;1375,77;1378,53;1377,15
Tesouro IPCA+ com Juros Semestrais;15/05/2055;18/11/2024;7,41;7,38;477,58;478,53;478,05
Tesouro Selic;01/03/2029;18/11/2024;0,06;0,03;14680,48;14709,90;14695,19
Tesouro Prefixado;01/01/2027;19/11/2024;12,94;12,91;771,89;773,43;772,66
Tesouro Prefixado;01/01/2029;19/11/2024;12,75;12,72;609,47;610,69;610,08
Tesouro Prefixado;01/01/2031;19/11/2024;12,60;12,57;483,85;484,82;484,34
Tesouro Prefixado com Juros Semestrais;01/01/2033;19/11/2024;12,43;12,40;386,43;387,20;386,82
Tesouro Prefixado com Juros Semestrais;01/01/2035;19/11/2024;12,40;12,37;306,73;307,34;307,03
Tesouro Prefixado com Juros Semestrais;01/01/2037;19/11/2024;12,32;12,29;245,06;245,55;245,30
Tesouro IPCA+;15/05/2029;19/11/2024;7,13;7,10;3081,28;3087,46;3084,37
Tesouro IPCA+;15/05/2035;19/11/2024;7,25;7,22;2017,59;2021,63;2019,61
Tesouro IPCA+;15/05/2045;19/11/2024;7,37;7,34;982,78;984,75;983,77
Tesouro IPCA+ com Juros Semestrais;15/08/2032;19/11/2024;7,24;7,21;2446,76;2451,66;2449,21
Tesouro IPCA+ com Juros Semestrais;15/08/2040;19/11/2024;7,34;7,31;1381,85;1384,62;1383,24
Tesouro IPCA+ com Juros Semestrais;15/05/2055;19/11/2024;7,41;7,38;478,08;479,04;478,56
Tesouro Selic;01/03/2029;19/11/2024;0,05;0,02;14683,57;14713,00;14698,29
Tesouro Prefixado;01/01/2027;20/11/2024;12,93;12,90;772,25;773,80;773,02
Tesouro Prefixado;01/01/2029;20/11/2024;12,67;12,64;611,47;612,69;612,08
Tesouro Prefixado;01/01/2031;20/11/2024;12,58;12,55;484,47;485,44;484,96
Tesouro Prefixado com Juros Semestrais;01/01/2033;20/11/2024;12,47;12,44;385,28;386,05;385,67
Tesouro Prefixado com Juros Semestrais;01/01/2035;20/11/2024;12,43;12,40;306,12;306,73;306,43
Tesouro Prefixado com Juros Semestrais;01/01/2037;20/11/2024;12,30;12,27;245,51;246,00;245,75
Tesouro IPCA+;15/05/2029;20/11/2024;7,16;7,13;3077,99;3084,16;3081,08
Tesouro IPCA+;15/05/2035;20/11/2024;7,33;7,30;2002,94;2006,95;2004,95
Tesouro IPCA+;15/05/2045;20/11/2024;7,38;7,35;979,77;981,73;980,75
Tesouro IPCA+ com Juros Semestrais;15/08/2032;20/11/2024;7,27;7,24;2441,02;2445,91;2443,47
Tesouro IPCA+ com Juros Semestrais;15/08/2040;20/11/2024;7,33;7,30;1383,83;1386,60;1385,21
Tesouro IPCA+ com Juros Semestrais;15/05/2055;20/11/2024;7,44;7,41;474,46;475,41;474,94
Tesouro Selic;01/03/2029;20/11/2024;0,06;0,03;14686,67;14716,10;14701,38
Tesouro Prefixado;01/01/2027;21/11/2024;12,93;12,90;772,48;774,03;773,26
Tesouro Prefixado;01/01/2029;21/11/2024;12,72;12,69;610,72;611,95;611,33
Tesouro Prefixado;01/01/2031;21/11/2024;12,55;12,52;485,34;486,31;485,83
Tesouro Prefixado com Juros Semestrais;01/01/2033;21/11/2024;12,51;12,48;384,30;385,07;384,68
Tesouro Prefixado com Juros Semestrais;01/01/2035;21/11/2024;12,40;12,37;306,94;307,56;307,25
Tesouro Prefixado com Juros Semestrais;01/01/2037;21/11/2024;12,34;12,31;244,47;244,96;244,72
Tesouro IPCA+;15/05/2029;21/11/2024;7,12;7,09;3084,49;3090,67;3087,58
Tesouro IPCA+;15/05/2035;21/11/2024;7,25;7,22;2019,13;2023,18;2021,15
Tesouro IPCA+;15/05/2045;21/11/2024;7,37;7,34;981,97;983,94;982,95
Tesouro IPCA+ com Juros Semestrais;15/08/2032;21/11/2024;7,21;7,18;2451,86;2456,78;2454,32
Tesouro IPCA+ com Juros Semestrais;15/08/2040;21/11/2024;7,33;7,30;1383,73;1386,51;1385,12
Tesouro IPCA+ com Juros Semestrais;15/05/2055;21/11/2024;7,45;7,42;473,30;474,25;473,77
Tesouro Selic;01/03/2029;21/11/2024;0,06;0,03;14689,76;14719,20;14704,48
Tesouro Prefixado;01/01/2027;22/11/2024;12,93;12,90;772,80;774,35;773,58
Tesouro Prefixado;01/01/2029;22/11/2024;12,69;12,66;611,55;612,77;612,16
Tesouro Prefixado;01/01/2031;22/11/2024;12,53;12,50;486,09;487,06;486,57
Tesouro Prefixado com Juros Semestrais;01/01/2033;22/11/2024;12,45;12,42;386,24;387,01;386,63
Tesouro Prefixado com Juros Semestrais;01/01/2035;22/11/2024;12,37;12,34;307,74;308,35;308,05
Tesouro Prefixado com Juros Semestrais;01/01/2037;22/11/2024;12,31;12,28;245,38;245,87;245,63
Tesouro IPCA+;15/05/2029;22/11/2024;7,14;7,11;3081,70;3087,87;3084,78
Tesouro IPCA+;15/05/2035;22/11/2024;7,29;7,26;2011,96;2015,99;2013,97
Tesouro IPCA+;15/05/2045;22/11/2024;7,33;7,30;991,18;993,17;992,17
Tesouro IPCA+ com Juros Semestrais;15/08/2032;22/11/2024;7,23;7,20;2449,13;2454,04;2451,58
Tesouro IPCA+ com Juros Semestrais;15/08/2040;22/11/2024;7,32;7,29;1385,15;1387,93;1386,54
Tesouro IPCA+ com Juros Semestrais;15/05/2055;22/11/2024;7,43;7,40;476,58;477,54;477,06
Tesouro Selic;01/03/2029;22/11/2024;0,06;0,03;14692,86;14722,30;14707,58
Tesouro Prefixado;01/01/2027;25/11/2024;12,86;12,83;774,52;776,07;775,30
Tesouro Prefixado;01/01/2029;25/11/2024;12,63;12,60;613,39;614,62;614,00
Tesouro Prefixado;01/01/2031;25/11/2024;12,49;12,46;487,57;488,54;488,05
Tesouro Prefixado com Juros Semestrais;01/01/2033;25/11/2024;12,42;12,39;387,49;388,26;387,87
Tesouro Prefixado com Juros Semestrais;01/01/2035;25/11/2024;12,26;12,23;311,24;311,86;311,55
Tesouro Prefixado com Juros Semestrais;01/01/2037;25/11/2024;12,24;12,21;247,60;248,10;247,85
Tesouro IPCA+;15/05/2029;25/11/2024;7,09;7,06;3090,80;3097,00;3093,90
Tesouro IPCA+;15/05/2035;25/11/2024;7,26;7,23;2019,63;2023,67;2021,65
Tesouro IPCA+;15/05/2045;25/11/2024;7,31;7,28;995,54;997,53;996,53
Tesouro IPCA+ com Juros Semestrais;15/08/2032;25/11/2024;7,18;7,15;2459,66;2464,59;2462,12
Tesouro IPCA+ com Juros Semestrais;15/08/2040;25/11/2024;7,27;7,24;1397,01;1399,81;1398,41
Tesouro IPCA+ com Juros Semestrais;15/05/2055;25/11/2024;7,39;7,36;481,63;482,60;482,11
Tesouro Selic;01/03/2029;25/11/2024;0,06;0,03;14695,95;14725,40;14710,67
Tesouro Prefixado;01/01/2027;26/11/2024;12,91;12,88;774,10;775,65;774,88
Tesouro Prefixado;01/01/2029;26/11/2024;12,65;12,62;613,16;614,39;613,78
Tesouro Prefixado;01/01/2031;26/11/2024;12,54;12,51;486,44;487,42;486,93
Tesouro Prefixado com Juros Semestrais;01/01/2033;26/11/2024;12,42;12,39;387,58;388,35;387,96
Tesouro Prefixado com Juros Semestrais;01/01/2035;26/11/2024;12,32;12,29;309,50;310,12;309,81
Tesouro Prefixado com Juros Semestrais;01/01/2037;26/11/2024;12,25;12,22;247,42;247,92;247,67
Tesouro IPCA+;15/05/2029;26/11/2024;7,17;7,14;3080,86;3087,03;3083,95
Tesouro IPCA+;15/05/2035;26/11/2024;7,29;7,26;2012,76;2016,79;2014,77
Tesouro IPCA+;15/05/2045;26/11/2024;7,39;7,36;979,83;981,79;980,81
Tesouro IPCA+ com Juros Semestrais;15/08/2032;26/11/2024;7,23;7,20;2450,64;2455,55;2453,10
Tesouro IPCA+ com Juros Semestrais;15/08/2040;26/11/2024;7,36;7,33;1377,86;1380,62;1379,24
Tesouro IPCA+ com Juros Semestrais;15/05/2055;26/11/2024;7,45;7,42;473,58;474,53;474,05
Tesouro Selic;01/03/2029;26/11/2024;0,06;0,03;14699,04;14728,50;14713,77
Tesouro Prefixado;01/01/2027;27/11/2024;12,92;12,89;774,22;775,77;775,00
Tesouro Prefixado;01/01/2029;27/11/2024;12,71;12,68;612,00;613,22;612,61
Tesouro Prefixado;01/01/2031;27/11/2024;12,56;12,53;486,04;487,01;486,52
Tesouro Prefixado com Juros Semestrais;01/01/2033;27/11/2024;12,45;12,42;386,70;387,47;387,09
Tesouro Prefixado com Juros Semestrais;01/01/2035;27/11/2024;12,35;12,32;308,89;309,51;309,20
Tesouro Prefixado com Juros Semestrais;01/01/2037;27/11/2024;12,32;12,29;245,60;246,10;245,85
Tesouro IPCA+;15/05/2029;27/11/2024;7,15;7,12;3083,50;3089,68;3086,59
Tesouro IPCA+;15/05/2035;27/11/2024;7,35;7,32;2002,59;2006,60;2004,60
Tesouro IPCA+;15/05/2045;27/11/2024;7,42;7,39;973,83;975,79;974,81
Tesouro IPCA+ com Juros Semestrais;15/08/2032;27/11/2024;7,29;7,26;2441,04;2445,93;2443,49
Tesouro IPCA+ com Juros Semestrais;15/08/2040;27/11/2024;7,37;7,34;1376,16;1378,92;1377,54
Tesouro IPCA+ com Juros Semestrais;15/05/2055;27/11/2024;7,46;7,43;472,03;472,98;472,51
Tesouro Selic;01/03/2029;27/11/2024;0,06;0,03;14702,14;14731,60;14716,87
Tesouro Prefixado;01/01/2027;28/11/2024;12,98;12,95;773,57;775,13;774,35
Tesouro Prefixado;01/01/2029;28/11/2024;12,80;12,77;610,32;611,54;610,93
Tesouro Prefixado;01/01/2031;28/11/2024;12,68;12,65;483,12;484,09;483,60
Tesouro Prefixado com Juros Semestrais;01/01/2033;28/11/2024;12,52;12,49;385,04;385,81;385,42
Tesouro Prefixado com Juros Semestrais;01/01/2035;28/11/2024;12,45;12,42;306,15;306,76;306,46
Tesouro Prefixado com Juros Semestrais;01/01/2037;28/11/2024;12,45;12,42;242,24;242,73;242,48
Tesouro IPCA+;15/05/2029;28/11/2024;7,18;7,15;3080,59;3086,76;3083,67
Tesouro IPCA+;15/05/2035;28/11/2024;7,29;7,26;2014,65;2018,69;2016,67
Tesouro IPCA+;15/05/2045;28/11/2024;7,37;7,34;984,48;986,45;985,46
Tesouro IPCA+ com Juros Semestrais;15/08/2032;28/11/2024;7,25;7,22;2448,24;2453,14;2450,69
Tesouro IPCA+ com Juros Semestrais;15/08/2040;28/11/2024;7,36;7,33;1379,06;1381,82;1380,44
Tesouro IPCA+ com Juros Semestrais;15/05/2055;28/11/2024;7,46;7,43;472,06;473,00;472,53
Tesouro Selic;01/03/2029;28/11/2024;0,06;0,03;14705,23;14734,70;14719,97
Tesouro Prefixado;01/01/2027;29/11/2024;13,07;13,04;772,60;774,15;773,37
Tesouro Prefixado;01/01/2029;29/11/2024;12,79;12,76;610,60;611,83;611,22
Tesouro Prefixado;01/01/2031;29/11/2024;12,73;12,70;481,97;482,93;482,45
Tesouro Prefixado com Juros Semestrais;01/01/2033;29/11/2024;12,63;12,60;382,06;382,83;382,45
Tesouro Prefixado com Juros Semestrais;01/01/2035;29/11/2024;12,51;12,48;304,57;305,18;304,87
Tesouro Prefixado com Juros Semestrais;01/01/2037;29/11/2024;12,50;12,47;241,09;241,57;241,33
Tesouro IPCA+;15/05/2029;29/11/2024;7,18;7,15;3080,49;3086,66;3083,58
Tesouro IPCA+;15/05/2035;29/11/2024;7,30;7,27;2012,09;2016,12;2014,11
Tesouro IPCA+;15/05/2045;29/11/2024;7,41;7,38;977,30;979,26;978,28
Tesouro IPCA+ com Juros Semestrais;15/08/2032;29/11/2024;7,26;7,23;2446,95;2451,85;2449,40
Tesouro IPCA+ com Juros Semestrais;15/08/2040;29/11/2024;7,30;7,27;1391,64;1394,42;1393,03
Tesouro IPCA+ com Juros Semestrais;15/05/2055;29/11/2024;7,44;7,41;474,83;475,78;475,30
Tesouro Selic;01/03/2029;29/11/2024;0,06;0,03;14708,32;14737,80;14723,06
Tesouro Prefixado;01/01/2027;02/12/2024;13,05;13,02;773,63;775,18;774,40
Tesouro Prefixado;01/01/2029;02/12/2024;12,84;12,81;610,20;611,42;610,81
Tesouro Prefixado;01/01/2031;02/12/2024;12,69;12,66;483,37;484,34;483,86
Tesouro Prefixado com Juros Semestrais;01/01/2033;02/12/2024;12,61;12,58;383,11;383,88;383,49
Tesouro Prefixado com Juros Semestrais;01/01/2035;02/12/2024;12,52;12,49;304,66;305,27;304,97
Tesouro Prefixado com Juros Semestrais;01/01/2037;02/12/2024;12,47;12,44;242,16;242,64;242,40
Tesouro IPCA+;15/05/2029;02/12/2024;7,22;7,19;3078,13;3084,30;3081,21
Tesouro IPCA+;15/05/2035;02/12/2024;7,35;7,32;2002,98;2006,99;2004,98
Tesouro IPCA+;15/05/2045;02/12/2024;7,48;7,45;963,61;965,54;964,58
Tesouro IPCA+ com Juros Semestrais;15/08/2032;02/12/2024;7,31;7,28;2439,49;2444,38;2441,93
Tesouro IPCA+ com Juros Semestrais;15/08/2040;02/12/2024;7,41;7,38;1370,08;1372,83;1371,46
Tesouro IPCA+ com Juros Semestrais;15/05/2055;02/12/2024;7,48;7,45;469,76;470,70;470,23
Tesouro Selic;01/03/2029;02/12/2024;0,06;0,03;14711,42;14740,90;14726,16
Tesouro Prefixado;01/01/2027;03/12/2024;13,10;13,07;773,18;774,73;773,96
Tesouro Prefixado;01/01/2029;03/12/2024;12,87;12,84;609,59;610,81;610,20
Tesouro Prefixado;01/01/2031;03/12/2024;12,74;12,71;482,40;483,36;482,88
Tesouro Prefixado com Juros Semestrais;01/01/2033;03/12/2024;12,63;12,60;382,65;383,41;383,03
Tesouro Prefixado com Juros Semestrais;01/01/2035;03/12/2024;12,54;12,51;304,15;304,76;304,46
Tesouro Prefixado com Juros Semestrais;01/01/2037;03/12/2024;12,47;12,44;242,03;242,51;242,27
Tesouro IPCA+;15/05/2029;03/12/2024;7,19;7,16;3081,97;3088,15;3085,06
Tesouro IPCA+;15/05/2035;03/12/2024;7,33;7,30;2008,46;2012,48;2010,47
Tesouro IPCA+;15/05/2045;03/12/2024;7,44;7,41;972,19;974,14;973,16
Tesouro IPCA+ com Juros Semestrais;15/08/2032;03/12/2024;7,33;7,30;2437,30;2442,18;2439,74
Tesouro IPCA+ com Juros Semestrais;15/08/2040;03/12/2024;7,44;7,41;1363,69;1366,42;1365,05
Tesouro IPCA+ com Juros Semestrais;15/05/2055;03/12/2024;7,52;7,49;464,54;465,47;465,01
Tesouro Selic;01/03/2029;03/12/2024;0,06;0,03;14714,51;14744,00;14729,26
Tesouro Prefixado;01/01/2027;04/12/2024;13,12;13,09;773,08;774,63;773,86
Tesouro Prefixado;01/01/2029;04/12/2024;12,90;12,87;609,14;610,36;609,75
Tesouro Prefixado;01/01/2031;04/12/2024;12,80;12,77;480,96;481,93;481,45
Tesouro Prefixado com Juros Semestrais;01/01/2033;04/12/2024;12,69;12,66;381,07;381,83;381,45
Tesouro Prefixado com Juros Semestrais;01/01/2035;04/12/2024;12,59;12,56;302,96;303,57;303,27
Tesouro Prefixado com Juros Semestrais;01/01/2037;04/12/2024;12,55;12,52;240,00;240,48;240,24
Tesouro IPCA+;15/05/2029;04/12/2024;7,21;7,18;3080,08;3086,26;3083,17
Tesouro IPCA+;15/05/2035;04/12/2024;7,40;7,37;1995,32;1999,32;1997,32
Tesouro IPCA+;15/05/2045;04/12/2024;7,43;7,40;974,77;976,72;975,74
Tesouro IPCA+ com Juros Semestrais;15/08/2032;04/12/2024;7,27;7,24;2447,16;2452,06;2449,61
Tesouro IPCA+ com Juros Semestrais;15/08/2040;04/12/2024;7,37;7,34;1379,60;1382,36;1380,98
Tesouro IPCA+ com Juros Semestrais;15/05/2055;04/12/2024;7,51;7,48;466,74;467,68;467,21
Tesouro Selic;01/03/2029;04/12/2024;0,06;0,03;14717,61;14747,10;14732,35
Tesouro Prefixado;01/01/2027;05/12/2024;13,21;13,18;772,12;773,67;772,90
Tesouro Prefixado;01/01/2029;05/12/2024;12,96;12,93;608,01;609,23;608,62
Tesouro Prefixado;01/01/2031;05/12/2024;12,86;12,83;479,37;480,33;479,85
Tesouro Prefixado com Juros Semestrais;01/01/2033;05/12/2024;12,75;12,72;379,64;380,41;380,02
Tesouro Prefixado com Juros Semestrais;01/01/2035;05/12/2024;12,66;12,63;301,31;301,91;301,61
Tesouro Prefixado com Juros Semestrais;01/01/2037;05/12/2024;12,64;12,61;237,95;238,43;238,19
Tesouro IPCA+;15/05/2029;05/12/2024;7,22;7,19;3079,37;3085,54;3082,46
Tesouro IPCA+;15/05/2035;05/12/2024;7,33;7,30;2009,46;2013,49;2011,47
Tesouro IPCA+;15/05/2045;05/12/2024;7,51;7,48;959,20;961,12;960,16
Tesouro IPCA+ com Juros Semestrais;15/08/2032;05/12/2024;7,31;7,28;2440,65;2445,54;2443,10
Tesouro IPCA+ com Juros Semestrais;15/08/2040;05/12/2024;7,43;7,40;1368,07;1370,81;1369,44
Tesouro IPCA+ com Juros Semestrais;15/05/2055;05/12/2024;7,52;7,49;465,09;466,02;465,55
Tesouro Selic;01/03/2029;05/12/2024;0,06;0,03;14720,70;14750,20;14735,45
Tesouro Prefixado;01/01/2027;06/12/2024;13,19;13,16;772,65;774,20;773,42
Tesouro Prefixado;01/01/2029;06/12/2024;12,97;12,94;608,21;609,43;608,82
Tesouro Prefixado;01/01/2031;06/12/2024;12,86;12,83;479,68;480,65;480,16
Tesouro Prefixado com Juros Semestrais;01/01/2033;06/12/2024;12,76;12,73;379,30;380,06;379,68
Tesouro Prefixado com Juros Semestrais;01/01/2035;06/12/2024;12,70;12,67;300,22;300,82;300,52
Tesouro Prefixado com Juros Semestrais;01/01/2037;06/12/2024;12,66;12,63;237,38;237,86;237,62
Tesouro IPCA+;15/05/2029;06/12/2024;7,25;7,22;3076,36;3082,53;3079,44
Tesouro IPCA+;15/05/2035;06/12/2024;7,39;7,36;1997,94;2001,94;1999,94
Tesouro IPCA+;15/05/2045;06/12/2024;7,50;7,47;961,13;963,05;962,09
Tesouro IPCA+ com Juros Semestrais;15/08/2032;06/12/2024;7,36;7,33;2433,03;2437,90;2435,47
Tesouro IPCA+ com Juros Semestrais;15/08/2040;06/12/2024;7,47;7,44;1360,02;1362,75;1361,39
Tesouro IPCA+ com Juros Semestrais;15/05/2055;06/12/2024;7,53;7,50;463,68;464,61;464,15
Tesouro Selic;01/03/2029;06/12/2024;0,06;0,03;14723,79;14753,30;14738,55
Tesouro Prefixado;01/01/2027;09/12/2024;13,26;13,23;772,44;773,98;773,21
Tesouro Prefixado;01/01/2029;09/12/2024;13,00;12,97;608,03;609,25;608,64
Tesouro Prefixado;01/01/2031;09/12/2024;12,86;12,83;480,24;481,20;480,72
Tesouro Prefixado com Juros Semestrais;01/01/2033;09/12/2024;12,79;12,76;379,08;379,84;379,46
Tesouro Prefixado com Juros Semestrais;01/01/2035;09/12/2024;12,73;12,70;299,70;300,30;300,00
Tesouro Prefixado com Juros Semestrais;01/01/2037;09/12/2024;12,69;12,66;237,06;237,54;237,30
Tesouro IPCA+;15/05/2029;09/12/2024;7,27;7,24;3075,83;3081,99;3078,91
Tesouro IPCA+;15/05/2035;09/12/2024;7,41;7,38;1994,56;1998,56;1996,56
Tesouro IPCA+;15/05/2045;09/12/2024;7,48;7,45;965,16;967,09;966,12
Tesouro IPCA+ com Juros Semestrais;15/08/2032;09/12/2024;7,32;7,29;2441,70;2446,59;2444,14
Tesouro IPCA+ com Juros Semestrais;15/08/2040;09/12/2024;7,41;7,38;1372,54;1375,29;1373,91
Tesouro IPCA+ com Juros Semestrais;15/05/2055;09/12/2024;7,54;7,51;463,14;464,07;463,60
Tesouro Selic;01/03/2029;09/12/2024;0,06;0,03;14726,89;14756,40;14741,64
Tesouro Prefixado;01/01/2027;10/12/2024;13,18;13,15;773,89;775,44;774,67
Tesouro Prefixado;01/01/2029;10/12/2024;12,99;12,96;608,55;609,76;609,16
Tesouro Prefixado;01/01/2031;10/12/2024;12,91;12,88;478,93;479,88;479,40
Tesouro Prefixado com Juros Semestrais;01/01/2033;10/12/2024;12,78;12,75;379,37;380,13;379,75
Tesouro Prefixado com Juros Semestrais;01/01/2035;10/12/2024;12,69;12,66;300,96;301,56;301,26
Tesouro Prefixado com Juros Semestrais;01/01/2037;10/12/2024;12,66;12,63;237,89;238,37;238,13
Tesouro IPCA+;15/05/2029;10/12/2024;7,27;7,24;3075,81;3081,97;3078,89
Tesouro IPCA+;15/05/2035;10/12/2024;7,38;7,35;2000,83;2004,84;2002,83
Tesouro IPCA+;15/05/2045;10/12/2024;7,51;7,48;960,77;962,69;961,73
Tesouro IPCA+ com Juros Semestrais;15/08/2032;10/12/2024;7,35;7,32;2436,21;2441,09;2438,65
Tesouro IPCA+ com Juros Semestrais;15/08/2040;10/12/2024;7,46;7,43;1362,21;1364,94;1363,57
Tesouro IPCA+ com Juros Semestrais;15/05/2055;10/12/2024;7,55;7,52;462,00;462,92;462,46
Tesouro Selic;01/03/2029;10/12/2024;0,06;0,03;14729,98;14759,50;14744,74
Tesouro Prefixado;01/01/2027;11/12/2024;13,22;13,19;773,59;775,14;774,37
Tesouro Prefixado;01/01/2029;11/12/2024;12,99;12,96;608,64;609,86;609,25
Tesouro Prefixado;01/01/2031;11/12/2024;12,86;12,83;480,33;481,30;480,82
Tesouro Prefixado com Juros Semestrais;01/01/2033;11/12/2024;12,75;12,72;380,30;381,06;380,68
Tesouro Prefixado com Juros Semestrais;01/01/2035;11/12/2024;12,68;12,65;301,26;301,87;301,57
Tesouro Prefixado com Juros Semestrais;01/01/2037;11/12/2024;12,62;12,59;238,92;239,40;239,16
Tesouro IPCA+;15/05/2029;11/12/2024;7,28;7,25;3074,89;3081,06;3077,98
Tesouro IPCA+;15/05/2035;11/12/2024;7,39;7,36;1999,21;2003,22;2001,21
Tesouro IPCA+;15/05/2045;11/12/2024;7,50;7,47;962,37;964,30;963,33
Tesouro IPCA+ com Juros Semestrais;15/08/2032;11/12/2024;7,34;7,31;2438,49;2443,37;2440,93
Tesouro IPCA+ com Juros Semestrais;15/08/2040;11/12/2024;7,44;7,41;1367,00;1369,74;1368,37
Tesouro IPCA+ com Juros Semestrais;15/05/2055;11/12/2024;7,54;7,51;463,50;464,43;463,96
Tesouro Selic;01/03/2029;11/12/2024;0,06;0,03;14733,07;14762,60;14747,84
Tesouro Prefixado;01/01/2027;12/12/2024;13,26;13,23;773,19;774,74;773,97
Tesouro Prefixado;01/01/2029;12/12/2024;13,04;13,01;607,72;608,93;608,33
Tesouro Prefixado;01/01/2031;12/12/2024;12,86;12,83;480,59;481,55;481,07
Tesouro Prefixado com Juros Semestrais;01/01/2033;12/12/2024;12,78;12,75;379,60;380,36;379,98
Tesouro Prefixado com Juros Semestrais;01/01/2035;12/12/2024;12,76;12,73;299,28;299,88;299,58
Tesouro Prefixado com Juros Semestrais;01/01/2037;12/12/2024;12,68;12,65;237,36;237,84;237,60
Tesouro IPCA+;15/05/2029;12/12/2024;7,29;7,26;3074,79;3080,95;3077,87
Tesouro IPCA+;15/05/2035;12/12/2024;7,42;7,39;1993,53;1997,53;1995,53
Tesouro IPCA+;15/05/2045;12/12/2024;7,53;7,50;956,96;958,88;957,92
Tesouro IPCA+ com Juros Semestrais;15/08/2032;12/12/2024;7,41;7,38;2426,82;2431,68;2429,25
Tesouro IPCA+ com Juros Semestrais;15/08/2040;12/12/2024;7,46;7,43;1363,04;1365,77;1364,40
Tesouro IPCA+ com Juros Semestrais;15/05/2055;12/12/2024;7,56;7,53;460,71;461,63;461,17
Tesouro Selic;01/03/2029;12/12/2024;0,07;0,04;14736,17;14765,70;14750,93
Tesouro Prefixado;01/01/2027;13/12/2024;13,22;13,19;774,13;775,68;774,90
Tesouro Prefixado;01/01/2029;13/12/2024;13,00;12,97;608,90;610,12;609,51
Tesouro Prefixado;01/01/2031;13/12/2024;12,87;12,84;480,43;481,39;480,91
Tesouro Prefixado com Juros Semestrais;01/01/2033;13/12/2024;12,81;12,78;378,94;379,70;379,32
Tesouro Prefixado com Juros Semestrais;01/01/2035;13/12/2024;12,72;12,69;300,48;301,08;300,78
Tesouro Prefixado com Juros Semestrais;01/01/2037;13/12/2024;12,68;12,65;237,43;237,90;237,67
Tesouro IPCA+;15/05/2029;13/12/2024;7,31;7,28;3072,19;3078,35;3075,27
Tesouro IPCA+;15/05/2035;13/12/2024;7,41;7,38;1995,84;1999,84;1997,84
Tesouro IPCA+;15/05/2045;13/12/2024;7,50;7,47;961,91;963,83;962,87
Tesouro IPCA+ com Juros Semestrais;15/08/2032;13/12/2024;7,40;7,37;2429,42;2434,29;2431,86
Tesouro IPCA+ com Juros Semestrais;15/08/2040;13/12/2024;7,51;7,48;1353,96;1356,67;1355,31
Tesouro IPCA+ com Juros Semestrais;15/05/2055;13/12/2024;7,58;7,55;458,25;459,17;458,71
Tesouro Selic;01/03/2029;13/12/2024;0,05;0,02;14739,26;14768,80;14754,03
Tesouro Prefixado;01/01/2027;16/12/2024;13,30;13,27;773,74;775,29;774,51
Tesouro Prefixado;01/01/2029;16/12/2024;13,08;13,05;607,65;608,87;608,26
Tesouro Prefixado;01/01/2031;16/12/2024;12,94;12,91;479,10;480,06;479,58
Tesouro Prefixado com Juros Semestrais;01/01/2033;16/12/2024;12,93;12,90;376,15;376,90;376,52
Tesouro Prefixado com Juros Semestrais;01/01/2035;16/12/2024;12,78;12,75;298,98;299,58;299,28
Tesouro Prefixado com Juros Semestrais;01/01/2037;16/12/2024;12,75;12,72;236,07;236,54;236,30
Tesouro IPCA+;15/05/2029;16/12/2024;7,33;7,30;3072,09;3078,24;3075,17
Tesouro IPCA+;15/05/2035;16/12/2024;7,47;7,44;1986,30;1990,28;1988,29
Tesouro IPCA+;15/05/2045;16/12/2024;7,56;7,53;951,68;953,59;952,63
Tesouro IPCA+ com Juros Semestrais;15/08/2032;16/12/2024;7,45;7,42;2422,59;2427,45;2425,02
Tesouro IPCA+ com Juros Semestrais;15/08/2040;16/12/2024;7,53;7,50;1351,12;1353,83;1352,48
Tesouro IPCA+ com Juros Semestrais;15/05/2055;16/12/2024;7,61;7,58;453,89;454,80;454,34
Tesouro Selic;01/03/2029;16/12/2024;0,06;0,03;14742,36;14771,90;14757,13
Tesouro Prefixado;01/01/2027;17/12/2024;13,26;13,23;774,52;776,07;775,29
Tesouro Prefixado;01/01/2029;17/12/2024;13,02;12,99;609,16;610,38;609,77
Tesouro Prefixado;01/01/2031;17/12/2024;12,93;12,90;479,70;480,66;480,18
Tesouro Prefixado com Juros Semestrais;01/01/2033;17/12/2024;12,84;12,81;378,58;379,34;378,96
Tesouro Prefixado com Juros Semestrais;01/01/2035;17/12/2024;12,76;12,73;299,78;300,38;300,08
Tesouro Prefixado com Juros Semestrais;01/01/2037;17/12/2024;12,69;12,66;237,64;238,12;237,88
Tesouro IPCA+;15/05/2029;17/12/2024;7,32;7,29;3073,99;3080,15;3077,07
Tesouro IPCA+;15/05/2035;17/12/2024;7,45;7,42;1990,19;1994,18;1992,19
Tesouro IPCA+;15/05/2045;17/12/2024;7,55;7,52;953,61;955,52;954,57
Tesouro IPCA+ com Juros Semestrais;15/08/2032;17/12/2024;7,43;7,40;2425,06;2429,92;2427,49
Tesouro IPCA+ com Juros Semestrais;15/08/2040;17/12/2024;7,52;7,49;1353,06;1355,77;1354,42
Tesouro IPCA+ com Juros Semestrais;15/05/2055;17/12/2024;7,62;7,59;453,75;454,66;454,20
Tesouro Selic;01/03/2029;17/12/2024;0,05;0,02;14745,45;14775,00;14760,23
Tesouro Prefixado;01/01/2027;18/12/2024;13,26;13,23;774,82;776,37;775,60
Tesouro Prefixado;01/01/2029;18/12/2024;13,00;12,97;609,93;611,16;610,55
Tesouro Prefixado;01/01/2031;18/12/2024;12,90;12,87;480,58;481,54;481,06
Tesouro Prefixado com Juros Semestrais;01/01/2033;18/12/2024;12,80;12,77;379,73;380,49;380,11
Tesouro Prefixado com Juros Semestrais;01/01/2035;18/12/2024;12,73;12,70;300,57;301,17;300,87
Tesouro Prefixado com Juros Semestrais;01/01/2037;18/12/2024;12,71;12,68;237,21;237,68;237,45
Tesouro IPCA+;15/05/2029;18/12/2024;7,31;7,28;3075,15;3081,31;3078,23
Tesouro IPCA+;15/05/2035;18/12/2024;7,46;7,43;1989,37;1993,36;1991,36
Tesouro IPCA+;15/05/2045;18/12/2024;7,59;7,56;947,71;949,61;948,66
Tesouro IPCA+ com Juros Semestrais;15/08/2032;18/12/2024;7,45;7,42;2423,77;2428,63;2426,20
Tesouro IPCA+ com Juros Semestrais;15/08/2040;18/12/2024;7,53;7,50;1351,66;1354,37;1353,02
Tesouro IPCA+ com Juros Semestrais;15/05/2055;18/12/2024;7,63;7,60;452,56;453,46;453,01
Tesouro Selic;01/03/2029;18/12/2024;0,05;0,02;14748,54;14778,10;14763,32
Tesouro Prefixado;01/01/2027;19/12/2024;13,24;13,21;775,38;776,93;776,16
Tesouro Prefixado;01/01/2029;19/12/2024;13,04;13,01;609,31;610,53;609,92
Tesouro Prefixado;01/01/2031;19/12/2024;12,91;12,88;480,35;481,31;480,83
Tesouro Prefixado com Juros Semestrais;01/01/2033;19/12/2024;12,87;12,84;377,97;378,72;378,35
Tesouro Prefixado com Juros Semestrais;01/01/2035;19/12/2024;12,77;12,74;299,60;300,20;299,90
Tesouro Prefixado com Juros Semestrais;01/01/2037;19/12/2024;12,73;12,70;236,66;237,13;236,89
Tesouro IPCA+;15/05/2029;19/12/2024;7,31;7,28;3075,65;3081,82;3078,74
Tesouro IPCA+;15/05/2035;19/12/2024;7,48;7,45;1985,58;1989,56;1987,57
Tesouro IPCA+;15/05/2045;19/12/2024;7,54;7,51;956,24;958,16;957,20
Tesouro IPCA+ com Juros Semestrais;15/08/2032;19/12/2024;7,46;7,43;2422,39;2427,24;2424,81
Tesouro IPCA+ com Juros Semestrais;15/08/2040;19/12/2024;7,55;7,52;1347,41;1350,11;1348,76
Tesouro IPCA+ com Juros Semestrais;15/05/2055;19/12/2024;7,66;7,63;448,34;449,24;448,79
Tesouro Selic;01/03/2029;19/12/2024;0,06;0,03;14751,64;14781,20;14766,42
Tesouro Prefixado;01/01/2027;20/12/2024;13,23;13,20;775,74;777,29;776,51
Tesouro Prefixado;01/01/2029;20/12/2024;13,02;12,99;609,95;611,17;610,56
Tesouro Prefixado;01/01/2031;20/12/2024;12,93;12,90;480,01;480,97;480,49
Tesouro Prefixado com Juros Semestrais;01/01/2033;20/12/2024;12,83;12,80;379,26;380,02;379,64
Tesouro Prefixado com Juros Semestrais;01/01/2035;20/12/2024;12,80;12,77;298,87;299,47;299,17
Tesouro Prefixado com Juros Semestrais;01/01/2037;20/12/2024;12,72;12,69;237,05;237,52;237,29
Tesouro IPCA+;15/05/2029;20/12/2024;7,34;7,31;3072,85;3079,00;3075,93
Tesouro IPCA+;15/05/2035;20/12/2024;7,55;7,52;1972,22;1976,17;1974,19
Tesouro IPCA+;15/05/2045;20/12/2024;7,61;7,58;943,97;945,87;944,92
Tesouro IPCA+ com Juros Semestrais;15/08/2032;20/12/2024;7,47;7,44;2420,18;2425,03;2422,60
Tesouro IPCA+ com Juros Semestrais;15/08/2040;20/12/2024;7,55;7,52;1347,43;1350,13;1348,78
Tesouro IPCA+ com Juros Semestrais;15/05/2055;20/12/2024;7,67;7,64;446,78;447,68;447,23
Tesouro Selic;01/03/2029;20/12/2024;0,06;0,03;14754,73;14784,30;14769,52
Tesouro Prefixado;01/01/2027;23/12/2024;13,30;13,27;775,67;777,22;776,44
Tesouro Prefixado;01/01/2029;23/12/2024;13,16;13,13;607,54;608,75;608,14
Tesouro Prefixado;01/01/2031;23/12/2024;13,04;13,01;477,87;478,83;478,35
Tesouro Prefixado com Juros Semestrais;01/01/2033;23/12/2024;12,97;12,94;375,79;376,54;376,16
Tesouro Prefixado com Juros Semestrais;01/01/2035;23/12/2024;12,91;12,88;296,30;296,89;296,60
Tesouro Prefixado com Juros Semestrais;01/01/2037;23/12/2024;12,81;12,78;234,89;235,36;235,12
Tesouro IPCA+;15/05/2029;23/12/2024;7,31;7,28;3078,96;3085,13;3082,04
Tesouro IPCA+;15/05/2035;23/12/2024;7,45;7,42;1993,03;1997,02;1995,03
Tesouro IPCA+;15/05/2045;23/12/2024;7,54;7,51;957,88;959,80;958,84
Tesouro IPCA+ com Juros Semestrais;15/08/2032;23/12/2024;7,43;7,40;2428,05;2432,91;2430,48
Tesouro IPCA+ com Juros Semestrais;15/08/2040;23/12/2024;7,49;7,46;1359,28;1362,01;1360,65
Tesouro IPCA+ com Juros Semestrais;15/05/2055;23/12/2024;7,56;7,53;461,19;462,11;461,65
Tesouro Selic;01/03/2029;23/12/2024;0,06;0,03;14757,83;14787,40;14772,61
Tesouro Prefixado;01/01/2027;24/12/2024;13,35;13,32;775,20;776,76;775,98
Tesouro Prefixado;01/01/2029;24/12/2024;13,15;13,12;607,96;609,18;608,57
Tesouro Prefixado;01/01/2031;24/12/2024;13,04;13,01;477,84;478,80;478,32
Tesouro Prefixado com Juros Semestrais;01/01/2033;24/12/2024;12,96;12,93;376,25;377,01;376,63
Tesouro Prefixado com Juros Semestrais;01/01/2035;24/12/2024;12,88;12,85;297,19;297,79;297,49
Tesouro Prefixado com Juros Semestrais;01/01/2037;24/12/2024;12,86;12,83;233,77;234,24;234,00
Tesouro IPCA+;15/05/2029;24/12/2024;7,33;7,30;3076,15;3082,32;3079,23
Tesouro IPCA+;15/05/2035;24/12/2024;7,48;7,45;1987,84;1991,83;1989,83
Tesouro IPCA+;15/05/2045;24/12/2024;7,57;7,54;952,65;954,56;953,60
Tesouro IPCA+ com Juros Semestrais;15/08/2032;24/12/2024;7,44;7,41;2427,90;2432,77;2430,33
Tesouro IPCA+ com Juros Semestrais;15/08/2040;24/12/2024;7,50;7,47;1357,89;1360,61;1359,25
Tesouro IPCA+ com Juros Semestrais;15/05/2055;24/12/2024;7,63;7,60;451,98;452,88;452,43
Tesouro Selic;01/03/2029;24/12/2024;0,06;0,03;14760,92;14790,50;14775,71
Tesouro Prefixado;01/01/2027;25/12/2024;13,35;13,32;775,46;777,01;776,24
Tesouro Prefixado;01/01/2029;25/12/2024;13,15;13,12;608,13;609,35;608,74
Tesouro Prefixado;01/01/2031;25/12/2024;13,07;13,04;477,35;478,30;477,83
Tesouro Prefixado com Juros Semestrais;01/01/2033;25/12/2024;12,96;12,93;376,41;377,16;376,79
Tesouro Prefixado com Juros Semestrais;01/01/2035;25/12/2024;12,95;12,92;295,42;296,01;295,72
Tesouro Prefixado com Juros Semestrais;01/01/2037;25/12/2024;12,89;12,86;233,05;233,51;233,28
Tesouro IPCA+;15/05/2029;25/12/2024;7,32;7,29;3078,38;3084,55;3081,47
Tesouro IPCA+;15/05/2035;25/12/2024;7,45;7,42;1994,24;1998,23;1996,24
Tesouro IPCA+;15/05/2045;25/12/2024;7,57;7,54;951,60;953,51;952,55
Tesouro IPCA+ com Juros Semestrais;15/08/2032;25/12/2024;7,45;7,42;2426,46;2431,32;2428,89
Tesouro IPCA+ com Juros Semestrais;15/08/2040;25/12/2024;7,53;7,50;1353,27;1355,98;1354,62
Tesouro IPCA+ com Juros Semestrais;15/05/2055;25/12/2024;7,59;7,56;458,01;458,93;458,47
Tesouro Selic;01/03/2029;25/12/2024;0,06;0,03;14764,01;14793,60;14778,81
Tesouro Prefixado;01/01/2027;26/12/2024;13,39;13,36;775,17;776,72;775,94
Tesouro Prefixado;01/01/2029;26/12/2024;13,12;13,09;608,88;610,10;609,49
Tesouro Prefixado;01/01/2031;26/12/2024;13,03;13,00;478,58;479,54;479,06
Tesouro Prefixado com Juros Semestrais;01/01/2033;26/12/2024;12,98;12,95;376,01;376,77;376,39
Tesouro Prefixado com Juros Semestrais;01/01/2035;26/12/2024;12,90;12,87;296,86;297,45;297,15
Tesouro Prefixado com Juros Semestrais;01/01/2037;26/12/2024;12,85;12,82;234,18;234,65;234,41
Tesouro IPCA+;15/05/2029;26/12/2024;7,36;7,33;3074,43;3080,60;3077,51
Tesouro IPCA+;15/05/2035;26/12/2024;7,43;7,40;1997,65;2001,65;1999,65
Tesouro IPCA+;15/05/2045;26/12/2024;7,57;7,54;953,28;955,19;954,24
Tesouro IPCA+ com Juros Semestrais;15/08/2032;26/12/2024;7,45;7,42;2425,88;2430,74;2428,31
Tesouro IPCA+ com Juros Semestrais;15/08/2040;26/12/2024;7,53;7,50;1353,46;1356,17;1354,82
Tesouro IPCA+ com Juros Semestrais;15/05/2055;26/12/2024;7,61;7,58;455,20;456,12;455,66
Tesouro Selic;01/03/2029;26/12/2024;0,06;0,03;14767,11;14796,70;14781,90
Tesouro Prefixado;01/01/2027;27/12/2024;13,36;13,33;775,85;777,41;776,63
Tesouro Prefixado;01/01/2029;27/12/2024;13,18;13,15;607,81;609,03;608,42
Tesouro Prefixado;01/01/2031;27/12/2024;13,10;13,07;476,96;477,91;477,43
Tesouro Prefixado com Juros Semestrais;01/01/2033;27/12/2024;12,98;12,95;376,04;376,79;376,42
Tesouro Prefixado com Juros Semestrais;01/01/2035;27/12/2024;12,93;12,90;296,22;296,81;296,52
Tesouro Prefixado com Juros Semestrais;01/01/2037;27/12/2024;12,90;12,87;232,97;233,44;233,20
Tesouro IPCA+;15/05/2029;27/12/2024;7,36;7,33;3074,10;3080,26;3077,18
Tesouro IPCA+;15/05/2035;27/12/2024;7,45;7,42;1994,34;1998,33;1996,34
Tesouro IPCA+;15/05/2045;27/12/2024;7,57;7,54;951,93;953,84;952,89
Tesouro IPCA+ com Juros Semestrais;15/08/2032;27/12/2024;7,42;7,39;2432,60;2437,48;2435,04
Tesouro IPCA+ com Juros Semestrais;15/08/2040;27/12/2024;7,51;7,48;1357,19;1359,91;1358,55
Tesouro IPCA+ com Juros Semestrais;15/05/2055;27/12/2024;7,64;7,61;451,21;452,12;451,67
Tesouro Selic;01/03/2029;27/12/2024;0,06;0,03;14770,20;14799,80;14785,00
Tesouro Prefixado;01/01/2027;30/12/2024;13,43;13,40;775,66;777,21;776,44
Tesouro Prefixado;01/01/2029;30/12/2024;13,21;13,18;607,70;608,92;608,31
Tesouro Prefixado;01/01/2031;30/12/2024;13,14;13,11;476,20;477,16;476,68
Tesouro Prefixado com Juros Semestrais;01/01/2033;30/12/2024;13,08;13,05;373,79;374,54;374,17
Tesouro Prefixado com Juros Semestrais;01/01/2035;30/12/2024;13,00;12,97;294,51;295,10;294,81
Tesouro Prefixado com Juros Semestrais;01/01/2037;30/12/2024;12,98;12,95;231,33;231,79;231,56
Tesouro IPCA+;15/05/2029;30/12/2024;7,40;7,37;3071,39;3077,55;3074,47
Tesouro IPCA+;15/05/2035;30/12/2024;7,54;7,51;1977,55;1981,51;1979,53
Tesouro IPCA+;15/05/2045;30/12/2024;7,62;7,59;944,61;946,50;945,56
Tesouro IPCA+ com Juros Semestrais;15/08/2032;30/12/2024;7,47;7,44;2425,88;2430,74;2428,31
Tesouro IPCA+ com Juros Semestrais;15/08/2040;30/12/2024;7,54;7,51;1352,69;1355,40;1354,04
Tesouro IPCA+ com Juros Semestrais;15/05/2055;30/12/2024;7,64;7,61;452,12;453,03;452,58
Tesouro Selic;01/03/2029;30/12/2024;0,06;0,03;14773,29;14802,90;14788,10
Tesouro Prefixado;01/01/2027;31/12/2024;13,40;13,37;776,34;777,89;777,11
Tesouro Prefixado;01/01/2029;31/12/2024;13,28;13,25;606,41;607,62;607,02
Tesouro Prefixado;01/01/2031;31/12/2024;13,16;13,13;476,01;476,96;476,49
Tesouro Prefixado com Juros Semestrais;01/01/2033;31/12/2024;13,10;13,07;373,54;374,29;373,91
Tesouro Prefixado com Juros Semestrais;01/01/2035;31/12/2024;13,06;13,03;293,25;293,84;293,54
Tesouro Prefixado com Juros Semestrais;01/01/2037;31/12/2024;12,99;12,96;231,23;231,69;231,46
Tesouro IPCA+;15/05/2029;31/12/2024;7,40;7,37;3072,47;3078,63;3075,55
Tesouro IPCA+;15/05/2035;31/12/2024;7,51;7,48;1984,37;1988,35;1986,36
Tesouro IPCA+;15/05/2045;31/12/2024;7,58;7,55;951,96;953,87;952,91
Tesouro IPCA+ com Juros Semestrais;15/08/2032;31/12/2024;7,46;7,43;2427,69;2432,55;2430,12
Tesouro IPCA+ com Juros Semestrais;15/08/2040;31/12/2024;7,57;7,54;1346,34;1349,04;1347,69
Tesouro IPCA+ com Juros Semestrais;15/05/2055;31/12/2024;7,67;7,64;448,28;449,18;448,73
Tesouro Selic;01/03/2029;31/12/2024;0,06;0,03;14776,39;14806,00;14791,19
Tesouro Prefixado;01/01/2027;01/01/2025;13,44;13,41;776,04;777,60;776,82
Tesouro Prefixado;01/01/2029;01/01/2025;13,29;13,26;606,53;607,75;607,14
Tesouro Prefixado;01/01/2031;01/01/2025;13,21;13,18;474,96;475,91;475,43
Tesouro Prefixado com Juros Semestrais;01/01/2033;01/01/2025;13,14;13,11;372,60;373,35;372,97
Tesouro Prefixado com Juros Semestrais;01/01/2035;01/01/2025;13,11;13,08;291,89;292,48;292,19
Tesouro Prefixado com Juros Semestrais;01/01/2037;01/01/2025;13,06;13,03;229,60;230,06;229,83
Tesouro IPCA+;15/05/2029;01/01/2025;7,35;7,32;3078,47;3084,63;3081,55
Tesouro IPCA+;15/05/2035;01/01/2025;7,49;7,46;1988,89;1992,87;1990,88
Tesouro IPCA+;15/05/2045;01/01/2025;7,58;7,55;951,37;953,28;952,33
Tesouro IPCA+ com Juros Semestrais;15/08/2032;01/01/2025;7,43;7,40;2432,71;2437,59;2435,15
Tesouro IPCA+ com Juros Semestrais;15/08/2040;01/01/2025;7,57;7,54;1346,95;1349,64;1348,30
Tesouro IPCA+ com Juros Semestrais;15/05/2055;01/01/2025;7,61;7,58;455,85;456,76;456,30
Tesouro Selic;01/03/2029;01/01/2025;0,05;0,02;14779,48;14809,10;14794,29
Tesouro Prefixado;01/01/2027;02/01/2025;13,47;13,44;775,92;777,47;776,69
Tesouro Prefixado;01/01/2029;02/01/2025;13,31;13,28;606,37;607,58;606,98
Tesouro Prefixado;01/01/2031;02/01/2025;13,19;13,16;475,65;476,61;476,13
Tesouro Prefixado com Juros Semestrais;01/01/2033;02/01/2025;13,11;13,08;373,32;374,07;373,70
Tesouro Prefixado com Juros Semestrais;01/01/2035;02/01/2025;13,06;13,03;293,50;294,08;293,79
Tesouro Prefixado com Juros Semestrais;01/01/2037;02/01/2025;13,02;12,99;230,59;231,05;230,82
Tesouro IPCA+;15/05/2029;02/01/2025;7,38;7,35;3075,79;3081,96;3078,88
Tesouro IPCA+;15/05/2035;02/01/2025;7,47;7,44;1993,25;1997,25;1995,25
Tesouro IPCA+;15/05/2045;02/01/2025;7,58;7,55;951,43;953,33;952,38
Tesouro IPCA+ com Juros Semestrais;15/08/2032;02/01/2025;7,47;7,44;2427,30;2432,16;2429,73
Tesouro IPCA+ com Juros Semestrais;15/08/2040;02/01/2025;7,52;7,49;1357,20;1359,92;1358,56
Tesouro IPCA+ com Juros Semestrais;15/05/2055;02/01/2025;7,64;7,61;452,19;453,10;452,65
Tesouro Selic;01/03/2029;02/01/2025;0,07;0,04;14782,58;14812,20;14797,39
Tesouro Prefixado;01/01/2027;03/01/2025;13,43;13,40;776,71;778,27;777,49
Tesouro Prefixado;01/01/2029;03/01/2025;13,27;13,24;607,42;608,64;608,03
Tesouro Prefixado;01/01/2031;03/01/2025;13,16;13,13;476,49;477,45;476,97
Tesouro Prefixado com Juros Semestrais;01/01/2033;03/01/2025;13,06;13,03;374,99;375,74;375,36
Tesouro Prefixado com Juros Semestrais;01/01/2035;03/01/2025;13,02;12,99;294,47;295,06;294,77
Tesouro Prefixado com Juros Semestrais;01/01/2037;03/01/2025;13,02;12,99;230,65;231,11;230,88
Tesouro IPCA+;15/05/2029;03/01/2025;7,41;7,38;3073,13;3079,29;3076,21
Tesouro IPCA+;15/05/2035;03/01/2025;7,59;7,56;1970,88;1974,83;1972,86
Tesouro IPCA+;15/05/2045;03/01/2025;7,66;7,63;938,27;940,15;939,21
Tesouro IPCA+ com Juros Semestrais;15/08/2032;03/01/2025;7,55;7,52;2413,73;2418,57;2416,15
Tesouro IPCA+ com Juros Semestrais;15/08/2040;03/01/2025;7,58;7,55;1346,00;1348,70;1347,35
Tesouro IPCA+ com Juros Semestrais;15/05/2055;03/01/2025;7,69;7,66;445,85;446,74;446,30
Tesouro Selic;01/03/2029;03/01/2025;0,07;0,04;14785,67;14815,30;14800,48
Tesouro Prefixado;01/01/2027;06/01/2025;13,43;13,40;777,55;779,11;778,33
Tesouro Prefixado;01/01/2029;06/01/2025;13,25;13,22;608,43;609,65;609,04
Tesouro Prefixado;01/01/2031;06/01/2025;13,16;13,13;477,00;477,96;477,48
Tesouro Prefixado com Juros Semestrais;01/01/2033;06/01/2025;13,14;13,11;373,06;373,81;373,43
Tesouro Prefixado com Juros Semestrais;01/01/2035;06/01/2025;13,03;13,00;294,48;295,07;294,78
Tesouro Prefixado com Juros Semestrais;01/01/2037;06/01/2025;12,98;12,95;231,90;232,37;232,13
Tesouro IPCA+;15/05/2029;06/01/2025;7,41;7,38;3074,27;3080,43;3077,35
Tesouro IPCA+;15/05/2035;06/01/2025;7,55;7,52;1979,57;1983,54;1981,56
Tesouro IPCA+;15/05/2045;06/01/2025;7,64;7,61;942,64;944,53;943,59
Tesouro IPCA+ com Juros Semestrais;15/08/2032;06/01/2025;7,53;7,50;2418,55;2423,40;2420,98
Tesouro IPCA+ com Juros Semestrais;15/08/2040;06/01/2025;7,64;7,61;1334,34;1337,01;1335,67
Tesouro IPCA+ com Juros Semestrais;15/05/2055;06/01/2025;7,71;7,68;443,27;444,16;443,71
Tesouro Selic;01/03/2029;06/01/2025;0,06;0,03;14788,76;14818,40;14803,58
Tesouro Prefixado;01/01/2027;07/01/2025;13,37;13,34;778,59;780,15;779,37
Tesouro Prefixado;01/01/2029;07/01/2025;13,19;13,16;609,92;611,14;610,53
Tesouro Prefixado;01/01/2031;07/01/2025;13,07;13,04;479,43;480,39;479,91
Tesouro Prefixado com Juros Semestrais;01/01/2033;07/01/2025;12,96;12,93;378,02;378,78;378,40
Tesouro Prefixado com Juros Semestrais;01/01/2035;07/01/2025;12,96;12,93;296,49;297,08;296,78
Tesouro Prefixado com Juros Semestrais;01/01/2037;07/01/2025;12,91;12,88;233,58;234,05;233,82
Tesouro IPCA+;15/05/2029;07/01/2025;7,39;7,36;3077,41;3083,57;3080,49
Tesouro IPCA+;15/05/2035;07/01/2025;7,57;7,54;1976,18;1980,14;1978,16
Tesouro IPCA+;15/05/2045;07/01/2025;7,62;7,59;946,04;947,94;946,99
Tesouro IPCA+ com Juros Semestrais;15/08/2032;07/01/2025;7,47;7,44;2428,65;2433,51;2431,08
Tesouro IPCA+ com Juros Semestrais;15/08/2040;07/01/2025;7,57;7,54;1348,44;1351,14;1349,79
Tesouro IPCA+ com Juros Semestrais;15/05/2055;07/01/2025;7,69;7,66;446,83;447,73;447,28
Tesouro Selic;01/03/2029;07/01/2025;0,06;0,03;14791,86;14821,50;14806,68
Tesouro Prefixado;01/01/2027;08/01/2025;13,38;13,35;778,76;780,32;779,54
Tesouro Prefixado;01/01/2029;08/01/2025;13,18;13,15;610,27;611,49;610,88
Tesouro Prefixado;01/01/2031;08/01/2025;13,11;13,08;478,53;479,49;479,01
Tesouro Prefixado com Juros Semestrais;01/01/2033;08/01/2025;13,03;13,00;376,25;377,01;376,63
Tesouro Prefixado com Juros Semestrais;01/01/2035;08/01/2025;12,95;12,92;296,85;297,45;297,15
Tesouro Prefixado com Juros Semestrais;01/01/2037;08/01/2025;12,88;12,85;234,58;235,05;234,82
Tesouro IPCA+;15/05/2029;08/01/2025;7,43;7,40;3073,38;3079,54;3076,46
Tesouro IPCA+;15/05/2035;08/01/2025;7,56;7,53;1976,84;1980,80;1978,82
Tesouro IPCA+;15/05/2045;08/01/2025;7,70;7,67;932,29;934,16;933,23
Tesouro IPCA+ com Juros Semestrais;15/08/2032;08/01/2025;7,53;7,50;2419,56;2424,41;2421,99
Tesouro IPCA+ com Juros Semestrais;15/08/2040;08/01/2025;7,68;7,65;1326,73;1329,38;1328,05
Tesouro IPCA+ com Juros Semestrais;15/05/2055;08/01/2025;7,73;7,70;441,75;442,64;442,19
Tesouro Selic;01/03/2029;08/01/2025;0,05;0,02;14794,95;14824,60;14809,78
Tesouro Prefixado;01/01/2027;09/01/2025;13,29;13,26;780,28;781,85;781,06
Tesouro Prefixado;01/01/2029;09/01/2025;13,11;13,08;611,91;613,14;612,52
Tesouro Prefixado;01/01/2031;09/01/2025;12,97;12,94;482,23;483,20;482,72
Tesouro Prefixado com Juros Semestrais;01/01/2033;09/01/2025;12,92;12,89;379,39;380,15;379,77
Tesouro Prefixado com Juros Semestrais;01/01/2035;09/01/2025;12,86;12,83;299,25;299,85;299,55
Tesouro Prefixado com Juros Semestrais;01/01/2037;09/01/2025;12,83;12,80;235,90;236,37;236,14
Tesouro IPCA+;15/05/2029;09/01/2025;7,46;7,43;3069,58;3075,73;3072,65
Tesouro IPCA+;15/05/2035;09/01/2025;7,63;7,60;1964,74;1968,68;1966,71
Tesouro IPCA+;15/05/2045;09/01/2025;7,69;7,66;933,93;935,80;934,86
Tesouro IPCA+ com Juros Semestrais;15/08/2032;09/01/2025;7,55;7,52;2415,82;2420,66;2418,24
Tesouro IPCA+ com Juros Semestrais;15/08/2040;09/01/2025;7,65;7,62;1332,73;1335,40;1334,06
Tesouro IPCA+ com Juros Semestrais;15/05/2055;09/01/2025;7,80;7,77;433,32;434,19;433,75
Tesouro Selic;01/03/2029;09/01/2025;0,06;0,03;14798,04;14827,70;14812,87
Tesouro Prefixado;01/01/2027;10/01/2025;13,30;13,27;780,33;781,89;781,11
Tesouro Prefixado;01/01/2029;10/01/2025;13,16;13,13;611,20;612,43;611,81
Tesouro Prefixado;01/01/2031;10/01/2025;13,03;13,00;480,79;481,76;481,28
Tesouro Prefixado com Juros Semestrais;01/01/2033;10/01/2025;12,99;12,96;377,70;378,46;378,08
Tesouro Prefixado com Juros Semestrais;01/01/2035;10/01/2025;12,93;12,90;297,49;298,09;297,79
Tesouro Prefixado com Juros Semestrais;01/01/2037;10/01/2025;12,91;12,88;233,84;234,31;234,07
Tesouro IPCA+;15/05/2029;10/01/2025;7,43;7,40;3074,00;3080,16;3077,08
Tesouro IPCA+;15/05/2035;10/01/2025;7,54;7,51;1982,54;1986,52;1984,53
Tesouro IPCA+;15/05/2045;10/01/2025;7,68;7,65;935,22;937,10;936,16
Tesouro IPCA+ com Juros Semestrais;15/08/2032;10/01/2025;7,50;7,47;2424,75;2429,61;2427,18
Tesouro IPCA+ com Juros Semestrais;15/08/2040;10/01/2025;7,64;7,61;1336,28;1338,96;1337,62
Tesouro IPCA+ com Juros Semestrais;15/05/2055;10/01/2025;7,75;7,72;439,31;440,19;439,75
Tesouro Selic;01/03/2029;10/01/2025;0,06;0,03;14801,14;14830,80;14815,97
Tesouro Prefixado;01/01/2027;13/01/2025;13,30;13,27;781,21;782,78;782,00
Tesouro Prefixado;01/01/2029;13/01/2025;13,14;13,11;612,22;613,45;612,83
Tesouro Prefixado;01/01/2031;13/01/2025;13,07;13,04;480,39;481,35;480,87
Tesouro Prefixado com Juros Semestrais;01/01/2033;13/01/2025;12,97;12,94;378,39;379,15;378,77
Tesouro Prefixado com Juros Semestrais;01/01/2035;13/01/2025;12,89;12,86;298,96;299,56;299,26
Tesouro Prefixado com Juros Semestrais;01/01/2037;13/01/2025;12,90;12,87;234,50;234,97;234,74
Tesouro IPCA+;15/05/2029;13/01/2025;7,46;7,43;3072,94;3079,10;3076,02
Tesouro IPCA+;15/05/2035;13/01/2025;7,59;7,56;1974,56;1978,52;1976,54
Tesouro IPCA+;15/05/2045;13/01/2025;7,65;7,62;942,00;943,88;942,94
Tesouro IPCA+ com Juros Semestrais;15/08/2032;13/01/2025;7,53;7,50;2422,15;2427,01;2424,58
Tesouro IPCA+ com Juros Semestrais;15/08/2040;13/01/2025;7,62;7,59;1339,89;1342,58;1341,23
Tesouro IPCA+ com Juros Semestrais;15/05/2055;13/01/2025;7,72;7,69;442,69;443,58;443,13
Tesouro Selic;01/03/2029;13/01/2025;0,06;0,03;14804,23;14833,90;14819,07
Tesouro Prefixado;01/01/2027;14/01/2025;13,37;13,34;780,52;782,09;781,30
Tesouro Prefixado;01/01/2029;14/01/2025;13,21;13,18;610,99;612,22;611,60
Tesouro Prefixado;01/01/2031;14/01/2025;13,12;13,09;479,37;480,33;479,85
Tesouro Prefixado com Juros Semestrais;01/01/2033;14/01/2025;13,03;13,00;377,03;377,79;377,41
Tesouro Prefixado com Juros Semestrais;01/01/2035;14/01/2025;12,97;12,94;296,84;297,44;297,14
Tesouro Prefixado com Juros Semestrais;01/01/2037;14/01/2025;12,95;12,92;233,21;233,68;233,45
Tesouro IPCA+;15/05/2029;14/01/2025;7,41;7,38;3078,79;3084,96;3081,88
Tesouro IPCA+;15/05/2035;14/01/2025;7,54;7,51;1983,55;1987,53;1985,54
Tesouro IPCA+;15/05/2045;14/01/2025;7,63;7,60;944,59;946,48;945,53
Tesouro IPCA+ com Juros Semestrais;15/08/2032;14/01/2025;7,51;7,48;2424,87;2429,73;2427,30
Tesouro IPCA+ com Juros Semestrais;15/08/2040;14/01/2025;7,62;7,59;1341,33;1344,02;1342,68
Tesouro IPCA+ com Juros Semestrais;15/05/2055;14/01/2025;7,69;7,66;446,67;447,57;447,12
Tesouro Selic;01/03/2029;14/01/2025;0,06;0,03;14807,33;14837,00;14822,16
Tesouro Prefixado;01/01/2027;15/01/2025;13,41;13,38;780,20;781,76;780,98
Tesouro Prefixado;01/01/2029;15/01/2025;13,23;13,20;610,59;611,81;611,20
Tesouro Prefixado;01/01/2031;15/01/2025;13,18;13,15;477,93;478,89;478,41
Tesouro Prefixado com Juros Semestrais;01/01/2033;15/01/2025;13,08;13,05;375,84;376,59;376,22
Tesouro Prefixado com Juros Semestrais;01/01/2035;15/01/2025;13,05;13,02;294,81;295,40;295,10
Tesouro Prefixado com Juros Semestrais;01/01/2037;15/01/2025;13,01;12,98;231,80;232,26;232,03
Tesouro IPCA+;15/05/2029;15/01/2025;7,47;7,44;3072,90;3079,06;3075,98
Tesouro IPCA+;15/05/2035;15/01/2025;7,57;7,54;1979,31;1983,28;1981,30
Tesouro IPCA+;15/05/2045;15/01/2025;7,68;7,65;936,59;938,47;937,53
Tesouro IPCA+ com Juros Semestrais;15/08/2032;15/01/2025;7,51;7,48;2425,37;2430,23;2427,80
Tesouro IPCA+ com Juros Semestrais;15/08/2040;15/01/2025;7,62;7,59;1340,87;1343,56;1342,22
Tesouro IPCA+ com Juros Semestrais;15/05/2055;15/01/2025;7,72;7,69;443,47;444,36;443,91
Tesouro Selic;01/03/2029;15/01/2025;0,06;0,03;14810,42;14840,10;14825,26
Tesouro Prefixado;01/01/2027;16/01/2025;13,47;13,44;779,70;781,26;780,48
Tesouro Prefixado;01/01/2029;16/01/2025;13,32;13,29;608,86;610,08;609,47
Tesouro Prefixado;01/01/2031;16/01/2025;13,19;13,16;477,81;478,76;478,29
Tesouro Prefixado com Juros Semestrais;01/01/2033;16/01/2025;13,14;13,11;374,29;375,04;374,67
Tesouro Prefixado com Juros Semestrais;01/01/2035;16/01/2025;13,03;13,00;295,50;296,10;295,80
Tesouro Prefixado com Juros Semestrais;01/01/2037;16/01/2025;13,07;13,04;230,46;230,92;230,69
Tesouro IPCA+;15/05/2029;16/01/2025;7,42;7,39;3078,93;3085,10;3082,01
Tesouro IPCA+;15/05/2035;16/01/2025;7,58;7,55;1977,52;1981,48;1979,50
Tesouro IPCA+;15/05/2045;16/01/2025;7,66;7,63;940,56;942,44;941,50
Tesouro IPCA+ com Juros Semestrais;15/08/2032;16/01/2025;7,53;7,50;2422,48;2427,33;2424,91
Tesouro IPCA+ com Juros Semestrais;15/08/2040;16/01/2025;7,59;7,56;1347,08;1349,78;1348,43
Tesouro IPCA+ com Juros Semestrais;15/05/2055;16/01/2025;7,70;7,67;446,17;447,07;446,62
Tesouro Selic;01/03/2029;16/01/2025;0,06;0,03;14813,51;14843,20;14828,36
Tesouro Prefixado;01/01/2027;17/01/2025;13,44;13,41;780,40;781,97;781,18
Tesouro Prefixado;01/01/2029;17/01/2025;13,28;13,25;610,00;611,23;610,61
Tesouro Prefixado;01/01/2031;17/01/2025;13,19;13,16;477,86;478,82;478,34
Tesouro Prefixado com Juros Semestrais;01/01/2033;17/01/2025;13,13;13,10;374,90;375,65;375,27
Tesouro Prefixado com Juros Semestrais;01/01/2035;17/01/2025;13,08;13,05;294,22;294,81;294,52
Tesouro Prefixado com Juros Semestrais;01/01/2037;17/01/2025;13,06;13,03;230,87;231,33;231,10
Tesouro IPCA+;15/05/2029;17/01/2025;7,44;7,41;3077,25;3083,42;3080,33
Tesouro IPCA+;15/05/2035;17/01/2025;7,58;7,55;1977,68;1981,64;1979,66
Tesouro IPCA+;15/05/2045;17/01/2025;7,68;7,65;937,46;939,34;938,40
Tesouro IPCA+ com Juros Semestrais;15/08/2032;17/01/2025;7,50;7,47;2428,57;2433,44;2431,00
Tesouro IPCA+ com Juros Semestrais;15/08/2040;17/01/2025;7,62;7,59;1341,58;1344,27;1342,92
Tesouro IPCA+ com Juros Semestrais;15/05/2055;17/01/2025;7,73;7,70;442,65;443,53;443,09
Tesouro Selic;01/03/2029;17/01/2025;0,05;0,02;14816,61;14846,30;14831,45
Tesouro Prefixado;01/01/2027;20/01/2025;13,47;13,44;780,72;782,28;781,50
Tesouro Prefixado;01/01/2029;20/01/2025;13,29;13,26;610,41;611,64;611,02
Tesouro Prefixado;01/01/2031;20/01/2025;13,22;13,19;477,66;478,62;478,14
Tesouro Prefixado com Juros Semestrais;01/01/2033;20/01/2025;13,14;13,11;374,77;375,52;375,14
Tesouro Prefixado com Juros Semestrais;01/01/2035;20/01/2025;13,08;13,05;294,58;295,17;294,88
Tesouro Prefixado com Juros Semestrais;01/01/2037;20/01/2025;13,07;13,04;230,62;231,08;230,85
Tesouro IPCA+;15/05/2029;20/01/2025;7,42;7,39;3081,79;3087,96;3084,88
Tesouro IPCA+;15/05/2035;20/01/2025;7,53;7,50;1988,16;1992,14;1990,15
Tesouro IPCA+;15/05/2045;20/01/2025;7,61;7,58;950,89;952,79;951,84
Tesouro IPCA+ com Juros Semestrais;15/08/2032;20/01/2025;7,52;7,49;2426,55;2431,41;2428,98
Tesouro IPCA+ com Juros Semestrais;15/08/2040;20/01/2025;7,62;7,59;1342,46;1345,15;1343,80
Tesouro IPCA+ com Juros Semestrais;15/05/2055;20/01/2025;7,69;7,66;447,74;448,63;448,18
Tesouro Selic;01/03/2029;20/01/2025;0,06;0,03;14819,70;14849,40;14834,55
Tesouro Prefixado;01/01/2027;21/01/2025;13,47;13,44;781,05;782,61;781,83
Tesouro Prefixado;01/01/2029;21/01/2025;13,26;13,23;611,28;612,50;611,89
Tesouro Prefixado;01/01/2031;21/01/2025;13,18;13,15;478,99;479,95;479,47
Tesouro Prefixado com Juros Semestrais;01/01/2033;21/01/2025;13,13;13,10;375,31;376,06;375,69
Tesouro Prefixado com Juros Semestrais;01/01/2035;21/01/2025;13,08;13,05;294,79;295,38;295,08
Tesouro Prefixado com Juros Semestrais;01/01/2037;21/01/2025;13,05;13,02;231,42;231,88;231,65
Tesouro IPCA+;15/05/2029;21/01/2025;7,45;7,42;3078,30;3084,47;3081,39
Tesouro IPCA+;15/05/2035;21/01/2025;7,58;7,55;1979,64;1983,61;1981,62
Tesouro IPCA+;15/05/2045;21/01/2025;7,70;7,67;934,72;936,59;935,66
Tesouro IPCA+ com Juros Semestrais;15/08/2032;21/01/2025;7,50;7,47;2430,51;2435,39;2432,95
Tesouro IPCA+ com Juros Semestrais;15/08/2040;21/01/2025;7,62;7,59;1342,19;1344,88;1343,53
Tesouro IPCA+ com Juros Semestrais;15/05/2055;21/01/2025;7,69;7,66;447,64;448,53;448,09
Tesouro Selic;01/03/2029;21/01/2025;0,06;0,03;14822,80;14852,50;14837,65
Tesouro Prefixado;01/01/2027;22/01/2025;13,49;13,46;780,99;782,55;781,77
Tesouro Prefixado;01/01/2029;22/01/2025;13,27;13,24;611,35;612,58;611,97
Tesouro Prefixado;01/01/2031;22/01/2025;13,24;13,21;477,60;478,56;478,08
Tesouro Prefixado com Juros Semestrais;01/01/2033;22/01/2025;13,15;13,12;374,87;375,62;375,24
Tesouro Prefixado com Juros Semestrais;01/01/2035;22/01/2025;13,09;13,06;294,56;295,15;294,85
Tesouro Prefixado com Juros Semestrais;01/01/2037;22/01/2025;13,09;13,06;230,46;230,93;230,69
Tesouro IPCA+;15/05/2029;22/01/2025;7,47;7,44;3076,01;3082,17;3079,09
Tesouro IPCA+;15/05/2035;22/01/2025;7,59;7,56;1978,28;1982,25;1980,26
Tesouro IPCA+;15/05/2045;22/01/2025;7,71;7,68;932,21;934,08;933,14
Tesouro IPCA+ com Juros Semestrais;15/08/2032;22/01/2025;7,54;7,51;2424,95;2429,81;2427,38
Tesouro IPCA+ com Juros Semestrais;15/08/2040;22/01/2025;7,67;7,64;1332,07;1334,74;1333,40
Tesouro IPCA+ com Juros Semestrais;15/05/2055;22/01/2025;7,74;7,71;441,42;442,31;441,87
Tesouro Selic;01/03/2029;22/01/2025;0,07;0,04;14825,89;14855,60;14840,74
Tesouro Prefixado;01/01/2027;23/01/2025;13,45;13,42;781,89;783,45;782,67
Tesouro Prefixado;01/01/2029;23/01/2025;13,27;13,24;611,38;612,60;611,99
Tesouro Prefixado;01/01/2031;23/01/2025;13,20;13,17;478,73;479,69;479,21
Tesouro Prefixado com Juros Semestrais;01/01/2033;23/01/2025;13,14;13,11;375,38;376,13;375,76
Tesouro Prefixado com Juros Semestrais;01/01/2035;23/01/2025;13,10;13,07;294,51;295,10;294,81
Tesouro Prefixado com Juros Semestrais;01/01/2037;23/01/2025;13,02;12,99;232,17;232,64;232,40
Tesouro IPCA+;15/05/2029;23/01/2025;7,44;7,41;3080,44;3086,61;3083,53
Tesouro IPCA+;15/05/2035;23/01/2025;7,54;7,51;1987,92;1991,90;1989,91
Tesouro IPCA+;15/05/2045;23/01/2025;7,67;7,64;940,01;941,90;940,96
Tesouro IPCA+ com Juros Semestrais;15/08/2032;23/01/2025;7,54;7,51;2424,53;2429,39;2426,96
Tesouro IPCA+ com Juros Semestrais;15/08/2040;23/01/2025;7,65;7,62;1336,37;1339,05;1337,71
Tesouro IPCA+ com Juros Semestrais;15/05/2055;23/01/2025;7,72;7,69;444,48;445,38;444,93
Tesouro Selic;01/03/2029;23/01/2025;0,06;0,03;14828,98;14858,70;14843,84
Tesouro Prefixado;01/01/2027;24/01/2025;13,46;13,43;781,98;783,55;782,76
Tesouro Prefixado;01/01/2029;24/01/2025;13,34;13,31;610,21;611,44;610,83
Tesouro Prefixado;01/01/2031;24/01/2025;13,20;13,17;478,90;479,86;479,38
Tesouro Prefixado com Juros Semestrais;01/01/2033;24/01/2025;13,14;13,11;375,40;376,15;375,78
Tesouro Prefixado com Juros Semestrais;01/01/2035;24/01/2025;13,11;13,08;294,17;294,76;294,47
Tesouro Prefixado com Juros Semestrais;01/01/2037;24/01/2025;13,01;12,98;232,45;232,92;232,68
Tesouro IPCA+;15/05/2029;24/01/2025;7,41;7,38;3084,92;3091,10;3088,01
Tesouro IPCA+;15/05/2035;24/01/2025;7,58;7,55;1979,91;1983,88;1981,89
Tesouro IPCA+;15/05/2045;24/01/2025;7,67;7,64;940,20;942,09;941,14
Tesouro IPCA+ com Juros Semestrais;15/08/2032;24/01/2025;7,54;7,51;2424,49;2429,35;2426,92
Tesouro IPCA+ com Juros Semestrais;15/08/2040;24/01/2025;7,62;7,59;1343,32;1346,01;1344,67
Tesouro IPCA+ com Juros Semestrais;15/05/2055;24/01/2025;7,69;7,66;447,40;448,30;447,85
Tesouro Selic;01/03/2029;24/01/2025;0,06;0,03;14832,08;14861,80;14846,94
Tesouro Prefixado;01/01/2027;27/01/2025;13,50;13,47;782,26;783,83;783,04
Tesouro Prefixado;01/01/2029;27/01/2025;13,30;13,27;611,59;612,81;612,20
Tesouro Prefixado;01/01/2031;27/01/2025;13,30;13,27;476,79;477,74;477,27
Tesouro Prefixado com Juros Semestrais;01/01/2033;27/01/2025;13,20;13,17;374,09;374,84;374,46
Tesouro Prefixado com Juros Semestrais;01/01/2035;27/01/2025;13,14;13,11;293,83;294,41;294,12
Tesouro Prefixado com Juros Semestrais;01/01/2037;27/01/2025;13,12;13,09;229,97;230,43;230,20
Tesouro IPCA+;15/05/2029;27/01/2025;7,40;7,37;3087,74;3093,92;3090,83
Tesouro IPCA+;15/05/2035;27/01/2025;7,55;7,52;1986,69;1990,67;1988,68
Tesouro IPCA+;15/05/2045;27/01/2025;7,64;7,61;946,70;948,60;947,65
Tesouro IPCA+ com Juros Semestrais;15/08/2032;27/01/2025;7,53;7,50;2427,99;2432,85;2430,42
Tesouro IPCA+ com Juros Semestrais;15/08/2040;27/01/2025;7,60;7,57;1348,48;1351,18;1349,83
Tesouro IPCA+ com Juros Semestrais;15/05/2055;27/01/2025;7,67;7,64;449,98;450,88;450,43
Tesouro Selic;01/03/2029;27/01/2025;0,05;0,02;14835,17;14864,90;14850,04
Tesouro Prefixado;01/01/2027;28/01/2025;13,54;13,51;781,99;783,56;782,77
Tesouro Prefixado;01/01/2029;28/01/2025;13,38;13,35;610,22;611,44;610,83
Tesouro Prefixado;01/01/2031;28/01/2025;13,23;13,20;478,67;479,62;479,15
Tesouro Prefixado com Juros Semestrais;01/01/2033;28/01/2025;13,19;13,16;374,47;375,22;374,85
Tesouro Prefixado com Juros Semestrais;01/01/2035;28/01/2025;13,18;13,15;292,88;293,47;293,17
Tesouro Prefixado com Juros Semestrais;01/01/2037;28/01/2025;13,14;13,11;229,74;230,20;229,97
Tesouro IPCA+;15/05/2029;28/01/2025;7,40;7,37;3088,97;3095,16;3092,07
Tesouro IPCA+;15/05/2035;28/01/2025;7,56;7,53;1985,94;1989,92;1987,93
Tesouro IPCA+;15/05/2045;28/01/2025;7,67;7,64;941,65;943,54;942,60
Tesouro IPCA+ com Juros Semestrais;15/08/2032;28/01/2025;7,52;7,49;2430,16;2435,03;2432,59
Tesouro IPCA+ com Juros Semestrais;15/08/2040;28/01/2025;7,62;7,59;1343,29;1345,98;1344,64
Tesouro IPCA+ com Juros Semestrais;15/05/2055;28/01/2025;7,71;7,68;445,88;446,77;446,32
Tesouro Selic;01/03/2029;28/01/2025;0,06;0,03;14838,26;14868,00;14853,13
Tesouro Prefixado;01/01/2027;29/01/2025;13,63;13,60;781,06;782,63;781,85
Tesouro Prefixado;01/01/2029;29/01/2025;13,42;13,39;609,55;610,77;610,16
Tesouro Prefixado;01/01/2031;29/01/2025;13,39;13,36;475,01;475,96;475,48
Tesouro Prefixado com Juros Semestrais;01/01/2033;29/01/2025;13,26;13,23;372,78;373,52;373,15
Tesouro Prefixado com Juros Semestrais;01/01/2035;29/01/2025;13,21;13,18;292,05;292,64;292,34
Tesouro Prefixado com Juros Semestrais;01/01/2037;29/01/2025;13,21;13,18;227,93;228,39;228,16
Tesouro IPCA+;15/05/2029;29/01/2025;7,44;7,41;3084,31;3090,49;3087,40
Tesouro IPCA+;15/05/2035;29/01/2025;7,54;7,51;1989,54;1993,52;1991,53
Tesouro IPCA+;15/05/2045;29/01/2025;7,66;7,63;942,07;943,95;943,01
Tesouro IPCA+ com Juros Semestrais;15/08/2032;29/01/2025;7,54;7,51;2426,98;2431,84;2429,41
Tesouro IPCA+ com Juros Semestrais;15/08/2040;29/01/2025;7,60;7,57;1349,09;1351,79;1350,44
Tesouro IPCA+ com Juros Semestrais;15/05/2055;29/01/2025;7,75;7,72;440,94;441,82;441,38
Tesouro Selic;01/03/2029;29/01/2025;0,06;0,03;14841,36;14871,10;14856,23
Tesouro Prefixado;01/01/2027;30/01/2025;13,62;13,59;781,46;783,03;782,24
Tesouro Prefixado;01/01/2029;30/01/2025;13,39;13,36;610,44;611,67;611,05
Tesouro Prefixado;01/01/2031;30/01/2025;13,30;13,27;477,25;478,20;477,72
Tesouro Prefixado com Juros Semestrais;01/01/2033;30/01/2025;13,30;13,27;372,04;372,78;372,41
Tesouro Prefixado com Juros Semestrais;01/01/2035;30/01/2025;13,22;13,19;292,04;292,62;292,33
Tesouro Prefixado com Juros Semestrais;01/01/2037;30/01/2025;13,21;13,18;228,14;228,60;228,37
Tesouro IPCA+;15/05/2029;30/01/2025;7,47;7,44;3081,22;3087,40;3084,31
Tesouro IPCA+;15/05/2035;30/01/2025;7,61;7,58;1977,27;1981,23;1979,25
Tesouro IPCA+;15/05/2045;30/01/2025;7,67;7,64;941,79;943,67;942,73
Tesouro IPCA+ com Juros Semestrais;15/08/2032;30/01/2025;7,53;7,50;2429,69;2434,56;2432,13
Tesouro IPCA+ com Juros Semestrais;15/08/2040;30/01/2025;7,66;7,63;1336,16;1338,84;1337,50
Tesouro IPCA+ com Juros Semestrais;15/05/2055;30/01/2025;7,73;7,70;442,97;443,86;443,41
Tesouro Selic;01/03/2029;30/01/2025;0,06;0,03;14844,45;14874,20;14859,33
Tesouro Prefixado;01/01/2027;31/01/2025;13,61;13,58;781,87;783,44;782,66
Tesouro Prefixado;01/01/2029;31/01/2025;13,40;13,37;610,36;611,58;610,97
Tesouro Prefixado;01/01/2031;31/01/2025;13,33;13,30;476,73;477,69;477,21
Tesouro Prefixado com Juros Semestrais;01/01/2033;31/01/2025;13,30;13,27;372,06;372,81;372,44
Tesouro Prefixado com Juros Semestrais;01/01/2035;31/01/2025;13,20;13,17;292,60;293,19;292,90
Tesouro Prefixado com Juros Semestrais;01/01/2037;31/01/2025;13,20;13,17;228,32;228,78;228,55
Tesouro IPCA+;15/05/2029;31/01/2025;7,45;7,42;3084,34;3090,52;3087,43
Tesouro IPCA+;15/05/2035;31/01/2025;7,56;7,53;1985,94;1989,92;1987,93
Tesouro IPCA+;15/05/2045;31/01/2025;7,65;7,62;945,43;947,32;946,37
Tesouro IPCA+ com Juros Semestrais;15/08/2032;31/01/2025;7,54;7,51;2428,57;2433,44;2431,01
Tesouro IPCA+ com Juros Semestrais;15/08/2040;31/01/2025;7,62;7,59;1344,28;1346,97;1345,63
Tesouro IPCA+ com Juros Semestrais;15/05/2055;31/01/2025;7,73;7,70;443,62;444,51;444,07
Tesouro Selic;01/03/2029;31/01/2025;0,06;0,03;14847,55;14877,30;14862,42
Tesouro Prefixado;01/01/2027;03/02/2025;13,55;13,52;783,56;785,13;784,34
Tesouro Prefixado;01/01/2029;03/02/2025;13,40;13,37;611,03;612,26;611,64
Tesouro Prefixado;01/01/2031;03/02/2025;13,29;13,26;478,27;479,22;478,74
Tesouro Prefixado com Juros Semestrais;01/01/2033;03/02/2025;13,21;13,18;374,82;375,57;375,20
Tesouro Prefixado com Juros Semestrais;01/01/2035;03/02/2025;13,19;13,16;293,14;293,72;293,43
Tesouro Prefixado com Juros Semestrais;01/01/2037;03/02/2025;13,11;13,08;230,92;231,39;231,15
Tesouro IPCA+;15/05/2029;03/02/2025;7,40;7,37;3092,42;3098,62;3095,52
Tesouro IPCA+;15/05/2035;03/02/2025;7,56;7,53;1988,03;1992,02;1990,03
Tesouro IPCA+;15/05/2045;03/02/2025;7,65;7,62;946,23;948,13;947,18
Tesouro IPCA+ com Juros Semestrais;15/08/2032;03/02/2025;7,48;7,45;2440,60;2445,49;2443,04
Tesouro IPCA+ com Juros Semestrais;15/08/2040;03/02/2025;7,56;7,53;1357,52;1360,24;1358,88
Tesouro IPCA+ com Juros Semestrais;15/05/2055;03/02/2025;7,71;7,68;446,69;447,59;447,14
Tesouro Selic;01/03/2029;03/02/2025;0,06;0,03;14850,64;14880,40;14865,52
Tesouro Prefixado;01/01/2027;04/02/2025;13,51;13,48;784,25;785,82;785,03
Tesouro Prefixado;01/01/2029;04/02/2025;13,33;13,30;612,81;614,03;613,42
Tesouro Prefixado;01/01/2031;04/02/2025;13,28;13,25;478,58;479,54;479,06
Tesouro Prefixado com Juros Semestrais;01/01/2033;04/02/2025;13,22;13,19;374,72;375,47;375,09
Tesouro Prefixado com Juros Semestrais;01/01/2035;04/02/2025;13,15;13,12;294,21;294,80;294,50
Tesouro Prefixado com Juros Semestrais;01/01/2037;04/02/2025;13,12;13,09;230,76;231,22;230,99
Tesouro IPCA+;15/05/2029;04/02/2025;7,42;7,39;3090,81;3097,00;3093,91
Tesouro IPCA+;15/05/2035;04/02/2025;7,54;7,51;1991,93;1995,92;1993,93
Tesouro IPCA+;15/05/2045;04/02/2025;7,62;7,59;951,58;953,48;952,53
Tesouro IPCA+ com Juros Semestrais;15/08/2032;04/02/2025;7,53;7,50;2432,37;2437,25;2434,81
Tesouro IPCA+ com Juros Semestrais;15/08/2040;04/02/2025;7,60;7,57;1350,00;1352,70;1351,35
Tesouro IPCA+ com Juros Semestrais;15/05/2055;04/02/2025;7,70;7,67;447,89;448,79;448,34
Tesouro Selic;01/03/2029;04/02/2025;0,05;0,02;14853,73;14883,50;14868,62
Tesouro Prefixado;01/01/2027;05/02/2025;13,52;13,49;784,39;785,97;785,18
Tesouro Prefixado;01/01/2029;05/02/2025;13,35;13,32;612,47;613,70;613,09
Tesouro Prefixado;01/01/2031;05/02/2025;13,24;13,21;479,77;480,73;480,25
Tesouro Prefixado com Juros Semestrais;01/01/2033;05/02/2025;13,19;13,16;375,53;376,28;375,90
Tesouro Prefixado com Juros Semestrais;01/01/2035;05/02/2025;13,15;13,12;294,44;295,03;294,74
Tesouro Prefixado com Juros Semestrais;01/01/2037;05/02/2025;13,09;13,06;231,57;232,03;231,80
Tesouro IPCA+;15/05/2029;05/02/2025;7,38;7,35;3095,81;3102,02;3098,91
Tesouro IPCA+;15/05/2035;05/02/2025;7,51;7,48;1997,52;2001,52;1999,52
Tesouro IPCA+;15/05/2045;05/02/2025;7,64;7,61;947,80;949,70;948,75
Tesouro IPCA+ com Juros Semestrais;15/08/2032;05/02/2025;7,45;7,42;2446,32;2451,23;2448,77
Tesouro IPCA+ com Juros Semestrais;15/08/2040;05/02/2025;7,57;7,54;1356,99;1359,71;1358,35
Tesouro IPCA+ com Juros Semestrais;15/05/2055;05/02/2025;7,67;7,64;451,31;452,21;451,76
Tesouro Selic;01/03/2029;05/02/2025;0,06;0,03;14856,83;14886,60;14871,71
Tesouro Prefixado;01/01/2027;06/02/2025;13,53;13,50;784,56;786,13;785,35
Tesouro Prefixado;01/01/2029;06/02/2025;13,37;13,34;612,29;613,52;612,90
Tesouro Prefixado;01/01/2031;06/02/2025;13,32;13,29;477,94;478,89;478,42
Tesouro Prefixado com Juros Semestrais;01/01/2033;06/02/2025;13,19;13,16;375,77;376,52;376,15
Tesouro Prefixado com Juros Semestrais;01/01/2035;06/02/2025;13,18;13,15;293,85;294,44;294,14
Tesouro Prefixado com Juros Semestrais;01/01/2037;06/02/2025;13,11;13,08;231,05;231,51;231,28
Tesouro IPCA+;15/05/2029;06/02/2025;7,37;7,34;3097,72;3103,93;3100,83
Tesouro IPCA+;15/05/2035;06/02/2025;7,51;7,48;1999,30;2003,31;2001,31
Tesouro IPCA+;15/05/2045;06/02/2025;7,59;7,56;956,15;958,07;957,11
Tesouro IPCA+ com Juros Semestrais;15/08/2032;06/02/2025;7,46;7,43;2444,63;2449,52;2447,07
Tesouro IPCA+ com Juros Semestrais;15/08/2040;06/02/2025;7,54;7,51;1361,48;1364,21;1362,84
Tesouro IPCA+ com Juros Semestrais;15/05/2055;06/02/2025;7,66;7,63;453,03;453,94;453,48
Tesouro Selic;01/03/2029;06/02/2025;0,06;0,03;14859,92;14889,70;14874,81
Tesouro Prefixado;01/01/2027;07/02/2025;13,50;13,47;785,22;786,79;786,00
Tesouro Prefixado;01/01/2029;07/02/2025;13,35;13,32;612,85;614,07;613,46
Tesouro Prefixado;01/01/2031;07/02/2025;13,28;13,25;479,06;480,02;479,54
Tesouro Prefixado com Juros Semestrais;01/01/2033;07/02/2025;13,20;13,17;375,47;376,22;375,84
Tesouro Prefixado com Juros Semestrais;01/01/2035;07/02/2025;13,17;13,14;294,14;294,73;294,44
Tesouro Prefixado com Juros Semestrais;01/01/2037;07/02/2025;13,10;13,07;231,39;231,85;231,62
Tesouro IPCA+;15/05/2029;07/02/2025;7,40;7,37;3095,17;3101,38;3098,28
Tesouro IPCA+;15/05/2035;07/02/2025;7,48;7,45;2004,08;2008,09;2006,09
Tesouro IPCA+;15/05/2045;07/02/2025;7,58;7,55;959,77;961,70;960,74
Tesouro IPCA+ com Juros Semestrais;15/08/2032;07/02/2025;7,47;7,44;2443,40;2448,30;2445,85
Tesouro IPCA+ com Juros Semestrais;15/08/2040;07/02/2025;7,61;7,58;1349,71;1352,42;1351,06
Tesouro IPCA+ com Juros Semestrais;15/05/2055;07/02/2025;7,64;7,61;455,29;456,20;455,74
Tesouro Selic;01/03/2029;07/02/2025;0,06;0,03;14863,01;14892,80;14877,91
Tesouro Prefixado;01/01/2027;10/02/2025;13,52;13,49;785,83;787,41;786,62
Tesouro Prefixado;01/01/2029;10/02/2025;13,30;13,27;614,69;615,92;615,30
Tesouro Prefixado;01/01/2031;10/02/2025;13,25;13,22;480,36;481,32;480,84
Tesouro Prefixado com Juros Semestrais;01/01/2033;10/02/2025;13,19;13,16;376,35;377,10;376,72
Tesouro Prefixado com Juros Semestrais;01/01/2035;10/02/2025;13,15;13,12;294,98;295,57;295,27
Tesouro Prefixado com Juros Semestrais;01/01/2037;10/02/2025;13,08;13,05;232,07;232,53;232,30
Tesouro IPCA+;15/05/2029;10/02/2025;7,45;7,42;3090,96;3097,15;3094,06
Tesouro IPCA+;15/05/2035;10/02/2025;7,56;7,53;1989,93;1993,92;1991,93
Tesouro IPCA+;15/05/2045;10/02/2025;7,65;7,62;947,37;949,27;948,32
Tesouro IPCA+ com Juros Semestrais;15/08/2032;10/02/2025;7,52;7,49;2436,83;2441,72;2439,27
Tesouro IPCA+ com Juros Semestrais;15/08/2040;10/02/2025;7,63;7,60;1346,09;1348,79;1347,44
Tesouro IPCA+ com Juros Semestrais;15/05/2055;10/02/2025;7,70;7,67;447,97;448,86;448,42
Tesouro Selic;01/03/2029;10/02/2025;0,06;0,03;14866,11;14895,90;14881,00
Tesouro Prefixado;01/01/2027;11/02/2025;13,48;13,45;786,64;788,22;787,43
Tesouro Prefixado;01/01/2029;11/02/2025;13,36;13,33;613,49;614,72;614,10
Tesouro Prefixado;01/01/2031;11/02/2025;13,25;13,22;480,48;481,44;480,96
Tesouro Prefixado com Juros Semestrais;01/01/2033;11/02/2025;13,20;13,17;376,04;376,79;376,42
Tesouro Prefixado com Juros Semestrais;01/01/2035;11/02/2025;13,17;13,14;294,41;295,00;294,70
Tesouro Prefixado com Juros Semestrais;01/01/2037;11/02/2025;13,11;13,08;231,58;232,04;231,81
Tesouro IPCA+;15/05/2029;11/02/2025;7,41;7,38;3095,78;3101,98;3098,88
Tesouro IPCA+;15/05/2035;11/02/2025;7,57;7,54;1989,80;1993,78;1991,79
Tesouro IPCA+;15/05/2045;11/02/2025;7,66;7,63;945,83;947,73;946,78
Tesouro IPCA+ com Juros Semestrais;15/08/2032;11/02/2025;7,50;7,47;2440,13;2445,02;2442,58
Tesouro IPCA+ com Juros Semestrais;15/08/2040;11/02/2025;7,63;7,60;1346,41;1349,11;1347,76
Tesouro IPCA+ com Juros Semestrais;15/05/2055;11/02/2025;7,67;7,64;452,11;453,02;452,57
Tesouro Selic;01/03/2029;11/02/2025;0,06;0,03;14869,20;14899,00;14884,10
Tesouro Prefixado;01/01/2027;12/02/2025;13,60;13,57;785,30;786,88;786,09
Tesouro Prefixado;01/01/2029;12/02/2025;13,40;13,37;612,91;614,13;613,52
Tesouro Prefixado;01/01/2031;12/02/2025;13,35;13,32;478,28;479,23;478,76
Tesouro Prefixado com Juros Semestrais;01/01/2033;12/02/2025;13,23;13,20;375,33;376,08;375,71
Tesouro Prefixado com Juros Semestrais;01/01/2035;12/02/2025;13,21;13,18;293,43;294,02;293,73
Tesouro Prefixado com Juros Semestrais;01/01/2037;12/02/2025;13,16;13,13;230,22;230,68;230,45
Tesouro IPCA+;15/05/2029;12/02/2025;7,44;7,41;3093,62;3099,81;3096,72
Tesouro IPCA+;15/05/2035;12/02/2025;7,59;7,56;1985,80;1989,78;1987,79
Tesouro IPCA+;15/05/2045;12/02/2025;7,69;7,66;939,70;941,58;940,64
Tesouro IPCA+ com Juros Semestrais;15/08/2032;12/02/2025;7,52;7,49;2437,50;2442,39;2439,95
Tesouro IPCA+ com Juros Semestrais;15/08/2040;12/02/2025;7,63;7,60;1346,14;1348,84;1347,49
Tesouro IPCA+ com Juros Semestrais;15/05/2055;12/02/2025;7,77;7,74;439,90;440,78;440,34
Tesouro Selic;01/03/2029;12/02/2025;0,06;0,03;14872,30;14902,10;14887,20
Tesouro Prefixado;01/01/2027;13/02/2025;13,68;13,65;784,51;786,08;785,29
Tesouro Prefixado;01/01/2029;13/02/2025;13,48;13,45;611,51;612,73;612,12
Tesouro Prefixado;01/01/2031;13/02/2025;13,38;13,35;477,57;478,53;478,05
Tesouro Prefixado com Juros Semestrais;01/01/2033;13/02/2025;13,31;13,28;373,61;374,36;373,98
Tesouro Prefixado com Juros Semestrais;01/01/2035;13/02/2025;13,24;13,21;292,84;293,43;293,14
Tesouro Prefixado com Juros Semestrais;01/01/2037;13/02/2025;13,24;13,21;228,48;228,94;228,71
Tesouro IPCA+;15/05/2029;13/02/2025;7,39;7,36;3099,52;3105,73;3102,62
Tesouro IPCA+;15/05/2035;13/02/2025;7,54;7,51;1995,60;1999,60;1997,60
Tesouro IPCA+;15/05/2045;13/02/2025;7,62;7,59;952,69;954,60;953,64
Tesouro IPCA+ com Juros Semestrais;15/08/2032;13/02/2025;7,52;7,49;2439,01;2443,90;2441,45
Tesouro IPCA+ com Juros Semestrais;15/08/2040;13/02/2025;7,63;7,60;1347,33;1350,03;1348,68
Tesouro IPCA+ com Juros Semestrais;15/05/2055;13/02/2025;7,70;7,67;447,79;448,69;448,24
Tesouro Selic;01/03/2029;13/02/2025;0,06;0,03;14875,39;14905,20;14890,29
Tesouro Prefixado;01/01/2027;14/02/2025;13,68;13,65;784,84;786,41;785,63
Tesouro Prefixado;01/01/2029;14/02/2025;13,43;13,40;612,65;613,87;613,26
Tesouro Prefixado;01/01/2031;14/02/2025;13,34;13,31;478,68;479,64;479,16
Tesouro Prefixado com Juros Semestrais;01/01/2033;14/02/2025;13,24;13,21;375,53;376,28;375,90
Tesouro Prefixado com Juros Semestrais;01/01/2035;14/02/2025;13,19;13,16;294,27;294,86;294,57
Tesouro Prefixado com Juros Semestrais;01/01/2037;14/02/2025;13,16;13,13;230,60;231,07;230,84
Tesouro IPCA+;15/05/2029;14/02/2025;7,40;7,37;3099,06;3105,27;3102,16
Tesouro IPCA+;15/05/2035;14/02/2025;7,55;7,52;1994,71;1998,71;1996,71
Tesouro IPCA+;15/05/2045;14/02/2025;7,64;7,61;949,13;951,04;950,08
Tesouro IPCA+ com Juros Semestrais;15/08/2032;14/02/2025;7,51;7,48;2440,21;2445,10;2442,65
Tesouro IPCA+ com Juros Semestrais;15/08/2040;14/02/2025;7,59;7,56;1353,75;1356,46;1355,10
Tesouro IPCA+ com Juros Semestrais;15/05/2055;14/02/2025;7,69;7,66;450,01;450,91;450,46
Tesouro Selic;01/03/2029;14/02/2025;0,06;0,03;14878,48;14908,30;14893,39
Tesouro Prefixado;01/01/2027;17/02/2025;13,63;13,60;786,33;787,91;787,12
Tesouro Prefixado;01/01/2029;17/02/2025;13,43;13,40;613,31;614,54;613,92
Tesouro Prefixado;01/01/2031;17/02/2025;13,32;13,29;479,78;480,75;480,26
Tesouro Prefixado com Juros Semestrais;01/01/2033;17/02/2025;13,27;13,24;375,05;375,80;375,43
Tesouro Prefixado com Juros Semestrais;01/01/2035;17/02/2025;13,20;13,17;294,40;294,99;294,69
Tesouro Prefixado com Juros Semestrais;01/01/2037;17/02/2025;13,13;13,10;231,45;231,92;231,69
Tesouro IPCA+;15/05/2029;17/02/2025;7,38;7,35;3103,56;3109,77;3106,66
Tesouro IPCA+;15/05/2035;17/02/2025;7,49;7,46;2007,68;2011,71;2009,70
Tesouro IPCA+;15/05/2045;17/02/2025;7,56;7,53;965,11;967,04;966,08
Tesouro IPCA+ com Juros Semestrais;15/08/2032;17/02/2025;7,48;7,45;2447,37;2452,27;2449,82
Tesouro IPCA+ com Juros Semestrais;15/08/2040;17/02/2025;7,53;7,50;1367,46;1370,20;1368,83
Tesouro IPCA+ com Juros Semestrais;15/05/2055;17/02/2025;7,68;7,65;451,84;452,74;452,29
Tesouro Selic;01/03/2029;17/02/2025;0,06;0,03;14881,58;14911,40;14896,49
Tesouro Prefixado;01/01/2027;18/02/2025;13,58;13,55;787,23;788,80;788,02
Tesouro Prefixado;01/01/2029;18/02/2025;13,43;13,40;613,64;614,87;614,26
Tesouro Prefixado;01/01/2031;18/02/2025;13,34;13,31;479,53;480,49;480,01
Tesouro Prefixado com Juros Semestrais;01/01/2033;18/02/2025;13,23;13,20;376,28;377,03;376,65
Tesouro Prefixado com Juros Semestrais;01/01/2035;18/02/2025;13,21;13,18;294,28;294,87;294,57
Tesouro Prefixado com Juros Semestrais;01/01/2037;18/02/2025;13,14;13,11;231,28;231,74;231,51
Tesouro IPCA+;15/05/2029;18/02/2025;7,33;7,30;3109,74;3115,97;3112,86
Tesouro IPCA+;15/05/2035;18/02/2025;7,49;7,46;2007,50;2011,52;2009,51
Tesouro IPCA+;15/05/2045;18/02/2025;7,55;7,52;966,43;968,37;967,40
Tesouro IPCA+ com Juros Semestrais;15/08/2032;18/02/2025;7,45;7,42;2451,94;2456,86;2454,40
Tesouro IPCA+ com Juros Semestrais;15/08/2040;18/02/2025;7,50;7,47;1373,10;1375,85;1374,48
Tesouro IPCA+ com Juros Semestrais;15/05/2055;18/02/2025;7,62;7,59;459,50;460,42;459,96
Tesouro Selic;01/03/2029;18/02/2025;0,06;0,03;14884,67;14914,50;14899,59
Tesouro Prefixado;01/01/2027;19/02/2025;13,64;13,61;786,71;788,29;787,50
Tesouro Prefixado;01/01/2029;19/02/2025;13,48;13,45;612,71;613,93;613,32
Tesouro Prefixado;01/01/2031;19/02/2025;13,37;13,34;478,89;479,85;479,37
Tesouro Prefixado com Juros Semestrais;01/01/2033;19/02/2025;13,32;13,29;374,01;374,76;374,38
Tesouro Prefixado com Juros Semestrais;01/01/2035;19/02/2025;13,26;13,23;292,99;293,58;293,28
Tesouro Prefixado com Juros Semestrais;01/01/2037;19/02/2025;13,22;13,19;229,35;229,81;229,58
Tesouro IPCA+;15/05/2029;19/02/2025;7,31;7,28;3112,76;3118,99;3115,87
Tesouro IPCA+;15/05/2035;19/02/2025;7,47;7,44;2010,73;2014,76;2012,75
Tesouro IPCA+;15/05/2045;19/02/2025;7,56;7,53;964,46;966,39;965,43
Tesouro IPCA+ com Juros Semestrais;15/08/2032;19/02/2025;7,40;7,37;2460,93;2465,86;2463,39
Tesouro IPCA+ com Juros Semestrais;15/08/2040;19/02/2025;7,53;7,50;1367,89;1370,63;1369,26
Tesouro IPCA+ com Juros Semestrais;15/05/2055;19/02/2025;7,57;7,54;465,36;466,29;465,83
Tesouro Selic;01/03/2029;19/02/2025;0,06;0,03;14887,76;14917,60;14902,68
Tesouro Prefixado;01/01/2027;20/02/2025;13,63;13,60;787,14;788,72;787,93
Tesouro Prefixado;01/01/2029;20/02/2025;13,43;13,40;614,00;615,23;614,62
Tesouro Prefixado;01/01/2031;20/02/2025;13,35;13,32;479,43;480,39;479,91
Tesouro Prefixado com Juros Semestrais;01/01/2033;20/02/2025;13,27;13,24;375,40;376,15;375,78
Tesouro Prefixado com Juros Semestrais;01/01/2035;20/02/2025;13,25;13,22;293,41;293,99;293,70
Tesouro Prefixado com Juros Semestrais;01/01/2037;20/02/2025;13,22;13,19;229,44;229,90;229,67
Tesouro IPCA+;15/05/2029;20/02/2025;7,34;7,31;3110,62;3116,85;3113,73
Tesouro IPCA+;15/05/2035;20/02/2025;7,49;7,46;2008,54;2012,57;2010,55
Tesouro IPCA+;15/05/2045;20/02/2025;7,55;7,52;966,53;968,47;967,50
Tesouro IPCA+ com Juros Semestrais;15/08/2032;20/02/2025;7,39;7,36;2463,44;2468,38;2465,91
Tesouro IPCA+ com Juros Semestrais;15/08/2040;20/02/2025;7,47;7,44;1380,59;1383,36;1381,98
Tesouro IPCA+ com Juros Semestrais;15/05/2055;20/02/2025;7,65;7,62;454,72;455,63;455,17
Tesouro Selic;01/03/2029;20/02/2025;0,07;0,04;14890,86;14920,70;14905,78
Tesouro Prefixado;01/01/2027;21/02/2025;13,54;13,51;788,57;790,15;789,36
Tesouro Prefixado;01/01/2029;21/02/2025;13,38;13,35;615,24;616,48;615,86
Tesouro Prefixado;01/01/2031;21/02/2025;13,32;13,29;480,53;481,49;481,01
Tesouro Prefixado com Juros Semestrais;01/01/2033;21/02/2025;13,23;13,20;376,52;377,27;376,89
Tesouro Prefixado com Juros Semestrais;01/01/2035;21/02/2025;13,21;13,18;294,51;295,10;294,80
Tesouro Prefixado com Juros Semestrais;01/01/2037;21/02/2025;13,14;13,11;231,62;232,09;231,85
Tesouro IPCA+;15/05/2029;21/02/2025;7,29;7,26;3117,17;3123,42;3120,29
Tesouro IPCA+;15/05/2035;21/02/2025;7,45;7,42;2016,99;2021,03;2019,01
Tesouro IPCA+;15/05/2045;21/02/2025;7,60;7,57;958,34;960,26;959,30
Tesouro IPCA+ com Juros Semestrais;15/08/2032;21/02/2025;7,44;7,41;2456,44;2461,36;2458,90
Tesouro IPCA+ com Juros Semestrais;15/08/2040;21/02/2025;7,52;7,49;1369,56;1372,30;1370,93
Tesouro IPCA+ com Juros Semestrais;15/05/2055;21/02/2025;7,59;7,56;463,09;464,02;463,56
Tesouro Selic;01/03/2029;21/02/2025;0,05;0,02;14893,95;14923,80;14908,88
Tesouro Prefixado;01/01/2027;24/02/2025;13,50;13,47;789,91;791,49;790,70
Tesouro Prefixado;01/01/2029;24/02/2025;13,32;13,29;617,16;618,40;617,78
Tesouro Prefixado;01/01/2031;24/02/2025;13,25;13,22;482,67;483,63;483,15
Tesouro Prefixado com Juros Semestrais;01/01/2033;24/02/2025;13,18;13,15;378,31;379,06;378,69
Tesouro Prefixado com Juros Semestrais;01/01/2035;24/02/2025;13,11;13,08;297,36;297,96;297,66
Tesouro Prefixado com Juros Semestrais;01/01/2037;24/02/2025;13,06;13,03;233,61;234,08;233,84
Tesouro IPCA+;15/05/2029;24/02/2025;7,36;7,33;3109,50;3115,73;3112,61
Tesouro IPCA+;15/05/2035;24/02/2025;7,50;7,47;2007,03;2011,05;2009,04
Tesouro IPCA+;15/05/2045;24/02/2025;7,58;7,55;961,54;963,47;962,50
Tesouro IPCA+ com Juros Semestrais;15/08/2032;24/02/2025;7,42;7,39;2460,41;2465,34;2462,88
Tesouro IPCA+ com Juros Semestrais;15/08/2040;24/02/2025;7,56;7,53;1362,58;1365,31;1363,95
Tesouro IPCA+ com Juros Semestrais;15/05/2055;24/02/2025;7,64;7,61;456,80;457,71;457,25
Tesouro Selic;01/03/2029;24/02/2025;0,06;0,03;14897,05;14926,90;14911,97
Tesouro Prefixado;01/01/2027;25/02/2025;13,50;13,47;790,11;791,69;790,90
Tesouro Prefixado;01/01/2029;25/02/2025;13,31;13,28;617,65;618,89;618,27
Tesouro Prefixado;01/01/2031;25/02/2025;13,21;13,18;483,84;484,81;484,32
Tesouro Prefixado com Juros Semestrais;01/01/2033;25/02/2025;13,14;13,11;379,50;380,26;379,88
Tesouro Prefixado com Juros Semestrais;01/01/2035;25/02/2025;13,05;13,02;299,10;299,70;299,40
Tesouro Prefixado com Juros Semestrais;01/01/2037;25/02/2025;13,04;13,01;234,33;234,80;234,57
Tesouro IPCA+;15/05/2029;25/02/2025;7,33;7,30;3114,90;3121,15;3118,02
Tesouro IPCA+;15/05/2035;25/02/2025;7,43;7,40;2020,81;2024,86;2022,84
Tesouro IPCA+;15/05/2045;25/02/2025;7,53;7,50;971,02;972,97;971,99
Tesouro IPCA+ com Juros Semestrais;15/08/2032;25/02/2025;7,39;7,36;2466,92;2471,86;2469,39
Tesouro IPCA+ com Juros Semestrais;15/08/2040;25/02/2025;7,51;7,48;1372,58;1375,34;1373,96
Tesouro IPCA+ com Juros Semestrais;15/05/2055;25/02/2025;7,56;7,53;466,90;467,84;467,37
Tesouro Selic;01/03/2029;25/02/2025;0,06;0,03;14900,14;14930,00;14915,07
Tesouro Prefixado;01/01/2027;26/02/2025;13,45;13,42;791,04;792,62;791,83
Tesouro Prefixado;01/01/2029;26/02/2025;13,29;13,26;618,22;619,46;618,84
Tesouro Prefixado;01/01/2031;26/02/2025;13,16;13,13;485,12;486,10;485,61
Tesouro Prefixado com Juros Semestrais;01/01/2033;26/02/2025;13,10;13,07;380,58;381,34;380,96
Tesouro Prefixado com Juros Semestrais;01/01/2035;26/02/2025;13,00;12,97;300,29;300,89;300,59
Tesouro Prefixado com Juros Semestrais;01/01/2037;26/02/2025;12,92;12,89;237,30;237,78;237,54
Tesouro IPCA+;15/05/2029;26/02/2025;7,26;7,23;3123,77;3130,03;3126,90
Tesouro IPCA+;15/05/2035;26/02/2025;7,41;7,38;2025,97;2030,03;2028,00
Tesouro IPCA+;15/05/2045;26/02/2025;7,49;7,46;979,26;981,22;980,24
Tesouro IPCA+ com Juros Semestrais;15/08/2032;26/02/2025;7,37;7,34;2469,36;2474,31;2471,84
Tesouro IPCA+ com Juros Semestrais;15/08/2040;26/02/2025;7,50;7,47;1375,98;1378,74;1377,36
Tesouro IPCA+ com Juros Semestrais;15/05/2055;26/02/2025;7,57;7,54;466,70;467,63;467,16
Tesouro Selic;01/03/2029;26/02/2025;0,06;0,03;14903,23;14933,10;14918,17
Tesouro Prefixado;01/01/2027;27/02/2025;13,46;13,43;791,23;792,81;792,02
Tesouro Prefixado;01/01/2029;27/02/2025;13,24;13,21;619,37;620,61;619,99
Tesouro Prefixado;01/01/2031;27/02/2025;13,09;13,06;487,13;488,11;487,62
Tesouro Prefixado com Juros Semestrais;01/01/2033;27/02/2025;13,03;13,00;382,71;383,48;383,09
Tesouro Prefixado com Juros Semestrais;01/01/2035;27/02/2025;12,98;12,95;300,95;301,55;301,25
Tesouro Prefixado com Juros Semestrais;01/01/2037;27/02/2025;12,88;12,85;238,46;238,94;238,70
Tesouro IPCA+;15/05/2029;27/02/2025;7,32;7,29;3116,32;3122,57;3119,44
Tesouro IPCA+;15/05/2035;27/02/2025;7,36;7,33;2034,99;2039,07;2037,03
Tesouro IPCA+;15/05/2045;27/02/2025;7,50;7,47;978,19;980,15;979,17
Tesouro IPCA+ com Juros Semestrais;15/08/2032;27/02/2025;7,33;7,30;2477,21;2482,18;2479,70
Tesouro IPCA+ com Juros Semestrais;15/08/2040;27/02/2025;7,46;7,43;1384,19;1386,96;1385,57
Tesouro IPCA+ com Juros Semestrais;15/05/2055;27/02/2025;7,51;7,48;473,59;474,54;474,07
Tesouro Selic;01/03/2029;27/02/2025;0,06;0,03;14906,33;14936,20;14921,26
Tesouro Prefixado;01/01/2027;28/02/2025;13,52;13,49;790,75;792,34;791,55
Tesouro Prefixado;01/01/2029;28/02/2025;13,30;13,27;618,31;619,55;618,93
Tesouro Prefixado;01/01/2031;28/02/2025;13,20;13,17;484,53;485,50;485,02
Tesouro Prefixado com Juros Semestrais;01/01/2033;28/02/2025;13,12;13,09;380,46;381,23;380,84
Tesouro Prefixado com Juros Semestrais;01/01/2035;28/02/2025;13,06;13,03;299,12;299,72;299,42
Tesouro Prefixado com Juros Semestrais;01/01/2037;28/02/2025;12,99;12,96;235,64;236,11;235,88
Tesouro IPCA+;15/05/2029;28/02/2025;7,22;7,19;3129,12;3135,39;3132,26
Tesouro IPCA+;15/05/2035;28/02/2025;7,36;7,33;2035,66;2039,74;2037,70
Tesouro IPCA+;15/05/2045;28/02/2025;7,45;7,42;987,55;989,53;988,54
Tesouro IPCA+ com Juros Semestrais;15/08/2032;28/02/2025;7,30;7,27;2482,65;2487,63;2485,14
Tesouro IPCA+ com Juros Semestrais;15/08/2040;28/02/2025;7,45;7,42;1386,43;1389,21;1387,82
Tesouro IPCA+ com Juros Semestrais;15/05/2055;28/02/2025;7,52;7,49;473,13;474,07;473,60
Tesouro Selic;01/03/2029;28/02/2025;0,06;0,03;14909,42;14939,30;14924,36
Tesouro Prefixado;01/01/2027;03/03/2025;13,48;13,45;792,01;793,60;792,80
Tesouro Prefixado;01/01/2029;03/03/2025;13,28;13,25;619,44;620,69;620,06
Tesouro Prefixado;01/01/2031;03/03/2025;13,13;13,10;486,68;487,66;487,17
Tesouro Prefixado com Juros Semestrais;01/01/2033;03/03/2025;13,08;13,05;381,80;382,57;382,18
Tesouro Prefixado com Juros Semestrais;01/01/2035;03/03/2025;13,03;13,00;300,03;300,63;300,33
Tesouro Prefixado com Juros Semestrais;01/01/2037;03/03/2025;12,96;12,93;236,81;237,29;237,05
Tesouro IPCA+;15/05/2029;03/03/2025;7,18;7,15;3136,57;3142,86;3139,72
Tesouro IPCA+;15/05/2035;03/03/2025;7,35;7,32;2039,95;2044,04;2041,99
Tesouro IPCA+;15/05/2045;03/03/2025;7,45;7,42;987,59;989,56;988,58
Tesouro IPCA+ com Juros Semestrais;15/08/2032;03/03/2025;7,30;7,27;2485,08;2490,06;2487,57
Tesouro IPCA+ com Juros Semestrais;15/08/2040;03/03/2025;7,40;7,37;1396,97;1399,76;1398,36
Tesouro IPCA+ com Juros Semestrais;15/05/2055;03/03/2025;7,48;7,45;479,07;480,03;479,55
Tesouro Selic;01/03/2029;03/03/2025;0,06;0,03;14912,52;14942,40;14927,46
Tesouro Prefixado;01/01/2027;04/03/2025;13,45;13,42;792,70;794,29;793,50
Tesouro Prefixado;01/01/2029;04/03/2025;13,23;13,20;620,75;621,99;621,37
Tesouro Prefixado;01/01/2031;04/03/2025;13,13;13,10;487,04;488,02;487,53
Tesouro Prefixado com Juros Semestrais;01/01/2033;04/03/2025;13,07;13,04;382,17;382,94;382,56
Tesouro Prefixado com Juros Semestrais;01/01/2035;04/03/2025;12,98;12,95;301,55;302,16;301,86
Tesouro Prefixado com Juros Semestrais;01/01/2037;04/03/2025;12,94;12,91;237,28;237,76;237,52
Tesouro IPCA+;15/05/2029;04/03/2025;7,20;7,17;3134,15;3140,43;3137,29
Tesouro IPCA+;15/05/2035;04/03/2025;7,30;7,27;2049,68;2053,79;2051,73
Tesouro IPCA+;15/05/2045;04/03/2025;7,38;7,35;1000,09;1002,09;1001,09
Tesouro IPCA+ com Juros Semestrais;15/08/2032;04/03/2025;7,27;7,24;2490,12;2495,11;2492,62
Tesouro IPCA+ com Juros Semestrais;15/08/2040;04/03/2025;7,36;7,33;1404,54;1407,35;1405,94
Tesouro IPCA+ com Juros Semestrais;15/05/2055;04/03/2025;7,52;7,49;473,71;474,66;474,18
Tesouro Selic;01/03/2029;04/03/2025;0,06;0,03;14915,61;14945,50;14930,55
Tesouro Prefixado;01/01/2027;05/03/2025;13,49;13,46;792,42;794,01;793,22
Tesouro Prefixado;01/01/2029;05/03/2025;13,24;13,21;620,62;621,86;621,24
Tesouro Prefixado;01/01/2031;05/03/2025;13,18;13,15;485,98;486,95;486,47
Tesouro Prefixado com Juros Semestrais;01/01/2033;05/03/2025;13,08;13,05;382,13;382,90;382,52
Tesouro Prefixado com Juros Semestrais;01/01/2035;05/03/2025;13,00;12,97;301,16;301,76;301,46
Tesouro Prefixado com Juros Semestrais;01/01/2037;05/03/2025;12,98;12,95;236,43;236,90;236,66
Tesouro IPCA+;15/05/2029;05/03/2025;7,21;7,18;3134,12;3140,40;3137,26
Tesouro IPCA+;15/05/2035;05/03/2025;7,34;7,31;2042,85;2046,94;2044,90
Tesouro IPCA+;15/05/2045;05/03/2025;7,47;7,44;984,24;986,21;985,23
Tesouro IPCA+ com Juros Semestrais;15/08/2032;05/03/2025;7,28;7,25;2489,12;2494,10;2491,61
Tesouro IPCA+ com Juros Semestrais;15/08/2040;05/03/2025;7,41;7,38;1394,52;1397,32;1395,92
Tesouro IPCA+ com Juros Semestrais;15/05/2055;05/03/2025;7,47;7,44;479,53;480,49;480,01
Tesouro Selic;01/03/2029;05/03/2025;0,07;0,04;14918,70;14948,60;14933,65
Tesouro Prefixado;01/01/2027;06/03/2025;13,47;13,44;792,93;794,52;793,72
Tesouro Prefixado;01/01/2029;06/03/2025;13,24;13,21;620,89;622,13;621,51
Tesouro Prefixado;01/01/2031;06/03/2025;13,13;13,10;487,22;488,20;487,71
Tesouro Prefixado com Juros Semestrais;01/01/2033;06/03/2025;13,04;13,01;383,14;383,91;383,52
Tesouro Prefixado com Juros Semestrais;01/01/2035;06/03/2025;12,99;12,96;301,47;302,08;301,78
Tesouro Prefixado com Juros Semestrais;01/01/2037;06/03/2025;12,92;12,89;238,05;238,53;238,29
Tesouro IPCA+;15/05/2029;06/03/2025;7,17;7,14;3138,88;3145,17;3142,03
Tesouro IPCA+;15/05/2035;06/03/2025;7,36;7,33;2039,43;2043,52;2041,47
Tesouro IPCA+;15/05/2045;06/03/2025;7,41;7,38;994,88;996,87;995,88
Tesouro IPCA+ com Juros Semestrais;15/08/2032;06/03/2025;7,25;7,22;2494,51;2499,51;2497,01
Tesouro IPCA+ com Juros Semestrais;15/08/2040;06/03/2025;7,38;7,35;1401,75;1404,56;1403,16
Tesouro IPCA+ com Juros Semestrais;15/05/2055;06/03/2025;7,45;7,42;482,46;483,43;482,95
Tesouro Selic;01/03/2029;06/03/2025;0,06;0,03;14921,80;14951,70;14936,75
Tesouro Prefixado;01/01/2027;07/03/2025;13,44;13,41;793,59;795,18;794,39
Tesouro Prefixado;01/01/2029;07/03/2025;13,22;13,19;621,64;622,89;622,27
Tesouro Prefixado;01/01/2031;07/03/2025;13,08;13,05;488,73;489,71;489,22
Tesouro Prefixado com Juros Semestrais;01/01/2033;07/03/2025;12,97;12,94;385,16;385,93;385,54
Tesouro Prefixado com Juros Semestrais;01/01/2035;07/03/2025;12,93;12,90;303,26;303,87;303,56
Tesouro Prefixado com Juros Semestrais;01/01/2037;07/03/2025;12,87;12,84;239,40;239,88;239,64
Tesouro IPCA+;15/05/2029;07/03/2025;7,21;7,18;3135,31;3141,60;3138,45
Tesouro IPCA+;15/05/2035;07/03/2025;7,35;7,32;2041,83;2045,92;2043,87
Tesouro IPCA+;15/05/2045;07/03/2025;7,45;7,42;988,59;990,58;989,58
Tesouro IPCA+ com Juros Semestrais;15/08/2032;07/03/2025;7,34;7,31;2479,19;2484,16;2481,67
Tesouro IPCA+ com Juros Semestrais;15/08/2040;07/03/2025;7,39;7,36;1400,14;1402,94;1401,54
Tesouro IPCA+ com Juros Semestrais;15/05/2055;07/03/2025;7,48;7,45;478,53;479,49;479,01
Tesouro Selic;01/03/2029;07/03/2025;0,06;0,03;14924,89;14954,80;14939,85
Tesouro Prefixado;01/01/2027;10/03/2025;13,52;13,49;793,49;795,08;794,29
Tesouro Prefixado;01/01/2029;10/03/2025;13,29;13,26;620,61;621,86;621,24
Tesouro Prefixado;01/01/2031;10/03/2025;13,16;13,13;487,10;488,08;487,59
Tesouro Prefixado com Juros Semestrais;01/01/2033;10/03/2025;13,09;13,06;382,39;383,16;382,77
Tesouro Prefixado com Juros Semestrais;01/01/2035;10/03/2025;13,01;12,98;301,24;301,84;301,54
Tesouro Prefixado com Juros Semestrais;01/01/2037;10/03/2025;12,95;12,92;237,40;237,88;237,64
Tesouro IPCA+;15/05/2029;10/03/2025;7,21;7,18;3136,78;3143,07;3139,92
Tesouro IPCA+;15/05/2035;10/03/2025;7,29;7,26;2053,69;2057,81;2055,75
Tesouro IPCA+;15/05/2045;10/03/2025;7,38;7,35;1000,89;1002,89;1001,89
Tesouro IPCA+ com Juros Semestrais;15/08/2032;10/03/2025;7,26;7,23;2495,14;2500,14;2497,64
Tesouro IPCA+ com Juros Semestrais;15/08/2040;10/03/2025;7,37;7,34;1405,52;1408,34;1406,93
Tesouro IPCA+ com Juros Semestrais;15/05/2055;10/03/2025;7,47;7,44;481,06;482,02;481,54
Tesouro Selic;01/03/2029;10/03/2025;0,06;0,03;14927,98;14957,90;14942,94
Tesouro Prefixado;01/01/2027;11/03/2025;13,46;13,43;794,50;796,09;795,30
Tesouro Prefixado;01/01/2029;11/03/2025;13,28;13,25;621,11;622,36;621,74
Tesouro Prefixado;01/01/2031;11/03/2025;13,11;13,08;488,69;489,67;489,18
Tesouro Prefixado com Juros Semestrais;01/01/2033;11/03/2025;13,02;12,99;384,41;385,18;384,80
Tesouro Prefixado com Juros Semestrais;01/01/2035;11/03/2025;13,01;12,98;301,42;302,03;301,72
Tesouro Prefixado com Juros Semestrais;01/01/2037;11/03/2025;12,88;12,85;239,36;239,84;239,60
Tesouro IPCA+;15/05/2029;11/03/2025;7,13;7,10;3146,96;3153,27;3150,12
Tesouro IPCA+;15/05/2035;11/03/2025;7,27;7,24;2057,40;2061,52;2059,46
Tesouro IPCA+;15/05/2045;11/03/2025;7,41;7,38;995,46;997,45;996,45
Tesouro IPCA+ com Juros Semestrais;15/08/2032;11/03/2025;7,25;7,22;2497,55;2502,56;2500,05
Tesouro IPCA+ com Juros Semestrais;15/08/2040;11/03/2025;7,36;7,33;1406,52;1409,34;1407,93
Tesouro IPCA+ com Juros Semestrais;15/05/2055;11/03/2025;7,44;7,41;485,15;486,12;485,64
Tesouro Selic;01/03/2029;11/03/2025;0,06;0,03;14931,08;14961,00;14946,04
Tesouro Prefixado;01/01/2027;12/03/2025;13,57;13,54;793,31;794,90;794,11
Tesouro Prefixado;01/01/2029;12/03/2025;13,35;13,32;619,91;621,15;620,53
Tesouro Prefixado;01/01/2031;12/03/2025;13,20;13,17;486,64;487,61;487,12
Tesouro Prefixado com Juros Semestrais;01/01/2033;12/03/2025;13,15;13,12;381,02;381,79;381,41
Tesouro Prefixado com Juros Semestrais;01/01/2035;12/03/2025;13,09;13,06;299,41;300,01;299,71
Tesouro Prefixado com Juros Semestrais;01/01/2037;12/03/2025;13,01;12,98;236,16;236,63;236,39
Tesouro IPCA+;15/05/2029;12/03/2025;7,12;7,09;3148,79;3155,10;3151,94
Tesouro IPCA+;15/05/2035;12/03/2025;7,29;7,26;2054,36;2058,48;2056,42
Tesouro IPCA+;15/05/2045;12/03/2025;7,38;7,35;1002,84;1004,85;1003,85
Tesouro IPCA+ com Juros Semestrais;15/08/2032;12/03/2025;7,20;7,17;2505,78;2510,80;2508,29
Tesouro IPCA+ com Juros Semestrais;15/08/2040;12/03/2025;7,34;7,31;1411,25;1414,08;1412,67
Tesouro IPCA+ com Juros Semestrais;15/05/2055;12/03/2025;7,41;7,38;488,96;489,94;489,45
Tesouro Selic;01/03/2029;12/03/2025;0,06;0,03;14934,17;14964,10;14949,14
Tesouro Prefixado;01/01/2027;13/03/2025;13,50;13,47;794,48;796,07;795,27
Tesouro Prefixado;01/01/2029;13/03/2025;13,30;13,27;621,09;622,33;621,71
Tesouro Prefixado;01/01/2031;13/03/2025;13,14;13,11;488,20;489,18;488,69
Tesouro Prefixado com Juros Semestrais;01/01/2033;13/03/2025;13,08;13,05;383,02;383,78;383,40
Tesouro Prefixado com Juros Semestrais;01/01/2035;13/03/2025;13,05;13,02;300,59;301,19;300,89
Tesouro Prefixado com Juros Semestrais;01/01/2037;13/03/2025;12,96;12,93;237,53;238,01;237,77
Tesouro IPCA+;15/05/2029;13/03/2025;7,12;7,09;3149,61;3155,92;3152,77
Tesouro IPCA+;15/05/2035;13/03/2025;7,27;7,24;2058,15;2062,27;2060,21
Tesouro IPCA+;15/05/2045;13/03/2025;7,39;7,36;1000,58;1002,58;1001,58
Tesouro IPCA+ com Juros Semestrais;15/08/2032;13/03/2025;7,23;7,20;2501,94;2506,95;2504,44
Tesouro IPCA+ com Juros Semestrais;15/08/2040;13/03/2025;7,32;7,29;1416,06;1418,90;1417,48
Tesouro IPCA+ com Juros Semestrais;15/05/2055;13/03/2025;7,42;7,39;488,37;489,35;488,86
Tesouro Selic;01/03/2029;13/03/2025;0,06;0,03;14937,27;14967,20;14952,23
Tesouro Prefixado;01/01/2027;14/03/2025;13,47;13,44;795,13;796,72;795,92
Tesouro Prefixado;01/01/2029;14/03/2025;13,26;13,23;622,25;623,50;622,88
Tesouro Prefixado;01/01/2031;14/03/2025;13,20;13,17;486,83;487,81;487,32
Tesouro Prefixado com Juros Semestrais;01/01/2033;14/03/2025;13,11;13,08;382,32;383,09;382,71
Tesouro Prefixado com Juros Semestrais;01/01/2035;14/03/2025;13,07;13,04;300,08;300,68;300,38
Tesouro Prefixado com Juros Semestrais;01/01/2037;14/03/2025;12,97;12,94;237,42;237,90;237,66
Tesouro IPCA+;15/05/2029;14/03/2025;7,15;7,12;3145,90;3152,20;3149,05
Tesouro IPCA+;15/05/2035;14/03/2025;7,25;7,22;2063,26;2067,40;2065,33
Tesouro IPCA+;15/05/2045;14/03/2025;7,40;7,37;998,23;1000,23;999,23
Tesouro IPCA+ com Juros Semestrais;15/08/2032;14/03/2025;7,27;7,24;2494,23;2499,23;2496,73
Tesouro IPCA+ com Juros Semestrais;15/08/2040;14/03/2025;7,38;7,35;1403,96;1406,77;1405,36
Tesouro IPCA+ com Juros Semestrais;15/05/2055;14/03/2025;7,43;7,40;485,88;486,85;486,37
Tesouro Selic;01/03/2029;14/03/2025;0,06;0,03;14940,36;14970,30;14955,33
Tesouro Prefixado;01/01/2027;17/03/2025;13,56;13,53;794,92;796,51;795,72
Tesouro Prefixado;01/01/2029;17/03/2025;13,36;13,33;620,65;621,89;621,27
Tesouro Prefixado;01/01/2031;17/03/2025;13,23;13,20;486,63;487,60;487,11
Tesouro Prefixado com Juros Semestrais;01/01/2033;17/03/2025;13,13;13,10;382,24;383,00;382,62
Tesouro Prefixado com Juros Semestrais;01/01/2035;17/03/2025;13,04;13,01;301,14;301,75;301,44
Tesouro Prefixado com Juros Semestrais;01/01/2037;17/03/2025;13,02;12,99;236,41;236,88;236,64
Tesouro IPCA+;15/05/2029;17/03/2025;7,20;7,17;3142,14;3148,44;3145,29
Tesouro IPCA+;15/05/2035;17/03/2025;7,34;7,31;2046,70;2050,81;2048,76
Tesouro IPCA+;15/05/2045;17/03/2025;7,44;7,41;992,73;994,72;993,72
Tesouro IPCA+ com Juros Semestrais;15/08/2032;17/03/2025;7,32;7,29;2488,26;2493,24;2490,75
Tesouro IPCA+ com Juros Semestrais;15/08/2040;17/03/2025;7,36;7,33;1409,75;1412,58;1411,16
Tesouro IPCA+ com Juros Semestrais;15/05/2055;17/03/2025;7,50;7,47;476,66;477,62;477,14
Tesouro Selic;01/03/2029;17/03/2025;0,05;0,02;14943,45;14973,40;14958,43
Tesouro Prefixado;01/01/2027;18/03/2025;13,52;13,49;795,70;797,29;796,50
Tesouro Prefixado;01/01/2029;18/03/2025;13,29;13,26;622,45;623,69;623,07
Tesouro Prefixado;01/01/2031;18/03/2025;13,17;13,14;488,28;489,25;488,76
Tesouro Prefixado com Juros Semestrais;01/01/2033;18/03/2025;13,06;13,03;384,23;385,00;384,62
Tesouro Prefixado com Juros Semestrais;01/01/2035;18/03/2025;13,04;13,01;301,37;301,97;301,67
Tesouro Prefixado com Juros Semestrais;01/01/2037;18/03/2025;12,97;12,94;237,65;238,13;237,89
Tesouro IPCA+;15/05/2029;18/03/2025;7,19;7,16;3143,86;3150,16;3147,01
Tesouro IPCA+;15/05/2035;18/03/2025;7,34;7,31;2046,67;2050,77;2048,72
Tesouro IPCA+;15/05/2045;18/03/2025;7,42;7,39;994,97;996,96;995,97
Tesouro IPCA+ com Juros Semestrais;15/08/2032;18/03/2025;7,32;7,29;2489,10;2494,09;2491,60
Tesouro IPCA+ com Juros Semestrais;15/08/2040;18/03/2025;7,42;7,39;1397,93;1400,73;1399,33
Tesouro IPCA+ com Juros Semestrais;15/05/2055;18/03/2025;7,54;7,51;472,28;473,23;472,75
Tesouro Selic;01/03/2029;18/03/2025;0,06;0,03;14946,55;14976,50;14961,52
Tesouro Prefixado;01/01/2027;19/03/2025;13,51;13,48;796,07;797,67;796,87
Tesouro Prefixado;01/01/2029;19/03/2025;13,28;13,25;622,88;624,13;623,50
Tesouro Prefixado;01/01/2031;19/03/2025;13,17;13,14;488,54;489,52;489,03
Tesouro Prefixado com Juros Semestrais;01/01/2033;19/03/2025;13,11;13,08;383,14;383,91;383,52
Tesouro Prefixado com Juros Semestrais;01/01/2035;19/03/2025;13,04;13,01;301,33;301,94;301,64
Tesouro Prefixado com Juros Semestrais;01/01/2037;19/03/2025;12,99;12,96;237,15;237,62;237,39
Tesouro IPCA+;15/05/2029;19/03/2025;7,15;7,12;3149,36;3155,67;3152,52
Tesouro IPCA+;15/05/2035;19/03/2025;7,24;7,21;2066,90;2071,04;2068,97
Tesouro IPCA+;15/05/2045;19/03/2025;7,40;7,37;999,79;1001,79;1000,79
Tesouro IPCA+ com Juros Semestrais;15/08/2032;19/03/2025;7,22;7,19;2506,22;2511,25;2508,74
Tesouro IPCA+ com Juros Semestrais;15/08/2040;19/03/2025;7,33;7,30;1415,34;1418,17;1416,75
Tesouro IPCA+ com Juros Semestrais;15/05/2055;19/03/2025;7,41;7,38;490,24;491,22;490,73
Tesouro Selic;01/03/2029;19/03/2025;0,07;0,04;14949,64;14979,60;14964,62
Tesouro Prefixado;01/01/2027;20/03/2025;13,50;13,47;796,45;798,04;797,25
Tesouro Prefixado;01/01/2029;20/03/2025;13,22;13,19;624,39;625,64;625,02
Tesouro Prefixado;01/01/2031;20/03/2025;13,12;13,09;489,91;490,89;490,40
Tesouro Prefixado com Juros Semestrais;01/01/2033;20/03/2025;13,05;13,02;384,74;385,51;385,13
Tesouro Prefixado com Juros Semestrais;01/01/2035;20/03/2025;12,98;12,95;303,05;303,66;303,35
Tesouro Prefixado com Juros Semestrais;01/01/2037;20/03/2025;12,93;12,90;238,81;239,29;239,05
Tesouro IPCA+;15/05/2029;20/03/2025;7,13;7,10;3152,62;3158,94;3155,78
Tesouro IPCA+;15/05/2035;20/03/2025;7,31;7,28;2053,01;2057,13;2055,07
Tesouro IPCA+;15/05/2045;20/03/2025;7,42;7,39;996,66;998,66;997,66
Tesouro IPCA+ com Juros Semestrais;15/08/2032;20/03/2025;7,27;7,24;2497,24;2502,25;2499,75
Tesouro IPCA+ com Juros Semestrais;15/08/2040;20/03/2025;7,34;7,31;1414,16;1416,99;1415,57
Tesouro IPCA+ com Juros Semestrais;15/05/2055;20/03/2025;7,45;7,42;484,04;485,01;484,53
Tesouro Selic;01/03/2029;20/03/2025;0,06;0,03;14952,73;14982,70;14967,72
Tesouro Prefixado;01/01/2027;21/03/2025;13,56;13,53;795,92;797,52;796,72
Tesouro Prefixado;01/01/2029;21/03/2025;13,34;13,31;622,02;623,26;622,64
Tesouro Prefixado;01/01/2031;21/03/2025;13,21;13,18;487,65;488,63;488,14
Tesouro Prefixado com Juros Semestrais;01/01/2033;21/03/2025;13,13;13,10;382,79;383,56;383,18
Tesouro Prefixado com Juros Semestrais;01/01/2035;21/03/2025;13,08;13,05;300,72;301,32;301,02
Tesouro Prefixado com Juros Semestrais;01/01/2037;21/03/2025;13,04;13,01;236,24;236,71;236,47
Tesouro IPCA+;15/05/2029;21/03/2025;7,27;7,24;3135,92;3142,20;3139,06
Tesouro IPCA+;15/05/2035;21/03/2025;7,40;7,37;2035,85;2039,93;2037,89
Tesouro IPCA+;15/05/2045;21/03/2025;7,48;7,45;984,96;986,93;985,95
Tesouro IPCA+ com Juros Semestrais;15/08/2032;21/03/2025;7,35;7,32;2484,53;2489,51;2487,02
Tesouro IPCA+ com Juros Semestrais;15/08/2040;21/03/2025;7,42;7,39;1397,28;1400,08;1398,68
Tesouro IPCA+ com Juros Semestrais;15/05/2055;21/03/2025;7,56;7,53;469,61;470,55;470,08
Tesouro Selic;01/03/2029;21/03/2025;0,07;0,04;14955,83;14985,80;14970,81
Tesouro Prefixado;01/01/2027;24/03/2025;13,58;13,55;796,54;798,14;797,34
Tesouro Prefixado;01/01/2029;24/03/2025;13,37;13,34;621,93;623,17;622,55
Tesouro Prefixado;01/01/2031;24/03/2025;13,24;13,21;487,40;488,38;487,89
Tesouro Prefixado com Juros Semestrais;01/01/2033;24/03/2025;13,21;13,18;381,15;381,91;381,53
Tesouro Prefixado com Juros Semestrais;01/01/2035;24/03/2025;13,13;13,10;299,74;300,35;300,05
Tesouro Prefixado com Juros Semestrais;01/01/2037;24/03/2025;13,06;13,03;235,88;236,35;236,11
Tesouro IPCA+;15/05/2029;24/03/2025;7,28;7,25;3136,12;3142,41;3139,26
Tesouro IPCA+;15/05/2035;24/03/2025;7,42;7,39;2034,50;2038,58;2036,54
Tesouro IPCA+;15/05/2045;24/03/2025;7,54;7,51;975,43;977,38;976,40
Tesouro IPCA+ com Juros Semestrais;15/08/2032;24/03/2025;7,42;7,39;2473,64;2478,60;2476,12
Tesouro IPCA+ com Juros Semestrais;15/08/2040;24/03/2025;7,49;7,46;1384,37;1387,14;1385,75
Tesouro IPCA+ com Juros Semestrais;15/05/2055;24/03/2025;7,57;7,54;468,29;469,22;468,75
Tesouro Selic;01/03/2029;24/03/2025;0,06;0,03;14958,92;14988,90;14973,91
Tesouro Prefixado;01/01/2027;25/03/2025;13,61;13,58;796,50;798,10;797,30
Tesouro Prefixado;01/01/2029;25/03/2025;13,44;13,41;620,85;622,10;621,47
Tesouro Prefixado;01/01/2031;25/03/2025;13,32;13,29;485,68;486,65;486,17
Tesouro Prefixado com Juros Semestrais;01/01/2033;25/03/2025;13,24;13,21;380,50;381,26;380,88
Tesouro Prefixado com Juros Semestrais;01/01/2035;25/03/2025;13,18;13,15;298,31;298,91;298,61
Tesouro Prefixado com Juros Semestrais;01/01/2037;25/03/2025;13,17;13,14;233,36;233,82;233,59
Tesouro IPCA+;15/05/2029;25/03/2025;7,30;7,27;3134,55;3140,84;3137,70
Tesouro IPCA+;15/05/2035;25/03/2025;7,46;7,43;2026,97;2031,03;2029,00
Tesouro IPCA+;15/05/2045;25/03/2025;7,59;7,56;965,88;967,82;966,85
Tesouro IPCA+ com Juros Semestrais;15/08/2032;25/03/2025;7,39;7,36;2480,24;2485,21;2482,72
Tesouro IPCA+ com Juros Semestrais;15/08/2040;25/03/2025;7,52;7,49;1378,71;1381,47;1380,09
Tesouro IPCA+ com Juros Semestrais;15/05/2055;25/03/2025;7,63;7,60;461,12;462,05;461,59
Tesouro Selic;01/03/2029;25/03/2025;0,07;0,04;14962,02;14992,00;14977,01
Tesouro Prefixado;01/01/2027;26/03/2025;13,58;13,55;797,06;798,66;797,86
Tesouro Prefixado;01/01/2029;26/03/2025;13,42;13,39;621,46;622,70;622,08
Tesouro Prefixado;01/01/2031;26/03/2025;13,29;13,26;486,67;487,65;487,16
Tesouro Prefixado com Juros Semestrais;01/01/2033;26/03/2025;13,20;13,17;381,50;382,27;381,88
Tesouro Prefixado com Juros Semestrais;01/01/2035;26/03/2025;13,18;13,15;298,66;299,26;298,96
Tesouro Prefixado com Juros Semestrais;01/01/2037;26/03/2025;13,15;13,12;233,97;234,44;234,21
Tesouro IPCA+;15/05/2029;26/03/2025;7,33;7,30;3131,77;3138,05;3134,91
Tesouro IPCA+;15/05/2035;26/03/2025;7,48;7,45;2024,36;2028,41;2026,38
Tesouro IPCA+;15/05/2045;26/03/2025;7,54;7,51;974,99;976,94;975,96
Tesouro IPCA+ com Juros Semestrais;15/08/2032;26/03/2025;7,39;7,36;2479,81;2484,78;2482,30
Tesouro IPCA+ com Juros Semestrais;15/08/2040;26/03/2025;7,51;7,48;1380,37;1383,14;1381,75
Tesouro IPCA+ com Juros Semestrais;15/05/2055;26/03/2025;7,62;7,59;461,91;462,83;462,37
Tesouro Selic;01/03/2029;26/03/2025;0,06;0,03;14965,11;14995,10;14980,10
Tesouro Prefixado;01/01/2027;27/03/2025;13,66;13,63;796,35;797,95;797,15
Tesouro Prefixado;01/01/2029;27/03/2025;13,43;13,40;621,41;622,66;622,04
Tesouro Prefixado;01/01/2031;27/03/2025;13,34;13,31;485,66;486,63;486,15
Tesouro Prefixado com Juros Semestrais;01/01/2033;27/03/2025;13,23;13,20;380,98;381,74;381,36
Tesouro Prefixado com Juros Semestrais;01/01/2035;27/03/2025;13,19;13,16;298,38;298,98;298,68
Tesouro Prefixado com Juros Semestrais;01/01/2037;27/03/2025;13,13;13,10;234,35;234,82;234,59
Tesouro IPCA+;15/05/2029;27/03/2025;7,29;7,26;3136,99;3143,28;3140,14
Tesouro IPCA+;15/05/2035;27/03/2025;7,41;7,38;2038,14;2042,22;2040,18
Tesouro IPCA+;15/05/2045;27/03/2025;7,52;7,49;979,95;981,92;980,94
Tesouro IPCA+ com Juros Semestrais;15/08/2032;27/03/2025;7,34;7,31;2488,43;2493,41;2490,92
Tesouro IPCA+ com Juros Semestrais;15/08/2040;27/03/2025;7,47;7,44;1389,60;1392,38;1390,99
Tesouro IPCA+ com Juros Semestrais;15/05/2055;27/03/2025;7,56;7,53;470,00;470,94;470,47
Tesouro Selic;01/03/2029;27/03/2025;0,06;0,03;14968,20;14998,20;14983,20
Tesouro Prefixado;01/01/2027;28/03/2025;13,71;13,68;796,02;797,62;796,82
Tesouro Prefixado;01/01/2029;28/03/2025;13,48;13,45;620,64;621,88;621,26
Tesouro Prefixado;01/01/2031;28/03/2025;13,35;13,32;485,51;486,49;486,00
Tesouro Prefixado com Juros Semestrais;01/01/2033;28/03/2025;13,31;13,28;378,95;379,71;379,33
Tesouro Prefixado com Juros Semestrais;01/01/2035;28/03/2025;13,22;13,19;297,60;298,20;297,90
Tesouro Prefixado com Juros Semestrais;01/01/2037;28/03/2025;13,18;13,15;233,24;233,71;233,47
Tesouro IPCA+;15/05/2029;28/03/2025;7,33;7,30;3133,42;3139,70;3136,56
Tesouro IPCA+;15/05/2035;28/03/2025;7,44;7,41;2031,15;2035,22;2033,18
Tesouro IPCA+;15/05/2045;28/03/2025;7,58;7,55;969,22;971,16;970,19
Tesouro IPCA+ com Juros Semestrais;15/08/2032;28/03/2025;7,42;7,39;2476,53;2481,49;2479,01
Tesouro IPCA+ com Juros Semestrais;15/08/2040;28/03/2025;7,52;7,49;1380,64;1383,40;1382,02
Tesouro IPCA+ com Juros Semestrais;15/05/2055;28/03/2025;7,62;7,59;462,33;463,25;462,79
Tesouro Selic;01/03/2029;28/03/2025;0,05;0,02;14971,30;15001,30;14986,30
Tesouro Prefixado;01/01/2027;31/03/2025;13,72;13,69;796,76;798,36;797,56
Tesouro Prefixado;01/01/2029;31/03/2025;13,52;13,49;620,39;621,64;621,01
Tesouro Prefixado;01/01/2031;31/03/2025;13,41;13,38;484,52;485,49;485,00
Tesouro Prefixado com Juros Semestrais;01/01/2033;31/03/2025;13,30;13,27;379,64;380,40;380,02
Tesouro Prefixado com Juros Semestrais;01/01/2035;31/03/2025;13,30;13,27;295,98;296,57;296,27
Tesouro Prefixado com Juros Semestrais;01/01/2037;31/03/2025;13,22;13,19;232,48;232,94;232,71
Tesouro IPCA+;15/05/2029;31/03/2025;7,32;7,29;3136,01;3142,29;3139,15
Tesouro IPCA+;15/05/2035;31/03/2025;7,42;7,39;2037,30;2041,38;2039,34
Tesouro IPCA+;15/05/2045;31/03/2025;7,51;7,48;981,63;983,59;982,61
Tesouro IPCA+ com Juros Semestrais;15/08/2032;31/03/2025;7,43;7,40;2476,31;2481,28;2478,79
Tesouro IPCA+ com Juros Semestrais;15/08/2040;31/03/2025;7,50;7,47;1383,75;1386,53;1385,14
Tesouro IPCA+ com Juros Semestrais;15/05/2055;31/03/2025;7,58;7,55;467,90;468,84;468,37
Tesouro Selic;01/03/2029;31/03/2025;0,06;0,03;14974,39;15004,40;14989,40
Tesouro Prefixado;01/01/2027;01/04/2025;13,79;13,76;796,26;797,86;797,06
Tesouro Prefixado;01/01/2029;01/04/2025;13,60;13,57;619,04;620,28;619,66
Tesouro Prefixado;01/01/2031;01/04/2025;13,49;13,46;482,80;483,77;483,29
Tesouro Prefixado com Juros Semestrais;01/01/2033;01/04/2025;13,45;13,42;375,90;376,65;376,27
Tesouro Prefixado com Juros Semestrais;01/01/2035;01/04/2025;13,37;13,34;294,20;294,79;294,49
Tesouro Prefixado com Juros Semestrais;01/01/2037;01/04/2025;13,34;13,31;229,67;230,13;229,90
Tesouro IPCA+;15/05/2029;01/04/2025;7,30;7,27;3138,50;3144,79;3141,65
Tesouro IPCA+;15/05/2035;01/04/2025;7,48;7,45;2025,19;2029,25;2027,22
Tesouro IPCA+;15/05/2045;01/04/2025;7,53;7,50;977,85;979,81;978,83
Tesouro IPCA+ com Juros Semestrais;15/08/2032;01/04/2025;7,39;7,36;2483,73;2488,71;2486,22
Tesouro IPCA+ com Juros Semestrais;15/08/2040;01/04/2025;7,50;7,47;1385,22;1388,00;1386,61
Tesouro IPCA+ com Juros Semestrais;15/05/2055;01/04/2025;7,60;7,57;465,28;466,21;465,75
Tesouro Selic;01/03/2029;01/04/2025;0,06;0,03;14977,49;15007,50;14992,49
Tesouro Prefixado;01/01/2027;02/04/2025;13,84;13,81;795,87;797,47;796,67
Tesouro Prefixado;01/01/2029;02/04/2025;13,63;13,60;618,60;619,84;619,22
Tesouro Prefixado;01/01/2031;02/04/2025;13,55;13,52;481,49;482,46;481,98
Tesouro Prefixado com Juros Semestrais;01/01/2033;02/04/2025;13,50;13,47;374,86;375,61;375,24
Tesouro Prefixado com Juros Semestrais;01/01/2035;02/04/2025;13,45;13,42;292,43;293,01;292,72
Tesouro Prefixado com Juros Semestrais;01/01/2037;02/04/2025;13,42;13,39;227,92;228,38;228,15
Tesouro IPCA+;15/05/2029;02/04/2025;7,35;7,32;3133,14;3139,42;3136,28
Tesouro IPCA+;15/05/2035;02/04/2025;7,46;7,43;2030,02;2034,09;2032,05
Tesouro IPCA+;15/05/2045;02/04/2025;7,55;7,52;975,59;977,55;976,57
Tesouro IPCA+ com Juros Semestrais;15/08/2032;02/04/2025;7,43;7,40;2476,60;2481,56;2479,08
Tesouro IPCA+ com Juros Semestrais;15/08/2040;02/04/2025;7,51;7,48;1382,68;1385,45;1384,07
Tesouro IPCA+ com Juros Semestrais;15/05/2055;02/04/2025;7,60;7,57;465,15;466,08;465,62
Tesouro Selic;01/03/2029;02/04/2025;0,05;0,02;14980,58;15010,60;14995,59
Tesouro Prefixado;01/01/2027;03/04/2025;13,76;13,73;797,14;798,74;797,94
Tesouro Prefixado;01/01/2029;03/04/2025;13,58;13,55;619,82;621,06;620,44
Tesouro Prefixado;01/01/2031;03/04/2025;13,48;13,45;483,30;484,27;483,79
Tesouro Prefixado com Juros Semestrais;01/01/2033;03/04/2025;13,45;13,42;376,14;376,89;376,51
Tesouro Prefixado com Juros Semestrais;01/01/2035;03/04/2025;13,38;13,35;294,33;294,92;294,63
Tesouro Prefixado com Juros Semestrais;01/01/2037;03/04/2025;13,33;13,30;230,10;230,56;230,33
Tesouro IPCA+;15/05/2029;03/04/2025;7,39;7,36;3129,94;3136,21;3133,08
Tesouro IPCA+;15/05/2035;03/04/2025;7,49;7,46;2024,64;2028,70;2026,67
Tesouro IPCA+;15/05/2045;03/04/2025;7,62;7,59;961,56;963,49;962,52
Tesouro IPCA+ com Juros Semestrais;15/08/2032;03/04/2025;7,49;7,46;2466,47;2471,42;2468,95
Tesouro IPCA+ com Juros Semestrais;15/08/2040;03/04/2025;7,56;7,53;1374,19;1376,94;1375,57
Tesouro IPCA+ com Juros Semestrais;15/05/2055;03/04/2025;7,68;7,65;455,47;456,38;455,92
Tesouro Selic;01/03/2029;03/04/2025;0,05;0,02;14983,67;15013,70;14998,69
Tesouro Prefixado;01/01/2027;04/04/2025;13,69;13,66;798,26;799,86;799,06
Tesouro Prefixado;01/01/2029;04/04/2025;13,46;13,43;622,61;623,86;623,24
Tesouro Prefixado;01/01/2031;04/04/2025;13,34;13,31;486,81;487,78;487,29
Tesouro Prefixado com Juros Semestrais;01/01/2033;04/04/2025;13,33;13,30;379,45;380,21;379,83
Tesouro Prefixado com Juros Semestrais;01/01/2035;04/04/2025;13,24;13,21;297,83;298,43;298,13
Tesouro Prefixado com Juros Semestrais;01/01/2037;04/04/2025;13,19;13,16;233,66;234,13;233,90
Tesouro IPCA+;15/05/2029;04/04/2025;7,44;7,41;3124,34;3130,61;3127,47
Tesouro IPCA+;15/05/2035;04/04/2025;7,59;7,56;2006,90;2010,92;2008,91
Tesouro IPCA+;15/05/2045;04/04/2025;7,66;7,63;955,46;957,38;956,42
Tesouro IPCA+ com Juros Semestrais;15/08/2032;04/04/2025;7,56;7,53;2456,28;2461,20;2458,74
Tesouro IPCA+ com Juros Semestrais;15/08/2040;04/04/2025;7,62;7,59;1361,36;1364,09;1362,73
Tesouro IPCA+ com Juros Semestrais;15/05/2055;04/04/2025;7,75;7,72;446,68;447,58;447,13
Tesouro Selic;01/03/2029;04/04/2025;0,06;0,03;14986,77;15016,80;15001,78
Tesouro Prefixado;01/01/2027;07/04/2025;13,62;13,59;799,98;801,59;800,79
Tesouro Prefixado;01/01/2029;07/04/2025;13,52;13,49;621,94;623,19;622,57
Tesouro Prefixado;01/01/2031;07/04/2025;13,40;13,37;485,80;486,78;486,29
Tesouro Prefixado com Juros Semestrais;01/01/2033;07/04/2025;13,30;13,27;380,59;381,36;380,97
Tesouro Prefixado com Juros Semestrais;01/01/2035;07/04/2025;13,25;13,22;297,97;298,57;298,27
Tesouro Prefixado com Juros Semestrais;01/01/2037;07/04/2025;13,24;13,21;232,63;233,10;232,86
Tesouro IPCA+;15/05/2029;07/04/2025;7,41;7,38;3129,52;3135,79;3132,65
Tesouro IPCA+;15/05/2035;07/04/2025;7,55;7,52;2014,50;2018,53;2016,52
Tesouro IPCA+;15/05/2045;07/04/2025;7,64;7,61;959,28;961,20;960,24
Tesouro IPCA+ com Juros Semestrais;15/08/2032;07/04/2025;7,54;7,51;2461,14;2466,07;2463,60
Tesouro IPCA+ com Juros Semestrais;15/08/2040;07/04/2025;7,62;7,59;1363,30;1366,03;1364,67
Tesouro IPCA+ com Juros Semestrais;15/05/2055;07/04/2025;7,69;7,66;454,71;455,62;455,17
Tesouro Selic;01/03/2029;07/04/2025;0,06;0,03;14989,86;15019,90;15004,88
Tesouro Prefixado;01/01/2027;08/04/2025;13,64;13,61;800,00;801,60;800,80
Tesouro Prefixado;01/01/2029;08/04/2025;13,50;13,47;622,53;623,77;623,15
Tesouro Prefixado;01/01/2031;08/04/2025;13,40;13,37;486,14;487,12;486,63
Tesouro Prefixado com Juros Semestrais;01/01/2033;08/04/2025;13,30;13,27;380,59;381,35;380,97
Tesouro Prefixado com Juros Semestrais;01/01/2035;08/04/2025;13,24;13,21;298,43;299,03;298,73
Tesouro Prefixado com Juros Semestrais;01/01/2037;08/04/2025;13,20;13,17;233,62;234,09;233,85
Tesouro IPCA+;15/05/2029;08/04/2025;7,45;7,42;3124,79;3131,06;3127,92
Tesouro IPCA+;15/05/2035;08/04/2025;7,59;7,56;2008,10;2012,12;2010,11
Tesouro IPCA+;15/05/2045;08/04/2025;7,67;7,64;954,65;956,57;955,61
Tesouro IPCA+ com Juros Semestrais;15/08/2032;08/04/2025;7,51;7,48;2465,68;2470,62;2468,15
Tesouro IPCA+ com Juros Semestrais;15/08/2040;08/04/2025;7,66;7,63;1355,13;1357,85;1356,49
Tesouro IPCA+ com Juros Semestrais;15/05/2055;08/04/2025;7,70;7,67;453,61;454,52;454,07
Tesouro Selic;01/03/2029;08/04/2025;0,07;0,04;14992,95;15023,00;15007,98
Tesouro Prefixado;01/01/2027;09/04/2025;13,71;13,68;799,41;801,02;800,21
Tesouro Prefixado;01/01/2029;09/04/2025;13,52;13,49;622,33;623,58;622,95
Tesouro Prefixado;01/01/2031;09/04/2025;13,46;13,43;484,80;485,77;485,28
Tesouro Prefixado com Juros Semestrais;01/01/2033;09/04/2025;13,39;13,36;378,49;379,25;378,87
Tesouro Prefixado com Juros Semestrais;01/01/2035;09/04/2025;13,31;13,28;296,69;297,29;296,99
Tesouro Prefixado com Juros Semestrais;01/01/2037;09/04/2025;13,25;13,22;232,65;233,12;232,89
Tesouro IPCA+;15/05/2029;09/04/2025;7,50;7,47;3120,38;3126,64;3123,51
Tesouro IPCA+;15/05/2035;09/04/2025;7,60;7,57;2005,64;2009,66;2007,65
Tesouro IPCA+;15/05/2045;09/04/2025;7,68;7,65;952,26;954,17;953,21
Tesouro IPCA+ com Juros Semestrais;15/08/2032;09/04/2025;7,52;7,49;2464,94;2469,88;2467,41
Tesouro IPCA+ com Juros Semestrais;15/08/2040;09/04/2025;7,68;7,65;1351,62;1354,33;1352,98
Tesouro IPCA+ com Juros Semestrais;15/05/2055;09/04/2025;7,77;7,74;444,82;445,71;445,26
Tesouro Selic;01/03/2029;09/04/2025;0,06;0,03;14996,05;15026,10;15011,07
Tesouro Prefixado;01/01/2027;10/04/2025;13,65;13,62;800,49;802,09;801,29
Tesouro Prefixado;01/01/2029;10/04/2025;13,50;13,47;623,03;624,27;623,65
Tesouro Prefixado;01/01/2031;10/04/2025;13,37;13,34;487,19;488,17;487,68
Tesouro Prefixado com Juros Semestrais;01/01/2033;10/04/2025;13,30;13,27;380,96;381,73;381,34
Tesouro Prefixado com Juros Semestrais;01/01/2035;10/04/2025;13,19;13,16;299,68;300,28;299,98
Tesouro Prefixado com Juros Semestrais;01/01/2037;10/04/2025;13,22;13,19;233,34;233,80;233,57
Tesouro IPCA+;15/05/2029;10/04/2025;7,47;7,44;3123,78;3130,04;3126,91
Tesouro IPCA+;15/05/2035;10/04/2025;7,63;7,60;2000,73;2004,74;2002,73
Tesouro IPCA+;15/05/2045;10/04/2025;7,72;7,69;946,00;947,90;946,95
Tesouro IPCA+ com Juros Semestrais;15/08/2032;10/04/2025;7,56;7,53;2459,28;2464,21;2461,74
Tesouro IPCA+ com Juros Semestrais;15/08/2040;10/04/2025;7,68;7,65;1352,33;1355,04;1353,68
Tesouro IPCA+ com Juros Semestrais;15/05/2055;10/04/2025;7,82;7,79;438,54;439,42;438,98
Tesouro Selic;01/03/2029;10/04/2025;0,06;0,03;14999,14;15029,20;15014,17
Tesouro Prefixado;01/01/2027;11/04/2025;13,68;13,65;800,36;801,96;801,16
Tesouro Prefixado;01/01/2029;11/04/2025;13,49;13,46;623,34;624,59;623,97
Tesouro Prefixado;01/01/2031;11/04/2025;13,42;13,39;486,08;487,06;486,57
Tesouro Prefixado com Juros Semestrais;01/01/2033;11/04/2025;13,31;13,28;380,95;381,71;381,33
Tesouro Prefixado com Juros Semestrais;01/01/2035;11/04/2025;13,30;13,27;297,03;297,63;297,33
Tesouro Prefixado com Juros Semestrais;01/01/2037;11/04/2025;13,25;13,22;232,61;233,08;232,84
Tesouro IPCA+;15/05/2029;11/04/2025;7,47;7,44;3124,23;3130,49;3127,36
Tesouro IPCA+;15/05/2035;11/04/2025;7,62;7,59;2002,84;2006,86;2004,85
Tesouro IPCA+;15/05/2045;11/04/2025;7,72;7,69;945,61;947,51;946,56
Tesouro IPCA+ com Juros Semestrais;15/08/2032;11/04/2025;7,53;7,50;2464,90;2469,84;2467,37
Tesouro IPCA+ com Juros Semestrais;15/08/2040;11/04/2025;7,60;7,57;1367,26;1370,00;1368,63
Tesouro IPCA+ com Juros Semestrais;15/05/2055;11/04/2025;7,74;7,71;447,93;448,82;448,37
Tesouro Selic;01/03/2029;11/04/2025;0,06;0,03;15002,24;15032,30;15017,27
Tesouro Prefixado;01/01/2027;14/04/2025;13,61;13,58;802,01;803,61;802,81
Tesouro Prefixado;01/01/2029;14/04/2025;13,42;13,39;625,50;626,76;626,13
Tesouro Prefixado;01/01/2031;14/04/2025;13,32;13,29;488,95;489,93;489,44
Tesouro Prefixado com Juros Semestrais;01/01/2033;14/04/2025;13,24;13,21;383,11;383,88;383,49
Tesouro Prefixado com Juros Semestrais;01/01/2035;14/04/2025;13,22;13,19;299,54;300,14;299,84
Tesouro Prefixado com Juros Semestrais;01/01/2037;14/04/2025;13,16;13,13;235,15;235,62;235,38
Tesouro IPCA+;15/05/2029;14/04/2025;7,42;7,39;3132,99;3139,27;3136,13
Tesouro IPCA+;15/05/2035;14/04/2025;7,54;7,51;2019,16;2023,20;2021,18
Tesouro IPCA+;15/05/2045;14/04/2025;7,64;7,61;960,69;962,61;961,65
Tesouro IPCA+ com Juros Semestrais;15/08/2032;14/04/2025;7,49;7,46;2471,54;2476,50;2474,02
Tesouro IPCA+ com Juros Semestrais;15/08/2040;14/04/2025;7,58;7,55;1373,55;1376,30;1374,92
Tesouro IPCA+ com Juros Semestrais;15/05/2055;14/04/2025;7,70;7,67;454,36;455,27;454,81
Tesouro Selic;01/03/2029;14/04/2025;0,05;0,02;15005,33;15035,40;15020,36
Tesouro Prefixado;01/01/2027;15/04/2025;13,65;13,62;801,78;803,39;802,59
Tesouro Prefixado;01/01/2029;15/04/2025;13,49;13,46;624,22;625,47;624,84
Tesouro Prefixado;01/01/2031;15/04/2025;13,36;13,33;488,20;489,18;488,69
Tesouro Prefixado com Juros Semestrais;01/01/2033;15/04/2025;13,32;13,29;381,14;381,90;381,52
Tesouro Prefixado com Juros Semestrais;01/01/2035;15/04/2025;13,26;13,23;298,45;299,05;298,75
Tesouro Prefixado com Juros Semestrais;01/01/2037;15/04/2025;13,23;13,20;233,56;234,03;233,80
Tesouro IPCA+;15/05/2029;15/04/2025;7,42;7,39;3133,34;3139,62;3136,48
Tesouro IPCA+;15/05/2035;15/04/2025;7,58;7,55;2011,79;2015,82;2013,80
Tesouro IPCA+;15/05/2045;15/04/2025;7,71;7,68;947,91;949,81;948,86
Tesouro IPCA+ com Juros Semestrais;15/08/2032;15/04/2025;7,56;7,53;2460,54;2465,47;2463,00
Tesouro IPCA+ com Juros Semestrais;15/08/2040;15/04/2025;7,64;7,61;1361,41;1364,14;1362,77
Tesouro IPCA+ com Juros Semestrais;15/05/2055;15/04/2025;7,74;7,71;449,36;450,26;449,81
Tesouro Selic;01/03/2029;15/04/2025;0,06;0,03;15008,42;15038,50;15023,46
Tesouro Prefixado;01/01/2027;16/04/2025;13,66;13,63;802,03;803,64;802,83
Tesouro Prefixado;01/01/2029;16/04/2025;13,48;13,45;624,70;625,96;625,33
Tesouro Prefixado;01/01/2031;16/04/2025;13,37;13,34;488,04;489,02;488,53
Tesouro Prefixado com Juros Semestrais;01/01/2033;16/04/2025;13,29;13,26;382,04;382,81;382,42
Tesouro Prefixado com Juros Semestrais;01/01/2035;16/04/2025;13,28;13,25;298,21;298,80;298,51
Tesouro Prefixado com Juros Semestrais;01/01/2037;16/04/2025;13,29;13,26;232,05;232,51;232,28
Tesouro IPCA+;15/05/2029;16/04/2025;7,51;7,48;3122,49;3128,74;3125,62
Tesouro IPCA+;15/05/2035;16/04/2025;7,63;7,60;2002,53;2006,54;2004,54
Tesouro IPCA+;15/05/2045;16/04/2025;7,70;7,67;949,85;951,75;950,80
Tesouro IPCA+ com Juros Semestrais;15/08/2032;16/04/2025;7,61;7,58;2453,79;2458,71;2456,25
Tesouro IPCA+ com Juros Semestrais;15/08/2040;16/04/2025;7,74;7,71;1342,06;1344,74;1343,40
Tesouro IPCA+ com Juros Semestrais;15/05/2055;16/04/2025;7,78;7,75;444,55;445,44;444,99
Tesouro Selic;01/03/2029;16/04/2025;0,05;0,02;15011,52;15041,60;15026,56
Tesouro Prefixado;01/01/2027;17/04/2025;13,76;13,73;801,04;802,65;801,85
Tesouro Prefixado;01/01/2029;17/04/2025;13,57;13,54;623,01;624,26;623,63
Tesouro Prefixado;01/01/2031;17/04/2025;13,45;13,42;486,25;487,23;486,74
Tesouro Prefixado com Juros Semestrais;01/01/2033;17/04/2025;13,39;13,36;379,61;380,37;379,99
Tesouro Prefixado com Juros Semestrais;01/01/2035;17/04/2025;13,37;13,34;296,02;296,61;296,31
Tesouro Prefixado com Juros Semestrais;01/01/2037;17/04/2025;13,30;13,27;231,98;232,45;232,22
Tesouro IPCA+;15/05/2029;17/04/2025;7,48;7,45;3127,58;3133,85;3130,72
Tesouro IPCA+;15/05/2035;17/04/2025;7,63;7,60;2004,54;2008,56;2006,55
Tesouro IPCA+;15/05/2045;17/04/2025;7,73;7,70;944,99;946,88;945,94
Tesouro IPCA+ com Juros Semestrais;15/08/2032;17/04/2025;7,61;7,58;2454,03;2458,95;2456,49
Tesouro IPCA+ com Juros Semestrais;15/08/2040;17/04/2025;7,69;7,66;1352,95;1355,66;1354,30
Tesouro IPCA+ com Juros Semestrais;15/05/2055;17/04/2025;7,77;7,74;444,88;445,78;445,33
Tesouro Selic;01/03/2029;17/04/2025;0,06;0,03;15014,61;15044,70;15029,66
Tesouro Prefixado;01/01/2027;18/04/2025;13,77;13,74;801,20;802,81;802,01
Tesouro Prefixado;01/01/2029;18/04/2025;13,55;13,52;623,75;625,00;624,37
Tesouro Prefixado;01/01/2031;18/04/2025;13,47;13,44;485,97;486,94;486,46
Tesouro Prefixado com Juros Semestrais;01/01/2033;18/04/2025;13,41;13,38;379,12;379,88;379,50
Tesouro Prefixado com Juros Semestrais;01/01/2035;18/04/2025;13,37;13,34;295,99;296,59;296,29
Tesouro Prefixado com Juros Semestrais;01/01/2037;18/04/2025;13,34;13,31;231,22;231,69;231,46
Tesouro IPCA+;15/05/2029;18/04/2025;7,49;7,46;3127,09;3133,35;3130,22
Tesouro IPCA+;15/05/2035;18/04/2025;7,64;7,61;2001,56;2005,57;2003,56
Tesouro IPCA+;15/05/2045;18/04/2025;7,74;7,71;943,70;945,60;944,65
Tesouro IPCA+ com Juros Semestrais;15/08/2032;18/04/2025;7,58;7,55;2459,97;2464,90;2462,44
Tesouro IPCA+ com Juros Semestrais;15/08/2040;18/04/2025;7,68;7,65;1354,41;1357,12;1355,76
Tesouro IPCA+ com Juros Semestrais;15/05/2055;18/04/2025;7,77;7,74;445,81;446,71;446,26
Tesouro Selic;01/03/2029;18/04/2025;0,06;0,03;15017,70;15047,80;15032,75
Tesouro Prefixado;01/01/2027;21/04/2025;13,74;13,71;802,50;804,11;803,30
Tesouro Prefixado;01/01/2029;21/04/2025;13,56;13,53;624,05;625,30;624,67
Tesouro Prefixado;01/01/2031;21/04/2025;13,49;13,46;486,14;487,11;486,62
Tesouro Prefixado com Juros Semestrais;01/01/2033;21/04/2025;13,36;13,33;380,75;381,52;381,13
Tesouro Prefixado com Juros Semestrais;01/01/2035;21/04/2025;13,34;13,31;297,12;297,71;297,41
Tesouro Prefixado com Juros Semestrais;01/01/2037;21/04/2025;13,29;13,26;232,47;232,94;232,70
Tesouro IPCA+;15/05/2029;21/04/2025;7,50;7,47;3127,78;3134,05;3130,91
Tesouro IPCA+;15/05/2035;21/04/2025;7,62;7,59;2006,51;2010,54;2008,52
Tesouro IPCA+;15/05/2045;21/04/2025;7,70;7,67;951,76;953,66;952,71
Tesouro IPCA+ com Juros Semestrais;15/08/2032;21/04/2025;7,60;7,57;2456,61;2461,53;2459,07
Tesouro IPCA+ com Juros Semestrais;15/08/2040;21/04/2025;7,67;7,64;1357,19;1359,91;1358,55
Tesouro IPCA+ com Juros Semestrais;15/05/2055;21/04/2025;7,76;7,73;446,28;447,18;446,73
Tesouro Selic;01/03/2029;21/04/2025;0,06;0,03;15020,80;15050,90;15035,85
Tesouro Prefixado;01/01/2027;22/04/2025;13,76;13,73;802,52;804,13;803,32
Tesouro Prefixado;01/01/2029;22/04/2025;13,54;13,51;624,85;626,10;625,48
Tesouro Prefixado;01/01/2031;22/04/2025;13,50;13,47;485,96;486,93;486,45
Tesouro Prefixado com Juros Semestrais;01/01/2033;22/04/2025;13,42;13,39;379,40;380,16;379,78
Tesouro Prefixado com Juros Semestrais;01/01/2035;22/04/2025;13,38;13,35;296,08;296,67;296,38
Tesouro Prefixado com Juros Semestrais;01/01/2037;22/04/2025;13,35;13,32;231,08;231,54;231,31
Tesouro IPCA+;15/05/2029;22/04/2025;7,49;7,46;3129,61;3135,88;3132,75
Tesouro IPCA+;15/05/2035;22/04/2025;7,64;7,61;2003,86;2007,88;2005,87
Tesouro IPCA+;15/05/2045;22/04/2025;7,72;7,69;948,70;950,60;949,65
Tesouro IPCA+ com Juros Semestrais;15/08/2032;22/04/2025;7,58;7,55;2461,02;2465,95;2463,48
Tesouro IPCA+ com Juros Semestrais;15/08/2040;22/04/2025;7,67;7,64;1357,32;1360,04;1358,68
Tesouro IPCA+ com Juros Semestrais;15/05/2055;22/04/2025;7,76;7,73;446,62;447,51;447,06
Tesouro Selic;01/03/2029;22/04/2025;0,06;0,03;15023,89;15054,00;15038,95
Tesouro Prefixado;01/01/2027;23/04/2025;13,67;13,64;803,80;805,41;804,60
Tesouro Prefixado;01/01/2029;23/04/2025;13,59;13,56;624,05;625,30;624,68
Tesouro Prefixado;01/01/2031;23/04/2025;13,45;13,42;487,28;488,26;487,77
Tesouro Prefixado com Juros Semestrais;01/01/2033;23/04/2025;13,40;13,37;380,03;380,80;380,42
Tesouro Prefixado com Juros Semestrais;01/01/2035;23/04/2025;13,35;13,32;297,03;297,63;297,33
Tesouro Prefixado com Juros Semestrais;01/01/2037;23/04/2025;13,30;13,27;232,41;232,88;232,64
Tesouro IPCA+;15/05/2029;23/04/2025;7,52;7,49;3126,25;3132,52;3129,38
Tesouro IPCA+;15/05/2035;23/04/2025;7,63;7,60;2006,96;2010,98;2008,97
Tesouro IPCA+;15/05/2045;23/04/2025;7,74;7,71;945,17;947,06;946,11
Tesouro IPCA+ com Juros Semestrais;15/08/2032;23/04/2025;7,58;7,55;2460,97;2465,90;2463,44
Tesouro IPCA+ com Juros Semestrais;15/08/2040;23/04/2025;7,67;7,64;1357,72;1360,44;1359,08
Tesouro IPCA+ com Juros Semestrais;15/05/2055;23/04/2025;7,77;7,74;445,33;446,22;445,77
Tesouro Selic;01/03/2029;23/04/2025;0,05;0,02;15026,99;15057,10;15042,04
Tesouro Prefixado;01/01/2027;24/04/2025;13,71;13,68;803,69;805,30;804,50
Tesouro Prefixado;01/01/2029;24/04/2025;13,50;13,47;625,95;627,20;626,58
Tesouro Prefixado;01/01/2031;24/04/2025;13,41;13,38;488,53;489,51;489,02
Tesouro Prefixado com Juros Semestrais;01/01/2033;24/04/2025;13,33;13,30;382,11;382,88;382,50
Tesouro Prefixado com Juros Semestrais;01/01/2035;24/04/2025;13,33;13,30;297,73;298,33;298,03
Tesouro Prefixado com Juros Semestrais;01/01/2037;24/04/2025;13,29;13,26;232,70;233,16;232,93
Tesouro IPCA+;15/05/2029;24/04/2025;7,44;7,41;3136,01;3142,30;3139,16
Tesouro IPCA+;15/05/2035;24/04/2025;7,57;7,54;2017,36;2021,41;2019,39
Tesouro IPCA+;15/05/2045;24/04/2025;7,65;7,62;961,79;963,72;962,75
Tesouro IPCA+ com Juros Semestrais;15/08/2032;24/04/2025;7,52;7,49;2471,93;2476,89;2474,41
Tesouro IPCA+ com Juros Semestrais;15/08/2040;24/04/2025;7,64;7,61;1362,94;1365,67;1364,31
Tesouro IPCA+ com Juros Semestrais;15/05/2055;24/04/2025;7,73;7,70;451,51;452,41;451,96
Tesouro Selic;01/03/2029;24/04/2025;0,06;0,03;15030,08;15060,20;15045,14
Tesouro Prefixado;01/01/2027;25/04/2025;13,55;13,52;805,81;807,43;806,62
Tesouro Prefixado;01/01/2029;25/04/2025;13,45;13,42;627,28;628,54;627,91
Tesouro Prefixado;01/01/2031;25/04/2025;13,34;13,31;490,31;491,30;490,81
Tesouro Prefixado com Juros Semestrais;01/01/2033;25/04/2025;13,32;13,29;382,48;383,24;382,86
Tesouro Prefixado com Juros Semestrais;01/01/2035;25/04/2025;13,24;13,21;300,07;300,67;300,37
Tesouro Prefixado com Juros Semestrais;01/01/2037;25/04/2025;13,24;13,21;234,18;234,65;234,42
Tesouro IPCA+;15/05/2029;25/04/2025;7,46;7,43;3134,61;3140,89;3137,75
Tesouro IPCA+;15/05/2035;25/04/2025;7,63;7,60;2006,89;2010,91;2008,90
Tesouro IPCA+;15/05/2045;25/04/2025;7,74;7,71;944,85;946,75;945,80
Tesouro IPCA+ com Juros Semestrais;15/08/2032;25/04/2025;7,58;7,55;2462,83;2467,76;2465,30
Tesouro IPCA+ com Juros Semestrais;15/08/2040;25/04/2025;7,68;7,65;1356,85;1359,57;1358,21
Tesouro IPCA+ com Juros Semestrais;15/05/2055;25/04/2025;7,75;7,72;448,08;448,98;448,53
Tesouro Selic;01/03/2029;25/04/2025;0,05;0,02;15033,17;15063,30;15048,24
Tesouro Prefixado;01/01/2027;28/04/2025;13,60;13,57;806,04;807,65;806,85
Tesouro Prefixado;01/01/2029;28/04/2025;13,44;13,41;628,00;629,26;628,63
Tesouro Prefixado;01/01/2031;28/04/2025;13,36;13,33;490,36;491,34;490,85
Tesouro Prefixado com Juros Semestrais;01/01/2033;28/04/2025;13,33;13,30;382,59;383,35;382,97
Tesouro Prefixado com Juros Semestrais;01/01/2035;28/04/2025;13,30;13,27;298,79;299,39;299,09
Tesouro Prefixado com Juros Semestrais;01/01/2037;28/04/2025;13,28;13,25;233,33;233,80;233,57
Tesouro IPCA+;15/05/2029;28/04/2025;7,52;7,49;3128,93;3135,20;3132,06
Tesouro IPCA+;15/05/2035;28/04/2025;7,65;7,62;2005,26;2009,28;2007,27
Tesouro IPCA+;15/05/2045;28/04/2025;7,73;7,70;948,01;949,91;948,96
Tesouro IPCA+ com Juros Semestrais;15/08/2032;28/04/2025;7,59;7,56;2462,13;2467,07;2464,60
Tesouro IPCA+ com Juros Semestrais;15/08/2040;28/04/2025;7,71;7,68;1351,36;1354,07;1352,72
Tesouro IPCA+ com Juros Semestrais;15/05/2055;28/04/2025;7,79;7,76;443,64;444,53;444,09
Tesouro Selic;01/03/2029;28/04/2025;0,06;0,03;15036,27;15066,40;15051,33
Tesouro Prefixado;01/01/2027;29/04/2025;13,64;13,61;805,91;807,53;806,72
Tesouro Prefixado;01/01/2029;29/04/2025;13,48;13,45;627,53;628,79;628,16
Tesouro Prefixado;01/01/2031;29/04/2025;13,43;13,40;488,93;489,91;489,42
Tesouro Prefixado com Juros Semestrais;01/01/2033;29/04/2025;13,40;13,37;380,79;381,56;381,18
Tesouro Prefixado com Juros Semestrais;01/01/2035;29/04/2025;13,33;13,30;298,10;298,70;298,40
Tesouro Prefixado com Juros Semestrais;01/01/2037;29/04/2025;13,29;13,26;233,26;233,73;233,49
Tesouro IPCA+;15/05/2029;29/04/2025;7,49;7,46;3132,98;3139,26;3136,12
Tesouro IPCA+;15/05/2035;29/04/2025;7,63;7,60;2009,29;2013,32;2011,30
Tesouro IPCA+;15/05/2045;29/04/2025;7,72;7,69;950,13;952,04;951,08
Tesouro IPCA+ com Juros Semestrais;15/08/2032;29/04/2025;7,56;7,53;2467,49;2472,43;2469,96
Tesouro IPCA+ com Juros Semestrais;15/08/2040;29/04/2025;7,69;7,66;1356,28;1359,00;1357,64
Tesouro IPCA+ com Juros Semestrais;15/05/2055;29/04/2025;7,78;7,75;445,18;446,07;445,62
Tesouro Selic;01/03/2029;29/04/2025;0,06;0,03;15039,36;15069,50;15054,43
Tesouro Prefixado;01/01/2027;30/04/2025;13,56;13,53;807,11;808,73;807,92
Tesouro Prefixado;01/01/2029;30/04/2025;13,36;13,33;630,24;631,50;630,87
Tesouro Prefixado;01/01/2031;30/04/2025;13,31;13,28;491,99;492,98;492,48
Tesouro Prefixado com Juros Semestrais;01/01/2033;30/04/2025;13,25;13,22;384,74;385,51;385,13
Tesouro Prefixado com Juros Semestrais;01/01/2035;30/04/2025;13,26;13,23;300,15;300,75;300,45
Tesouro Prefixado com Juros Semestrais;01/01/2037;30/04/2025;13,15;13,12;236,65;237,13;236,89
Tesouro IPCA+;15/05/2029;30/04/2025;7,50;7,47;3133,25;3139,53;3136,39
Tesouro IPCA+;15/05/2035;30/04/2025;7,66;7,63;2004,08;2008,10;2006,09
Tesouro IPCA+;15/05/2045;30/04/2025;7,74;7,71;945,70;947,60;946,65
Tesouro IPCA+ com Juros Semestrais;15/08/2032;30/04/2025;7,59;7,56;2463,25;2468,18;2465,72
Tesouro IPCA+ com Juros Semestrais;15/08/2040;30/04/2025;7,69;7,66;1356,54;1359,26;1357,90
Tesouro IPCA+ com Juros Semestrais;15/05/2055;30/04/2025;7,73;7,70;451,31;452,22;451,77
Tesouro Selic;01/03/2029;30/04/2025;0,06;0,03;15042,45;15072,60;15057,53
Tesouro Prefixado;01/01/2027;01/05/2025;13,55;13,52;807,47;809,09;808,28
Tesouro Prefixado;01/01/2029;01/05/2025;13,36;13,33;630,44;631,70;631,07
Tesouro Prefixado;01/01/2031;01/05/2025;13,33;13,30;491,71;492,70;492,20
Tesouro Prefixado com Juros Semestrais;01/01/2033;01/05/2025;13,24;13,21;385,17;385,94;385,55
Tesouro Prefixado com Juros Semestrais;01/01/2035;01/05/2025;13,22;13,19;301,22;301,83;301,53
Tesouro Prefixado com Juros Semestrais;01/01/2037;01/05/2025;13,17;13,14;236,18;236,65;236,41
Tesouro IPCA+;15/05/2029;01/05/2025;7,52;7,49;3130,64;3136,91;3133,78
Tesouro IPCA+;15/05/2035;01/05/2025;7,64;7,61;2007,54;2011,56;2009,55
Tesouro IPCA+;15/05/2045;01/05/2025;7,70;7,67;954,01;955,92;954,96
Tesouro IPCA+ com Juros Semestrais;15/08/2032;01/05/2025;7,57;7,54;2467,88;2472,83;2470,36
Tesouro IPCA+ com Juros Semestrais;15/08/2040;01/05/2025;7,72;7,69;1350,05;1352,75;1351,40
Tesouro IPCA+ com Juros Semestrais;15/05/2055;01/05/2025;7,82;7,79;440,62;441,50;441,06
Tesouro Selic;01/03/2029;01/05/2025;0,06;0,03;15045,55;15075,70;15060,62
Tesouro Prefixado;01/01/2027;02/05/2025;13,54;13,51;807,95;809,57;808,76
Tesouro Prefixado;01/01/2029;02/05/2025;13,40;13,37;629,70;630,97;630,33
Tesouro Prefixado;01/01/2031;02/05/2025;13,32;13,29;492,16;493,15;492,65
Tesouro Prefixado com Juros Semestrais;01/01/2033;02/05/2025;13,28;13,25;384,37;385,14;384,75
Tesouro Prefixado com Juros Semestrais;01/01/2035;02/05/2025;13,24;13,21;300,75;301,35;301,05
Tesouro Prefixado com Juros Semestrais;01/01/2037;02/05/2025;13,15;13,12;236,88;237,35;237,12
Tesouro IPCA+;15/05/2029;02/05/2025;7,55;7,52;3127,71;3133,98;3130,84
Tesouro IPCA+;15/05/2035;02/05/2025;7,64;7,61;2008,49;2012,51;2010,50
Tesouro IPCA+;15/05/2045;02/05/2025;7,75;7,72;944,82;946,72;945,77
Tesouro IPCA+ com Juros Semestrais;15/08/2032;02/05/2025;7,60;7,57;2462,36;2467,30;2464,83
Tesouro IPCA+ com Juros Semestrais;15/08/2040;02/05/2025;7,70;7,67;1354,94;1357,65;1356,30
Tesouro IPCA+ com Juros Semestrais;15/05/2055;02/05/2025;7,83;7,80;439,21;440,09;439,65
Tesouro Selic;01/03/2029;02/05/2025;0,06;0,03;15048,64;15078,80;15063,72
Tesouro Prefixado;01/01/2027;05/05/2025;13,57;13,54;808,44;810,06;809,25
Tesouro Prefixado;01/01/2029;05/05/2025;13,38;13,35;630,81;632,07;631,44
Tesouro Prefixado;01/01/2031;05/05/2025;13,31;13,28;492,80;493,79;493,30
Tesouro Prefixado com Juros Semestrais;01/01/2033;05/05/2025;13,30;13,27;384,18;384,95;384,56
Tesouro Prefixado com Juros Semestrais;01/01/2035;05/05/2025;13,21;13,18;301,96;302,56;302,26
Tesouro Prefixado com Juros Semestrais;01/01/2037;05/05/2025;13,20;13,17;235,82;236,29;236,06
Tesouro IPCA+;15/05/2029;05/05/2025;7,49;7,46;3137,01;3143,30;3140,15
Tesouro IPCA+;15/05/2035;05/05/2025;7,63;7,60;2010,36;2014,39;2012,38
Tesouro IPCA+;15/05/2045;05/05/2025;7,73;7,70;948,93;950,83;949,88
Tesouro IPCA+ com Juros Semestrais;15/08/2032;05/05/2025;7,59;7,56;2466,55;2471,49;2469,02
Tesouro IPCA+ com Juros Semestrais;15/08/2040;05/05/2025;7,69;7,66;1356,59;1359,31;1357,95
Tesouro IPCA+ com Juros Semestrais;15/05/2055;05/05/2025;7,77;7,74;446,45;447,35;446,90
Tesouro Selic;01/03/2029;05/05/2025;0,06;0,03;15051,74;15081,90;15066,82
Tesouro Prefixado;01/01/2027;06/05/2025;13,67;13,64;807,50;809,12;808,31
Tesouro Prefixado;01/01/2029;06/05/2025;13,46;13,43;629,43;630,69;630,06
Tesouro Prefixado;01/01/2031;06/05/2025;13,40;13,37;490,78;491,77;491,28
Tesouro Prefixado com Juros Semestrais;01/01/2033;06/05/2025;13,31;13,28;384,18;384,95;384,56
Tesouro Prefixado com Juros Semestrais;01/01/2035;06/05/2025;13,29;13,26;299,88;300,48;300,18
Tesouro Prefixado com Juros Semestrais;01/01/2037;06/05/2025;13,25;13,22;234,63;235,10;234,87
Tesouro IPCA+;15/05/2029;06/05/2025;7,46;7,43;3141,55;3147,84;3144,70
Tesouro IPCA+;15/05/2035;06/05/2025;7,55;7,52;2025,90;2029,96;2027,93
Tesouro IPCA+;15/05/2045;06/05/2025;7,69;7,66;956,89;958,81;957,85
Tesouro IPCA+ com Juros Semestrais;15/08/2032;06/05/2025;7,58;7,55;2468,23;2473,18;2470,70
Tesouro IPCA+ com Juros Semestrais;15/08/2040;06/05/2025;7,66;7,63;1362,55;1365,28;1363,91
Tesouro IPCA+ com Juros Semestrais;15/05/2055;06/05/2025;7,71;7,68;454,71;455,62;455,17
Tesouro Selic;01/03/2029;06/05/2025;0,06;0,03;15054,83;15085,00;15069,92
Tesouro Prefixado;01/01/2027;07/05/2025;13,65;13,62;807,99;809,61;808,80
Tesouro Prefixado;01/01/2029;07/05/2025;13,47;13,44;629,50;630,76;630,13
Tesouro Prefixado;01/01/2031;07/05/2025;13,38;13,35;491,48;492,46;491,97
Tesouro Prefixado com Juros Semestrais;01/01/2033;07/05/2025;13,38;13,35;382,43;383,20;382,82
Tesouro Prefixado com Juros Semestrais;01/01/2035;07/05/2025;13,35;13,32;298,49;299,09;298,79
Tesouro Prefixado com Juros Semestrais;01/01/2037;07/05/2025;13,27;13,24;234,38;234,85;234,62
Tesouro IPCA+;15/05/2029;07/05/2025;7,46;7,43;3141,44;3147,73;3144,58
Tesouro IPCA+;15/05/2035;07/05/2025;7,57;7,54;2023,01;2027,06;2025,04
Tesouro IPCA+;15/05/2045;07/05/2025;7,67;7,64;959,34;961,26;960,30
Tesouro IPCA+ com Juros Semestrais;15/08/2032;07/05/2025;7,55;7,52;2472,84;2477,80;2475,32
Tesouro IPCA+ com Juros Semestrais;15/08/2040;07/05/2025;7,64;7,61;1367,72;1370,46;1369,09
Tesouro IPCA+ com Juros Semestrais;15/05/2055;07/05/2025;7,70;7,67;455,54;456,45;455,99
Tesouro Selic;01/03/2029;07/05/2025;0,06;0,03;15057,92;15088,10;15073,01
Tesouro Prefixado;01/01/2027;08/05/2025;13,71;13,68;807,58;809,20;808,39
Tesouro Prefixado;01/01/2029;08/05/2025;13,53;13,50;628,36;629,62;628,99
Tesouro Prefixado;01/01/2031;08/05/2025;13,41;13,38;490,96;491,95;491,46
Tesouro Prefixado com Juros Semestrais;01/01/2033;08/05/2025;13,37;13,34;382,72;383,49;383,10
Tesouro Prefixado com Juros Semestrais;01/01/2035;08/05/2025;13,36;13,33;298,38;298,97;298,67
Tesouro Prefixado com Juros Semestrais;01/01/2037;08/05/2025;13,32;13,29;233,20;233,67;233,43
Tesouro IPCA+;15/05/2029;08/05/2025;7,48;7,45;3140,07;3146,36;3143,22
Tesouro IPCA+;15/05/2035;08/05/2025;7,65;7,62;2009,08;2013,10;2011,09
Tesouro IPCA+;15/05/2045;08/05/2025;7,70;7,67;955,27;957,19;956,23
Tesouro IPCA+ com Juros Semestrais;15/08/2032;08/05/2025;7,57;7,54;2470,93;2475,89;2473,41
Tesouro IPCA+ com Juros Semestrais;15/08/2040;08/05/2025;7,70;7,67;1356,09;1358,81;1357,45
Tesouro IPCA+ com Juros Semestrais;15/05/2055;08/05/2025;7,75;7,72;449,16;450,06;449,61
Tesouro Selic;01/03/2029;08/05/2025;0,07;0,04;15061,02;15091,20;15076,11
Tesouro Prefixado;01/01/2027;09/05/2025;13,65;13,62;808,56;810,18;809,37
Tesouro Prefixado;01/01/2029;09/05/2025;13,50;13,47;629,33;630,59;629,96
Tesouro Prefixado;01/01/2031;09/05/2025;13,43;13,40;490,57;491,55;491,06
Tesouro Prefixado com Juros Semestrais;01/01/2033;09/05/2025;13,40;13,37;382,20;382,96;382,58
Tesouro Prefixado com Juros Semestrais;01/01/2035;09/05/2025;13,35;13,32;298,69;299,28;298,99
Tesouro Prefixado com Juros Semestrais;01/01/2037;09/05/2025;13,31;13,28;233,46;233,92;233,69
Tesouro IPCA+;15/05/2029;09/05/2025;7,52;7,49;3136,16;3142,45;3139,30
Tesouro IPCA+;15/05/2035;09/05/2025;7,73;7,70;1994,61;1998,61;1996,61
Tesouro IPCA+;15/05/2045;09/05/2025;7,79;7,76;939,19;941,07;940,13
Tesouro IPCA+ com Juros Semestrais;15/08/2032;09/05/2025;7,68;7,65;2452,05;2456,97;2454,51
Tesouro IPCA+ com Juros Semestrais;15/08/2040;09/05/2025;7,76;7,73;1344,80;1347,50;1346,15
Tesouro IPCA+ com Juros Semestrais;15/05/2055;09/05/2025;7,85;7,82;436,97;437,84;437,41
Tesouro Selic;01/03/2029;09/05/2025;0,07;0,04;15064,11;15094,30;15079,21
Tesouro Prefixado;01/01/2027;12/05/2025;13,69;13,66;809,01;810,63;809,82
Tesouro Prefixado;01/01/2029;12/05/2025;13,52;13,49;629,47;630,73;630,10
Tesouro Prefixado;01/01/2031;12/05/2025;13,51;13,48;489,07;490,05;489,56
Tesouro Prefixado com Juros Semestrais;01/01/2033;12/05/2025;13,44;13,41;381,42;382,19;381,80
Tesouro Prefixado com Juros Semestrais;01/01/2035;12/05/2025;13,41;13,38;297,50;298,10;297,80
Tesouro Prefixado com Juros Semestrais;01/01/2037;12/05/2025;13,38;13,35;232,04;232,51;232,27
Tesouro IPCA+;15/05/2029;12/05/2025;7,52;7,49;3138,46;3144,75;3141,61
Tesouro IPCA+;15/05/2035;12/05/2025;7,69;7,66;2002,79;2006,81;2004,80
Tesouro IPCA+;15/05/2045;12/05/2025;7,80;7,77;938,25;940,13;939,19
Tesouro IPCA+ com Juros Semestrais;15/08/2032;12/05/2025;7,62;7,59;2464,42;2469,36;2466,89
Tesouro IPCA+ com Juros Semestrais;15/08/2040;12/05/2025;7,77;7,74;1343,58;1346,27;1344,93
Tesouro IPCA+ com Juros Semestrais;15/05/2055;12/05/2025;7,88;7,85;433,56;434,43;434,00
Tesouro Selic;01/03/2029;12/05/2025;0,05;0,02;15067,21;15097,40;15082,30
Tesouro Prefixado;01/01/2027;13/05/2025;13,63;13,60;809,94;811,56;810,75
Tesouro Prefixado;01/01/2029;13/05/2025;13,54;13,51;629,34;630,61;629,98
Tesouro Prefixado;01/01/2031;13/05/2025;13,46;13,43;490,49;491,48;490,99
Tesouro Prefixado com Juros Semestrais;01/01/2033;13/05/2025;13,42;13,39;382,20;382,97;382,59
Tesouro Prefixado com Juros Semestrais;01/01/2035;13/05/2025;13,35;13,32;299,15;299,74;299,44
Tesouro Prefixado com Juros Semestrais;01/01/2037;13/05/2025;13,34;13,31;233,19;233,66;233,42
Tesouro IPCA+;15/05/2029;13/05/2025;7,56;7,53;3133,93;3140,21;3137,07
Tesouro IPCA+;15/05/2035;13/05/2025;7,67;7,64;2006,60;2010,62;2008,61
Tesouro IPCA+;15/05/2045;13/05/2025;7,80;7,77;938,91;940,79;939,85
Tesouro IPCA+ com Juros Semestrais;15/08/2032;13/05/2025;7,61;7,58;2467,14;2472,08;2469,61
Tesouro IPCA+ com Juros Semestrais;15/08/2040;13/05/2025;7,72;7,69;1353,52;1356,23;1354,87
Tesouro IPCA+ com Juros Semestrais;15/05/2055;13/05/2025;7,84;7,81;439,02;439,90;439,46
Tesouro Selic;01/03/2029;13/05/2025;0,06;0,03;15070,30;15100,50;15085,40
Tesouro Prefixado;01/01/2027;14/05/2025;13,72;13,69;809,21;810,83;810,02
Tesouro Prefixado;01/01/2029;14/05/2025;13,53;13,50;629,78;631,05;630,42
Tesouro Prefixado;01/01/2031;14/05/2025;13,45;13,42;491,00;491,99;491,49
Tesouro Prefixado com Juros Semestrais;01/01/2033;14/05/2025;13,41;13,38;382,55;383,31;382,93
Tesouro Prefixado com Juros Semestrais;01/01/2035;14/05/2025;13,40;13,37;297,89;298,48;298,18
Tesouro Prefixado com Juros Semestrais;01/01/2037;14/05/2025;13,35;13,32;232,99;233,45;233,22
Tesouro IPCA+;15/05/2029;14/05/2025;7,54;7,51;3136,73;3143,01;3139,87
Tesouro IPCA+;15/05/2035;14/05/2025;7,66;7,63;2008,18;2012,21;2010,19
Tesouro IPCA+;15/05/2045;14/05/2025;7,77;7,74;942,81;944,70;943,75
Tesouro IPCA+ com Juros Semestrais;15/08/2032;14/05/2025;7,65;7,62;2461,00;2465,93;2463,47
Tesouro IPCA+ com Juros Semestrais;15/08/2040;14/05/2025;7,72;7,69;1353,53;1356,24;1354,88
Tesouro IPCA+ com Juros Semestrais;15/05/2055;14/05/2025;7,86;7,83;437,25;438,13;437,69
Tesouro Selic;01/03/2029;14/05/2025;0,06;0,03;15073,39;15103,60;15088,50
Tesouro Prefixado;01/01/2027;15/05/2025;13,79;13,76;808,71;810,33;809,52
Tesouro Prefixado;01/01/2029;15/05/2025;13,61;13,58;628,45;629,71;629,08
Tesouro Prefixado;01/01/2031;15/05/2025;13,51;13,48;489,65;490,63;490,14
Tesouro Prefixado com Juros Semestrais;01/01/2033;15/05/2025;13,44;13,41;382,01;382,78;382,40
Tesouro Prefixado com Juros Semestrais;01/01/2035;15/05/2025;13,47;13,44;296,23;296,82;296,52
Tesouro Prefixado com Juros Semestrais;01/01/2037;15/05/2025;13,37;13,34;232,45;232,92;232,68
Tesouro IPCA+;15/05/2029;15/05/2025;7,51;7,48;3140,67;3146,96;3143,81
Tesouro IPCA+;15/05/2035;15/05/2025;7,70;7,67;2002,04;2006,05;2004,04
Tesouro IPCA+;15/05/2045;15/05/2025;7,78;7,75;941,56;943,45;942,51
Tesouro IPCA+ com Juros Semestrais;15/08/2032;15/05/2025;7,63;7,60;2464,48;2469,41;2466,94
Tesouro IPCA+ com Juros Semestrais;15/08/2040;15/05/2025;7,71;7,68;1356,61;1359,33;1357,97
Tesouro IPCA+ com Juros Semestrais;15/05/2055;15/05/2025;7,84;7,81;439,48;440,36;439,92
Tesouro Selic;01/03/2029;15/05/2025;0,06;0,03;15076,49;15106,70;15091,59
Tesouro Prefixado;01/01/2027;16/05/2025;13,79;13,76;808,92;810,54;809,73
Tesouro Prefixado;01/01/2029;16/05/2025;13,60;13,57;628,84;630,10;629,47
Tesouro Prefixado;01/01/2031;16/05/2025;13,54;13,51;489,10;490,08;489,59
Tesouro Prefixado com Juros Semestrais;01/01/2033;16/05/2025;13,45;13,42;381,79;382,55;382,17
Tesouro Prefixado com Juros Semestrais;01/01/2035;16/05/2025;13,44;13,41;297,15;297,75;297,45
Tesouro Prefixado com Juros Semestrais;01/01/2037;16/05/2025;13,42;13,39;231,35;231,82;231,59
Tesouro IPCA+;15/05/2029;16/05/2025;7,55;7,52;3136,69;3142,98;3139,83
Tesouro IPCA+;15/05/2035;16/05/2025;7,67;7,64;2008,71;2012,73;2010,72
Tesouro IPCA+;15/05/2045;16/05/2025;7,74;7,71;948,45;950,36;949,40
Tesouro IPCA+ com Juros Semestrais;15/08/2032;16/05/2025;7,63;7,60;2464,83;2469,77;2467,30
Tesouro IPCA+ com Juros Semestrais;15/08/2040;16/05/2025;7,71;7,68;1355,88;1358,60;1357,24
Tesouro IPCA+ com Juros Semestrais;15/05/2055;16/05/2025;7,82;7,79;441,54;442,42;441,98
Tesouro Selic;01/03/2029;16/05/2025;0,06;0,03;15079,58;15109,80;15094,69
Tesouro Prefixado;01/01/2027;19/05/2025;13,76;13,73;810,12;811,74;810,93
Tesouro Prefixado;01/01/2029;19/05/2025;13,64;13,61;628,69;629,95;629,32
Tesouro Prefixado;01/01/2031;19/05/2025;13,52;13,49;489,91;490,89;490,40
Tesouro Prefixado com Juros Semestrais;01/01/2033;19/05/2025;13,50;13,47;380,89;381,65;381,27
Tesouro Prefixado com Juros Semestrais;01/01/2035;19/05/2025;13,51;13,48;295,64;296,24;295,94
Tesouro Prefixado com Juros Semestrais;01/01/2037;19/05/2025;13,46;13,43;230,64;231,10;230,87
Tesouro IPCA+;15/05/2029;19/05/2025;7,56;7,53;3137,74;3144,03;3140,88
Tesouro IPCA+;15/05/2035;19/05/2025;7,69;7,66;2006,38;2010,40;2008,39
Tesouro IPCA+;15/05/2045;19/05/2025;7,82;7,79;935,21;937,08;936,14
Tesouro IPCA+ com Juros Semestrais;15/08/2032;19/05/2025;7,65;7,62;2462,41;2467,35;2464,88
Tesouro IPCA+ com Juros Semestrais;15/08/2040;19/05/2025;7,75;7,72;1349,40;1352,10;1350,75
Tesouro IPCA+ com Juros Semestrais;15/05/2055;19/05/2025;7,83;7,80;440,59;441,48;441,03
Tesouro Selic;01/03/2029;19/05/2025;0,06;0,03;15082,67;15112,90;15097,79
Tesouro Prefixado;01/01/2027;20/05/2025;13,67;13,64;811,48;813,11;812,30
Tesouro Prefixado;01/01/2029;20/05/2025;13,56;13,53;630,51;631,78;631,15
Tesouro Prefixado;01/01/2031;20/05/2025;13,46;13,43;491,54;492,52;492,03
Tesouro Prefixado com Juros Semestrais;01/01/2033;20/05/2025;13,38;13,35;384,15;384,92;384,54
Tesouro Prefixado com Juros Semestrais;01/01/2035;20/05/2025;13,32;13,29;300,45;301,06;300,76
Tesouro Prefixado com Juros Semestrais;01/01/2037;20/05/2025;13,34;13,31;233,59;234,06;233,82
Tesouro IPCA+;15/05/2029;20/05/2025;7,54;7,51;3140,36;3146,66;3143,51
Tesouro IPCA+;15/05/2035;20/05/2025;7,68;7,65;2008,45;2012,48;2010,47
Tesouro IPCA+;15/05/2045;20/05/2025;7,77;7,74;943,95;945,84;944,89
Tesouro IPCA+ com Juros Semestrais;15/08/2032;20/05/2025;7,64;7,61;2464,81;2469,75;2467,28
Tesouro IPCA+ com Juros Semestrais;15/08/2040;20/05/2025;7,76;7,73;1347,47;1350,18;1348,82
Tesouro IPCA+ com Juros Semestrais;15/05/2055;20/05/2025;7,83;7,80;440,31;441,19;440,75
Tesouro Selic;01/03/2029;20/05/2025;0,06;0,03;15085,77;15116,00;15100,88
Tesouro Prefixado;01/01/2027;21/05/2025;13,70;13,67;811,45;813,08;812,26
Tesouro Prefixado;01/01/2029;21/05/2025;13,54;13,51;631,03;632,29;631,66
Tesouro Prefixado;01/01/2031;21/05/2025;13,46;13,43;491,93;492,91;492,42
Tesouro Prefixado com Juros Semestrais;01/01/2033;21/05/2025;13,40;13,37;383,81;384,58;384,20
Tesouro Prefixado com Juros Semestrais;01/01/2035;21/05/2025;13,37;13,34;299,26;299,86;299,56
Tesouro Prefixado com Juros Semestrais;01/01/2037;21/05/2025;13,37;13,34;233,07;233,54;233,30
Tesouro IPCA+;15/05/2029;21/05/2025;7,54;7,51;3140,90;3147,20;3144,05
Tesouro IPCA+;15/05/2035;21/05/2025;7,66;7,63;2012,12;2016,16;2014,14
Tesouro IPCA+;15/05/2045;21/05/2025;7,71;7,68;954,98;956,90;955,94
Tesouro IPCA+ com Juros Semestrais;15/08/2032;21/05/2025;7,59;7,56;2473,47;2478,43;2475,95
Tesouro IPCA+ com Juros Semestrais;15/08/2040;21/05/2025;7,67;7,64;1365,14;1367,88;1366,51
Tesouro IPCA+ com Juros Semestrais;15/05/2055;21/05/2025;7,81;7,78;443,15;444,04;443,59
Tesouro Selic;01/03/2029;21/05/2025;0,06;0,03;15088,86;15119,10;15103,98
Tesouro Prefixado;01/01/2027;22/05/2025;13,68;13,65;811,92;813,55;812,73
Tesouro Prefixado;01/01/2029;22/05/2025;13,46;13,43;632,98;634,25;633,61
Tesouro Prefixado;01/01/2031;22/05/2025;13,37;13,34;494,24;495,23;494,73
Tesouro Prefixado com Juros Semestrais;01/01/2033;22/05/2025;13,36;13,33;384,84;385,61;385,22
Tesouro Prefixado com Juros Semestrais;01/01/2035;22/05/2025;13,32;13,29;300,69;301,30;301,00
Tesouro Prefixado com Juros Semestrais;01/01/2037;22/05/2025;13,30;13,27;234,88;235,35;235,11
Tesouro IPCA+;15/05/2029;22/05/2025;7,42;7,39;3155,47;3161,79;3158,63
Tesouro IPCA+;15/05/2035;22/05/2025;7,58;7,55;2027,73;2031,80;2029,77
Tesouro IPCA+;15/05/2045;22/05/2025;7,70;7,67;956,94;958,86;957,90
Tesouro IPCA+ com Juros Semestrais;15/08/2032;22/05/2025;7,54;7,51;2483,14;2488,11;2485,63
Tesouro IPCA+ com Juros Semestrais;15/08/2040;22/05/2025;7,67;7,64;1366,25;1368,98;1367,61
Tesouro IPCA+ com Juros Semestrais;15/05/2055;22/05/2025;7,73;7,70;453,74;454,65;454,20
Tesouro Selic;01/03/2029;22/05/2025;0,06;0,03;15091,96;15122,20;15107,08
Tesouro Prefixado;01/01/2027;23/05/2025;13,71;13,68;811,92;813,55;812,73
Tesouro Prefixado;01/01/2029;23/05/2025;13,56;13,53;631,21;632,47;631,84
Tesouro Prefixado;01/01/2031;23/05/2025;13,46;13,43;492,10;493,09;492,59
Tesouro Prefixado com Juros Semestrais;01/01/2033;23/05/2025;13,45;13,42;382,79;383,56;383,18
Tesouro Prefixado com Juros Semestrais;01/01/2035;23/05/2025;13,41;13,38;298,58;299,18;298,88
Tesouro Prefixado com Juros Semestrais;01/01/2037;23/05/2025;13,32;13,29;234,39;234,86;234,62
Tesouro IPCA+;15/05/2029;23/05/2025;7,49;7,46;3148,19;3154,50;3151,35
Tesouro IPCA+;15/05/2035;23/05/2025;7,62;7,59;2019,98;2024,02;2022,00
Tesouro IPCA+;15/05/2045;23/05/2025;7,68;7,65;961,78;963,71;962,74
Tesouro IPCA+ com Juros Semestrais;15/08/2032;23/05/2025;7,54;7,51;2482,58;2487,55;2485,06
Tesouro IPCA+ com Juros Semestrais;15/08/2040;23/05/2025;7,67;7,64;1366,45;1369,19;1367,82
Tesouro IPCA+ com Juros Semestrais;15/05/2055;23/05/2025;7,77;7,74;448,31;449,21;448,76
Tesouro Selic;01/03/2029;23/05/2025;0,07;0,04;15095,05;15125,30;15110,17
Tesouro Prefixado;01/01/2027;26/05/2025;13,76;13,73;812,15;813,78;812,97
Tesouro Prefixado;01/01/2029;26/05/2025;13,57;13,54;631,59;632,86;632,22
Tesouro Prefixado;01/01/2031;26/05/2025;13,50;13,47;491,78;492,76;492,27
Tesouro Prefixado com Juros Semestrais;01/01/2033;26/05/2025;13,44;13,41;383,43;384,20;383,81
Tesouro Prefixado com Juros Semestrais;01/01/2035;26/05/2025;13,41;13,38;298,83;299,43;299,13
Tesouro Prefixado com Juros Semestrais;01/01/2037;26/05/2025;13,38;13,35;233,11;233,58;233,35
Tesouro IPCA+;15/05/2029;26/05/2025;7,45;7,42;3154,74;3161,06;3157,90
Tesouro IPCA+;15/05/2035;26/05/2025;7,63;7,60;2019,78;2023,83;2021,81
Tesouro IPCA+;15/05/2045;26/05/2025;7,73;7,70;953,10;955,01;954,06
Tesouro IPCA+ com Juros Semestrais;15/08/2032;26/05/2025;7,61;7,58;2473,62;2478,57;2476,09
Tesouro IPCA+ com Juros Semestrais;15/08/2040;26/05/2025;7,67;7,64;1365,88;1368,62;1367,25
Tesouro IPCA+ com Juros Semestrais;15/05/2055;26/05/2025;7,81;7,78;443,68;444,57;444,12
Tesouro Selic;01/03/2029;26/05/2025;0,06;0,03;15098,14;15128,40;15113,27
Tesouro Prefixado;01/01/2027;27/05/2025;13,80;13,77;812,04;813,66;812,85
Tesouro Prefixado;01/01/2029;27/05/2025;13,62;13,59;630,77;632,03;631,40
Tesouro Prefixado;01/01/2031;27/05/2025;13,56;13,53;490,41;491,39;490,90
Tesouro Prefixado com Juros Semestrais;01/01/2033;27/05/2025;13,51;13,48;381,58;382,34;381,96
Tesouro Prefixado com Juros Semestrais;01/01/2035;27/05/2025;13,46;13,43;297,60;298,20;297,90
Tesouro Prefixado com Juros Semestrais;01/01/2037;27/05/2025;13,39;13,36;233,01;233,47;233,24
Tesouro IPCA+;15/05/2029;27/05/2025;7,55;7,52;3144,33;3150,64;3147,48
Tesouro IPCA+;15/05/2035;27/05/2025;7,67;7,64;2012,15;2016,18;2014,17
Tesouro IPCA+;15/05/2045;27/05/2025;7,77;7,74;946,01;947,91;946,96
Tesouro IPCA+ com Juros Semestrais;15/08/2032;27/05/2025;7,60;7,57;2474,48;2479,44;2476,96
Tesouro IPCA+ com Juros Semestrais;15/08/2040;27/05/2025;7,69;7,66;1363,35;1366,08;1364,72
Tesouro IPCA+ com Juros Semestrais;15/05/2055;27/05/2025;7,81;7,78;443,88;444,77;444,32
Tesouro Selic;01/03/2029;27/05/2025;0,07;0,04;15101,24;15131,50;15116,37
Tesouro Prefixado;01/01/2027;28/05/2025;13,87;13,84;811,47;813,10;812,28
Tesouro Prefixado;01/01/2029;28/05/2025;13,67;13,64;629,96;631,22;630,59
Tesouro Prefixado;01/01/2031;28/05/2025;13,65;13,62;488,51;489,49;489,00
Tesouro Prefixado com Juros Semestrais;01/01/2033;28/05/2025;13,56;13,53;380,53;381,29;380,91
Tesouro Prefixado com Juros Semestrais;01/01/2035;28/05/2025;13,55;13,52;295,50;296,09;295,80
Tesouro Prefixado com Juros Semestrais;01/01/2037;28/05/2025;13,57;13,54;228,78;229,24;229,01
Tesouro IPCA+;15/05/2029;28/05/2025;7,55;7,52;3143,95;3150,25;3147,10
Tesouro IPCA+;15/05/2035;28/05/2025;7,64;7,61;2018,46;2022,50;2020,48
Tesouro IPCA+;15/05/2045;28/05/2025;7,74;7,71;952,14;954,04;953,09
Tesouro IPCA+ com Juros Semestrais;15/08/2032;28/05/2025;7,63;7,60;2469,89;2474,84;2472,37
Tesouro IPCA+ com Juros Semestrais;15/08/2040;28/05/2025;7,73;7,70;1354,85;1357,57;1356,21
Tesouro IPCA+ com Juros Semestrais;15/05/2055;28/05/2025;7,80;7,77;444,67;445,56;445,12
Tesouro Selic;01/03/2029;28/05/2025;0,06;0,03;15104,33;15134,60;15119,47
Tesouro Prefixado;01/01/2027;29/05/2025;13,79;13,76;812,71;814,34;813,53
Tesouro Prefixado;01/01/2029;29/05/2025;13,66;13,63;630,36;631,62;630,99
Tesouro Prefixado;01/01/2031;29/05/2025;13,57;13,54;490,63;491,61;491,12
Tesouro Prefixado com Juros Semestrais;01/01/2033;29/05/2025;13,55;13,52;380,93;381,69;381,31
Tesouro Prefixado com Juros Semestrais;01/01/2035;29/05/2025;13,52;13,49;296,49;297,09;296,79
Tesouro Prefixado com Juros Semestrais;01/01/2037;29/05/2025;13,46;13,43;231,60;232,06;231,83
Tesouro IPCA+;15/05/2029;29/05/2025;7,54;7,51;3145,69;3152,00;3148,84
Tesouro IPCA+;15/05/2035;29/05/2025;7,65;7,62;2017,57;2021,61;2019,59
Tesouro IPCA+;15/05/2045;29/05/2025;7,74;7,71;950,87;952,78;951,82
Tesouro IPCA+ com Juros Semestrais;15/08/2032;29/05/2025;7,65;7,62;2467,68;2472,62;2470,15
Tesouro IPCA+ com Juros Semestrais;15/08/2040;29/05/2025;7,73;7,70;1355,80;1358,52;1357,16
Tesouro IPCA+ com Juros Semestrais;15/05/2055;29/05/2025;7,82;7,79;443,03;443,92;443,47
Tesouro Selic;01/03/2029;29/05/2025;0,05;0,02;15107,42;15137,70;15122,56
Tesouro Prefixado;01/01/2027;30/05/2025;13,84;13,81;812,43;814,06;813,25
Tesouro Prefixado;01/01/2029;30/05/2025;13,68;13,65;630,28;631,54;630,91
Tesouro Prefixado;01/01/2031;30/05/2025;13,60;13,57;490,06;491,04;490,55
Tesouro Prefixado com Juros Semestrais;01/01/2033;30/05/2025;13,54;13,51;381,41;382,18;381,80
Tesouro Prefixado com Juros Semestrais;01/01/2035;30/05/2025;13,51;13,48;296,70;297,29;296,99
Tesouro Prefixado com Juros Semestrais;01/01/2037;30/05/2025;13,47;13,44;231,40;231,86;231,63
Tesouro IPCA+;15/05/2029;30/05/2025;7,53;7,50;3147,80;3154,11;3150,95
Tesouro IPCA+;15/05/2035;30/05/2025;7,66;7,63;2015,09;2019,12;2017,10
Tesouro IPCA+;15/05/2045;30/05/2025;7,74;7,71;951,10;953,01;952,05
Tesouro IPCA+ com Juros Semestrais;15/08/2032;30/05/2025;7,59;7,56;2478,32;2483,28;2480,80
Tesouro IPCA+ com Juros Semestrais;15/08/2040;30/05/2025;7,70;7,67;1361,49;1364,22;1362,86
Tesouro IPCA+ com Juros Semestrais;15/05/2055;30/05/2025;7,84;7,81;440,51;441,39;440,95
Tesouro Selic;01/03/2029;30/05/2025;0,06;0,03;15110,52;15140,80;15125,66
Tesouro Prefixado;01/01/2027;02/06/2025;13,88;13,85;812,79;814,42;813,61
Tesouro Prefixado;01/01/2029;02/06/2025;13,68;13,65;630,86;632,12;631,49
Tesouro Prefixado;01/01/2031;02/06/2025;13,60;13,57;490,58;491,56;491,07
Tesouro Prefixado com Juros Semestrais;01/01/2033;02/06/2025;13,59;13,56;380,34;381,11;380,73
Tesouro Prefixado com Juros Semestrais;01/01/2035;02/06/2025;13,54;13,51;296,22;296,82;296,52
Tesouro Prefixado com Juros Semestrais;01/01/2037;02/06/2025;13,53;13,50;230,07;230,53;230,30
Tesouro IPCA+;15/05/2029;02/06/2025;7,52;7,49;3151,22;3157,53;3154,38
Tesouro IPCA+;15/05/2035;02/06/2025;7,68;7,65;2013,12;2017,15;2015,13
Tesouro IPCA+;15/05/2045;02/06/2025;7,77;7,74;947,63;949,53;948,58
Tesouro IPCA+ com Juros Semestrais;15/08/2032;02/06/2025;7,61;7,58;2476,61;2481,57;2479,09
Tesouro IPCA+ com Juros Semestrais;15/08/2040;02/06/2025;7,71;7,68;1360,89;1363,61;1362,25
Tesouro IPCA+ com Juros Semestrais;15/05/2055;02/06/2025;7,80;7,77;446,36;447,26;446,81
Tesouro Selic;01/03/2029;02/06/2025;0,07;0,04;15113,61;15143,90;15128,76
Tesouro Prefixado;01/01/2027;03/06/2025;13,77;13,74;814,33;815,96;815,14
Tesouro Prefixado;01/01/2029;03/06/2025;13,64;13,61;631,88;633,15;632,52
Tesouro Prefixado;01/01/2031;03/06/2025;13,56;13,53;491,64;492,63;492,14
Tesouro Prefixado com Juros Semestrais;01/01/2033;03/06/2025;13,49;13,46;383,07;383,84;383,45
Tesouro Prefixado com Juros Semestrais;01/01/2035;03/06/2025;13,49;13,46;297,59;298,19;297,89
Tesouro Prefixado com Juros Semestrais;01/01/2037;03/06/2025;13,42;13,39;232,80;233,27;233,04
Tesouro IPCA+;15/05/2029;03/06/2025;7,56;7,53;3146,87;3153,17;3150,02
Tesouro IPCA+;15/05/2035;03/06/2025;7,71;7,68;2008,10;2012,13;2010,12
Tesouro IPCA+;15/05/2045;03/06/2025;7,77;7,74;947,38;949,28;948,33
Tesouro IPCA+ com Juros Semestrais;15/08/2032;03/06/2025;7,62;7,59;2474,68;2479,64;2477,16
Tesouro IPCA+ com Juros Semestrais;15/08/2040;03/06/2025;7,80;7,77;1343,23;1345,92;1344,58
Tesouro IPCA+ com Juros Semestrais;15/05/2055;03/06/2025;7,86;7,83;439,08;439,96;439,52
Tesouro Selic;01/03/2029;03/06/2025;0,07;0,04;15116,71;15147,00;15131,85
Tesouro Prefixado;01/01/2027;04/06/2025;13,77;13,74;814,59;816,23;815,41
Tesouro Prefixado;01/01/2029;04/06/2025;13,56;13,53;633,74;635,01;634,38
Tesouro Prefixado;01/01/2031;04/06/2025;13,51;13,48;492,91;493,90;493,41
Tesouro Prefixado com Juros Semestrais;01/01/2033;04/06/2025;13,48;13,45;383,65;384,42;384,04
Tesouro Prefixado com Juros Semestrais;01/01/2035;04/06/2025;13,38;13,35;300,54;301,14;300,84
Tesouro Prefixado com Juros Semestrais;01/01/2037;04/06/2025;13,37;13,34;234,14;234,61;234,38
Tesouro IPCA+;15/05/2029;04/06/2025;7,56;7,53;3147,77;3154,08;3150,92
Tesouro IPCA+;15/05/2035;04/06/2025;7,74;7,71;2001,99;2006,00;2004,00
Tesouro IPCA+;15/05/2045;04/06/2025;7,84;7,81;935,86;937,74;936,80
Tesouro IPCA+ com Juros Semestrais;15/08/2032;04/06/2025;7,68;7,65;2465,28;2470,22;2467,75
Tesouro IPCA+ com Juros Semestrais;15/08/2040;04/06/2025;7,81;7,78;1342,17;1344,86;1343,51
Tesouro IPCA+ com Juros Semestrais;15/05/2055;04/06/2025;7,90;7,87;433,86;434,73;434,29
Tesouro Selic;01/03/2029;04/06/2025;0,06;0,03;15119,80;15150,10;15134,95
Tesouro Prefixado;01/01/2027;05/06/2025;13,78;13,75;814,74;816,38;815,56
Tesouro Prefixado;01/01/2029;05/06/2025;13,63;13,60;632,58;633,85;633,22
Tesouro Prefixado;01/01/2031;05/06/2025;13,53;13,50;492,67;493,66;493,16
Tesouro Prefixado com Juros Semestrais;01/01/2033;05/06/2025;13,45;13,42;384,53;385,30;384,91
Tesouro Prefixado com Juros Semestrais;01/01/2035;05/06/2025;13,43;13,40;299,32;299,92;299,62
Tesouro Prefixado com Juros Semestrais;01/01/2037;05/06/2025;13,37;13,34;234,10;234,57;234,34
Tesouro IPCA+;15/05/2029;05/06/2025;7,56;7,53;3147,86;3154,17;3151,02
Tesouro IPCA+;15/05/2035;05/06/2025;7,71;7,68;2008,43;2012,46;2010,45
Tesouro IPCA+;15/05/2045;05/06/2025;7,80;7,77;942,86;944,75;943,80
Tesouro IPCA+ com Juros Semestrais;15/08/2032;05/06/2025;7,66;7,63;2469,04;2473,99;2471,52
Tesouro IPCA+ com Juros Semestrais;15/08/2040;05/06/2025;7,79;7,76;1346,78;1349,48;1348,13
Tesouro IPCA+ com Juros Semestrais;15/05/2055;05/06/2025;7,83;7,80;441,77;442,66;442,21
Tesouro Selic;01/03/2029;05/06/2025;0,06;0,03;15122,89;15153,20;15138,05
Tesouro Prefixado;01/01/2027;06/06/2025;13,81;13,78;814,73;816,36;815,54
Tesouro Prefixado;01/01/2029;06/06/2025;13,62;13,59;632,98;634,25;633,61
Tesouro Prefixado;01/01/2031;06/06/2025;13,50;13,47;493,54;494,53;494,03
Tesouro Prefixado com Juros Semestrais;01/01/2033;06/06/2025;13,47;13,44;384,07;384,84;384,45
Tesouro Prefixado com Juros Semestrais;01/01/2035;06/06/2025;13,41;13,38;299,95;300,55;300,25
Tesouro Prefixado com Juros Semestrais;01/01/2037;06/06/2025;13,37;13,34;234,18;234,65;234,41
Tesouro IPCA+;15/05/2029;06/06/2025;7,54;7,51;3151,61;3157,92;3154,76
Tesouro IPCA+;15/05/2035;06/06/2025;7,67;7,64;2016,82;2020,86;2018,84
Tesouro IPCA+;15/05/2045;06/06/2025;7,77;7,74;947,97;949,87;948,92
Tesouro IPCA+ com Juros Semestrais;15/08/2032;06/06/2025;7,69;7,66;2464,87;2469,81;2467,34
Tesouro IPCA+ com Juros Semestrais;15/08/2040;06/06/2025;7,76;7,73;1352,49;1355,20;1353,84
Tesouro IPCA+ com Juros Semestrais;15/05/2055;06/06/2025;7,84;7,81;441,07;441,95;441,51
Tesouro Selic;01/03/2029;06/06/2025;0,05;0,02;15125,99;15156,30;15141,14
Tesouro Prefixado;01/01/2027;09/06/2025;13,85;13,82;815,12;816,76;815,94
Tesouro Prefixado;01/01/2029;09/06/2025;13,58;13,55;634,37;635,64;635,01
Tesouro Prefixado;01/01/2031;09/06/2025;13,53;13,50;493,30;494,29;493,79
Tesouro Prefixado com Juros Semestrais;01/01/2033;09/06/2025;13,44;13,41;385,21;385,98;385,60
Tesouro Prefixado com Juros Semestrais;01/01/2035;09/06/2025;13,38;13,35;301,09;301,70;301,39
Tesouro Prefixado com Juros Semestrais;01/01/2037;09/06/2025;13,38;13,35;234,35;234,82;234,59
Tesouro IPCA+;15/05/2029;09/06/2025;7,58;7,55;3148,70;3155,01;3151,85
Tesouro IPCA+;15/05/2035;09/06/2025;7,70;7,67;2011,79;2015,82;2013,81
Tesouro IPCA+;15/05/2045;09/06/2025;7,80;7,77;943,03;944,92;943,98
Tesouro IPCA+ com Juros Semestrais;15/08/2032;09/06/2025;7,67;7,64;2470,51;2475,46;2472,99
Tesouro IPCA+ com Juros Semestrais;15/08/2040;09/06/2025;7,80;7,77;1346,41;1349,11;1347,76
Tesouro IPCA+ com Juros Semestrais;15/05/2055;09/06/2025;7,88;7,85;436,27;437,15;436,71
Tesouro Selic;01/03/2029;09/06/2025;0,05;0,02;15129,08;15159,40;15144,24
Tesouro Prefixado;01/01/2027;10/06/2025;13,88;13,85;815,14;816,77;815,96
Tesouro Prefixado;01/01/2029;10/06/2025;13,68;13,65;632,74;634,01;633,37
Tesouro Prefixado;01/01/2031;10/06/2025;13,56;13,53;492,87;493,86;493,37
Tesouro Prefixado com Juros Semestrais;01/01/2033;10/06/2025;13,52;13,49;383,24;384,01;383,62
Tesouro Prefixado com Juros Semestrais;01/01/2035;10/06/2025;13,50;13,47;298,04;298,64;298,34
Tesouro Prefixado com Juros Semestrais;01/01/2037;10/06/2025;13,42;13,39;233,37;233,83;233,60
Tesouro IPCA+;15/05/2029;10/06/2025;7,53;7,50;3154,90;3161,23;3158,06
Tesouro IPCA+;15/05/2035;10/06/2025;7,71;7,68;2011,21;2015,25;2013,23
Tesouro IPCA+;15/05/2045;10/06/2025;7,78;7,75;946,44;948,33;947,39
Tesouro IPCA+ com Juros Semestrais;15/08/2032;10/06/2025;7,62;7,59;2478,46;2483,42;2480,94
Tesouro IPCA+ com Juros Semestrais;15/08/2040;10/06/2025;7,75;7,72;1354,95;1357,66;1356,30
Tesouro IPCA+ com Juros Semestrais;15/05/2055;10/06/2025;7,82;7,79;444,59;445,48;445,04
Tesouro Selic;01/03/2029;10/06/2025;0,06;0,03;15132,17;15162,50;15147,34
Tesouro Prefixado;01/01/2027;11/06/2025;13,86;13,83;815,64;817,27;816,46
Tesouro Prefixado;01/01/2029;11/06/2025;13,67;13,64;633,03;634,30;633,66
Tesouro Prefixado;01/01/2031;11/06/2025;13,53;13,50;493,70;494,69;494,19
Tesouro Prefixado com Juros Semestrais;01/01/2033;11/06/2025;13,46;13,43;385,09;385,86;385,48
Tesouro Prefixado com Juros Semestrais;01/01/2035;11/06/2025;13,42;13,39;300,33;300,93;300,63
Tesouro Prefixado com Juros Semestrais;01/01/2037;11/06/2025;13,40;13,37;233,94;234,41;234,18
Tesouro IPCA+;15/05/2029;11/06/2025;7,58;7,55;3149,21;3155,52;3152,36
Tesouro IPCA+;15/05/2035;11/06/2025;7,66;7,63;2019,84;2023,89;2021,87
Tesouro IPCA+;15/05/2045;11/06/2025;7,78;7,75;947,38;949,28;948,33
Tesouro IPCA+ com Juros Semestrais;15/08/2032;11/06/2025;7,66;7,63;2472,37;2477,32;2474,85
Tesouro IPCA+ com Juros Semestrais;15/08/2040;11/06/2025;7,75;7,72;1355,83;1358,54;1357,18
Tesouro IPCA+ com Juros Semestrais;15/05/2055;11/06/2025;7,85;7,82;440,37;441,25;440,81
Tesouro Selic;01/03/2029;11/06/2025;0,06;0,03;15135,27;15165,60;15150,43
Tesouro Prefixado;01/01/2027;12/06/2025;13,81;13,78;816,47;818,11;817,29
Tesouro Prefixado;01/01/2029;12/06/2025;13,61;13,58;634,52;635,79;635,15
Tesouro Prefixado;01/01/2031;12/06/2025;13,49;13,46;494,74;495,73;495,24
Tesouro Prefixado com Juros Semestrais;01/01/2033;12/06/2025;13,43;13,40;385,83;386,61;386,22
Tesouro Prefixado com Juros Semestrais;01/01/2035;12/06/2025;13,39;13,36;301,26;301,86;301,56
Tesouro Prefixado com Juros Semestrais;01/01/2037;12/06/2025;13,39;13,36;234,30;234,77;234,54
Tesouro IPCA+;15/05/2029;12/06/2025;7,54;7,51;3154,56;3160,88;3157,72
Tesouro IPCA+;15/05/2035;12/06/2025;7,72;7,69;2010,05;2014,08;2012,07
Tesouro IPCA+;15/05/2045;12/06/2025;7,77;7,74;948,80;950,70;949,75
Tesouro IPCA+ com Juros Semestrais;15/08/2032;12/06/2025;7,67;7,64;2471,52;2476,47;2473,99
Tesouro IPCA+ com Juros Semestrais;15/08/2040;12/06/2025;7,80;7,77;1346,11;1348,80;1347,45
Tesouro IPCA+ com Juros Semestrais;15/05/2055;12/06/2025;7,83;7,80;443,34;444,23;443,78
Tesouro Selic;01/03/2029;12/06/2025;0,07;0,04;15138,36;15168,70;15153,53
Tesouro Prefixado;01/01/2027;13/06/2025;13,80;13,77;816,84;818,48;817,66
Tesouro Prefixado;01/01/2029;13/06/2025;13,60;13,57;634,99;636,26;635,62
Tesouro Prefixado;01/01/2031;13/06/2025;13,48;13,45;495,33;496,32;495,82
Tesouro Prefixado com Juros Semestrais;01/01/2033;13/06/2025;13,41;13,38;386,61;387,38;386,99
Tesouro Prefixado com Juros Semestrais;01/01/2035;13/06/2025;13,37;13,34;301,63;302,24;301,93
Tesouro Prefixado com Juros Semestrais;01/01/2037;13/06/2025;13,31;13,28;236,36;236,83;236,60
Tesouro IPCA+;15/05/2029;13/06/2025;7,56;7,53;3153,32;3159,64;3156,48
Tesouro IPCA+;15/05/2035;13/06/2025;7,74;7,71;2006,60;2010,62;2008,61
Tesouro IPCA+;15/05/2045;13/06/2025;7,81;7,78;942,56;944,45;943,51
Tesouro IPCA+ com Juros Semestrais;15/08/2032;13/06/2025;7,70;7,67;2467,43;2472,37;2469,90
Tesouro IPCA+ com Juros Semestrais;15/08/2040;13/06/2025;7,80;7,77;1345,92;1348,62;1347,27
Tesouro IPCA+ com Juros Semestrais;15/05/2055;13/06/2025;7,86;7,83;439,13;440,01;439,57
Tesouro Selic;01/03/2029;13/06/2025;0,06;0,03;15141,46;15171,80;15156,63
Tesouro Prefixado;01/01/2027;16/06/2025;13,84;13,81;817,27;818,90;818,09
Tesouro Prefixado;01/01/2029;16/06/2025;13,65;13,62;634,63;635,90;635,26
Tesouro Prefixado;01/01/2031;16/06/2025;13,56;13,53;493,93;494,92;494,42
Tesouro Prefixado com Juros Semestrais;01/01/2033;16/06/2025;13,49;13,46;384,84;385,61;385,22
Tesouro Prefixado com Juros Semestrais;01/01/2035;16/06/2025;13,48;13,45;299,37;299,97;299,67
Tesouro Prefixado com Juros Semestrais;01/01/2037;16/06/2025;13,42;13,39;233,85;234,31;234,08
Tesouro IPCA+;15/05/2029;16/06/2025;7,60;7,57;3150,60;3156,92;3153,76
Tesouro IPCA+;15/05/2035;16/06/2025;7,75;7,72;2005,25;2009,26;2007,25
Tesouro IPCA+;15/05/2045;16/06/2025;7,82;7,79;941,88;943,77;942,83
Tesouro IPCA+ com Juros Semestrais;15/08/2032;16/06/2025;7,67;7,64;2472,60;2477,56;2475,08
Tesouro IPCA+ com Juros Semestrais;15/08/2040;16/06/2025;7,82;7,79;1343,31;1346,00;1344,65
Tesouro IPCA+ com Juros Semestrais;15/05/2055;16/06/2025;7,90;7,87;434,88;435,75;435,31
Tesouro Selic;01/03/2029;16/06/2025;0,06;0,03;15144,55;15174,90;15159,73
Tesouro Prefixado;01/01/2027;17/06/2025;13,81;13,78;817,92;819,56;818,74
Tesouro Prefixado;01/01/2029;17/06/2025;13,66;13,63;634,71;635,98;635,34
Tesouro Prefixado;01/01/2031;17/06/2025;13,54;13,51;494,40;495,39;494,89
Tesouro Prefixado com Juros Semestrais;01/01/2033;17/06/2025;13,47;13,44;385,48;386,25;385,86
Tesouro Prefixado com Juros Semestrais;01/01/2035;17/06/2025;13,44;13,41;300,44;301,05;300,75
Tesouro Prefixado com Juros Semestrais;01/01/2037;17/06/2025;13,40;13,37;234,51;234,98;234,75
Tesouro IPCA+;15/05/2029;17/06/2025;7,61;7,58;3149,91;3156,22;3153,07
Tesouro IPCA+;15/05/2035;17/06/2025;7,71;7,68;2013,40;2017,44;2015,42
Tesouro IPCA+;15/05/2045;17/06/2025;7,79;7,76;945,77;947,66;946,71
Tesouro IPCA+ com Juros Semestrais;15/08/2032;17/06/2025;7,65;7,62;2477,93;2482,89;2480,41
Tesouro IPCA+ com Juros Semestrais;15/08/2040;17/06/2025;7,78;7,75;1351,53;1354,24;1352,88
Tesouro IPCA+ com Juros Semestrais;15/05/2055;17/06/2025;7,86;7,83;439,74;440,62;440,18
Tesouro Selic;01/03/2029;17/06/2025;0,06;0,03;15147,64;15178,00;15162,82
Tesouro Prefixado;01/01/2027;18/06/2025;13,86;13,83;817,65;819,29;818,47
Tesouro Prefixado;01/01/2029;18/06/2025;13,68;13,65;634,45;635,72;635,09
Tesouro Prefixado;01/01/2031;18/06/2025;13,56;13,53;494,26;495,25;494,75
Tesouro Prefixado com Juros Semestrais;01/01/2033;18/06/2025;13,49;13,46;385,04;385,81;385,42
Tesouro Prefixado com Juros Semestrais;01/01/2035;18/06/2025;13,49;13,46;299,34;299,94;299,64
Tesouro Prefixado com Juros Semestrais;01/01/2037;18/06/2025;13,44;13,41;233,64;234,10;233,87
Tesouro IPCA+;15/05/2029;18/06/2025;7,58;7,55;3153,61;3159,93;3156,77
Tesouro IPCA+;15/05/2035;18/06/2025;7,73;7,70;2010,71;2014,74;2012,72
Tesouro IPCA+;15/05/2045;18/06/2025;7,78;7,75;948,00;949,90;948,95
Tesouro IPCA+ com Juros Semestrais;15/08/2032;18/06/2025;7,64;7,61;2478,92;2483,89;2481,41
Tesouro IPCA+ com Juros Semestrais;15/08/2040;18/06/2025;7,79;7,76;1349,96;1352,67;1351,31
Tesouro IPCA+ com Juros Semestrais;15/05/2055;18/06/2025;7,88;7,85;437,94;438,82;438,38
Tesouro Selic;01/03/2029;18/06/2025;0,06;0,03;15150,74;15181,10;15165,92
Tesouro Prefixado;01/01/2027;19/06/2025;13,81;13,78;818,45;820,09;819,27
Tesouro Prefixado;01/01/2029;19/06/2025;13,62;13,59;635,90;637,18;636,54
Tesouro Prefixado;01/01/2031;19/06/2025;13,56;13,53;494,33;495,32;494,82
Tesouro Prefixado com Juros Semestrais;01/01/2033;19/06/2025;13,54;13,51;384,06;384,83;384,45
Tesouro Prefixado com Juros Semestrais;01/01/2035;19/06/2025;13,49;13,46;299,33;299,93;299,63
Tesouro Prefixado com Juros Semestrais;01/01/2037;19/06/2025;13,49;13,46;232,52;232,98;232,75
Tesouro IPCA+;15/05/2029;19/06/2025;7,54;7,51;3159,17;3165,50;3162,33
Tesouro IPCA+;15/05/2035;19/06/2025;7,71;7,68;2015,21;2019,25;2017,23
Tesouro IPCA+;15/05/2045;19/06/2025;7,81;7,78;944,09;945,98;945,03
Tesouro IPCA+ com Juros Semestrais;15/08/2032;19/06/2025;7,68;7,65;2472,95;2477,90;2475,42
Tesouro IPCA+ com Juros Semestrais;15/08/2040;19/06/2025;7,72;7,69;1363,96;1366,69;1365,33
Tesouro IPCA+ com Juros Semestrais;15/05/2055;19/06/2025;7,88;7,85;437,88;438,76;438,32
Tesouro Selic;01/03/2029;19/06/2025;0,06;0,03;15153,83;15184,20;15169,02
Tesouro Prefixado;01/01/2027;20/06/2025;13,78;13,75;819,07;820,71;819,89
Tesouro Prefixado;01/01/2029;20/06/2025;13,61;13,58;636,34;637,62;636,98
Tesouro Prefixado;01/01/2031;20/06/2025;13,55;13,52;494,87;495,86;495,36
Tesouro Prefixado com Juros Semestrais;01/01/2033;20/06/2025;13,48;13,45;385,60;386,37;385,98
Tesouro Prefixado com Juros Semestrais;01/01/2035;20/06/2025;13,47;13,44;299,83;300,43;300,13
Tesouro Prefixado com Juros Semestrais;01/01/2037;20/06/2025;13,38;13,35;235,25;235,72;235,49
Tesouro IPCA+;15/05/2029;20/06/2025;7,59;7,56;3154,80;3161,12;3157,96
Tesouro IPCA+;15/05/2035;20/06/2025;7,70;7,67;2017,53;2021,57;2019,55
Tesouro IPCA+;15/05/2045;20/06/2025;7,84;7,81;938,48;940,36;939,42
Tesouro IPCA+ com Juros Semestrais;15/08/2032;20/06/2025;7,69;7,66;2471,99;2476,94;2474,46
Tesouro IPCA+ com Juros Semestrais;15/08/2040;20/06/2025;7,84;7,81;1341,78;1344,46;1343,12
Tesouro IPCA+ com Juros Semestrais;15/05/2055;20/06/2025;7,87;7,84;439,07;439,95;439,51
Tesouro Selic;01/03/2029;20/06/2025;0,06;0,03;15156,93;15187,30;15172,11
Tesouro Prefixado;01/01/2027;23/06/2025;13,85;13,82;819,25;820,90;820,08
Tesouro Prefixado;01/01/2029;23/06/2025;13,67;13,64;635,71;636,99;636,35
Tesouro Prefixado;01/01/2031;23/06/2025;13,56;13,53;495,10;496,09;495,59
Tesouro Prefixado com Juros Semestrais;01/01/2033;23/06/2025;13,57;13,54;383,76;384,53;384,15
Tesouro Prefixado com Juros Semestrais;01/01/2035;23/06/2025;13,49;13,46;299,72;300,32;300,02
Tesouro Prefixado com Juros Semestrais;01/01/2037;23/06/2025;13,46;13,43;233,43;233,90;233,67
Tesouro IPCA+;15/05/2029;23/06/2025;7,62;7,59;3152,40;3158,72;3155,56
Tesouro IPCA+;15/05/2035;23/06/2025;7,75;7,72;2007,77;2011,79;2009,78
Tesouro IPCA+;15/05/2045;23/06/2025;7,86;7,83;935,99;937,86;936,93
Tesouro IPCA+ com Juros Semestrais;15/08/2032;23/06/2025;7,67;7,64;2477,33;2482,29;2479,81
Tesouro IPCA+ com Juros Semestrais;15/08/2040;23/06/2025;7,81;7,78;1348,31;1351,01;1349,66
Tesouro IPCA+ com Juros Semestrais;15/05/2055;23/06/2025;7,89;7,86;436,14;437,01;436,58
Tesouro Selic;01/03/2029;23/06/2025;0,05;0,02;15160,02;15190,40;15175,21
Tesouro Prefixado;01/01/2027;24/06/2025;13,80;13,77;820,03;821,67;820,85
Tesouro Prefixado;01/01/2029;24/06/2025;13,67;13,64;635,92;637,19;636,56
Tesouro Prefixado;01/01/2031;24/06/2025;13,61;13,58;493,92;494,91;494,41
Tesouro Prefixado com Juros Semestrais;01/01/2033;24/06/2025;13,55;13,52;384,46;385,23;384,84
Tesouro Prefixado com Juros Semestrais;01/01/2035;24/06/2025;13,53;13,50;298,91;299,51;299,21
Tesouro Prefixado com Juros Semestrais;01/01/2037;24/06/2025;13,47;13,44;233,41;233,88;233,64
Tesouro IPCA+;15/05/2029;24/06/2025;7,62;7,59;3153,75;3160,07;3156,91
Tesouro IPCA+;15/05/2035;24/06/2025;7,74;7,71;2010,70;2014,73;2012,71
Tesouro IPCA+;15/05/2045;24/06/2025;7,86;7,83;936,04;937,91;936,98
Tesouro IPCA+ com Juros Semestrais;15/08/2032;24/06/2025;7,72;7,69;2469,05;2474,00;2471,52
Tesouro IPCA+ com Juros Semestrais;15/08/2040;24/06/2025;7,84;7,81;1341,96;1344,65;1343,31
Tesouro IPCA+ com Juros Semestrais;15/05/2055;24/06/2025;7,92;7,89;432,84;433,71;433,27
Tesouro Selic;01/03/2029;24/06/2025;0,07;0,04;15163,11;15193,50;15178,31
Tesouro Prefixado;01/01/2027;25/06/2025;13,78;13,75;820,55;822,20;821,37
Tesouro Prefixado;01/01/2029;25/06/2025;13,66;13,63;636,49;637,76;637,12
Tesouro Prefixado;01/01/2031;25/06/2025;13,57;13,54;495,15;496,14;495,64
Tesouro Prefixado com Juros Semestrais;01/01/2033;25/06/2025;13,54;13,51;384,90;385,67;385,29
Tesouro Prefixado com Juros Semestrais;01/01/2035;25/06/2025;13,47;13,44;300,40;301,01;300,70
Tesouro Prefixado com Juros Semestrais;01/01/2037;25/06/2025;13,42;13,39;234,56;235,03;234,79
Tesouro IPCA+;15/05/2029;25/06/2025;7,65;7,62;3150,24;3156,55;3153,39
Tesouro IPCA+;15/05/2035;25/06/2025;7,79;7,76;2002,93;2006,94;2004,94
Tesouro IPCA+;15/05/2045;25/06/2025;7,86;7,83;936,31;938,18;937,24
Tesouro IPCA+ com Juros Semestrais;15/08/2032;25/06/2025;7,74;7,71;2466,93;2471,87;2469,40
Tesouro IPCA+ com Juros Semestrais;15/08/2040;25/06/2025;7,87;7,84;1336,60;1339,28;1337,94
Tesouro IPCA+ com Juros Semestrais;15/05/2055;25/06/2025;7,96;7,93;428,44;429,30;428,87
Tesouro Selic;01/03/2029;25/06/2025;0,06;0,03;15166,21;15196,60;15181,40
Tesouro Prefixado;01/01/2027;26/06/2025;13,77;13,74;820,91;822,56;821,74
Tesouro Prefixado;01/01/2029;26/06/2025;13,63;13,60;637,29;638,57;637,93
Tesouro Prefixado;01/01/2031;26/06/2025;13,54;13,51;496,14;497,13;496,63
Tesouro Prefixado com Juros Semestrais;01/01/2033;26/06/2025;13,50;13,47;385,84;386,61;386,22
Tesouro Prefixado com Juros Semestrais;01/01/2035;26/06/2025;13,49;13,46;300,11;300,71;300,41
Tesouro Prefixado com Juros Semestrais;01/01/2037;26/06/2025;13,42;13,39;234,79;235,26;235,03
Tesouro IPCA+;15/05/2029;26/06/2025;7,66;7,63;3149,74;3156,05;3152,90
Tesouro IPCA+;15/05/2035;26/06/2025;7,77;7,74;2007,10;2011,13;2009,12
Tesouro IPCA+;15/05/2045;26/06/2025;7,88;7,85;932,16;934,03;933,10
Tesouro IPCA+ com Juros Semestrais;15/08/2032;26/06/2025;7,75;7,72;2465,36;2470,30;2467,83
Tesouro IPCA+ com Juros Semestrais;15/08/2040;26/06/2025;7,86;7,83;1339,68;1342,36;1341,02
Tesouro IPCA+ com Juros Semestrais;15/05/2055;26/06/2025;7,94;7,91;430,55;431,41;430,98
Tesouro Selic;01/03/2029;26/06/2025;0,06;0,03;15169,30;15199,70;15184,50
Tesouro Prefixado;01/01/2027;27/06/2025;13,84;13,81;820,51;822,15;821,33
Tesouro Prefixado;01/01/2029;27/06/2025;13,68;13,65;636,46;637,74;637,10
Tesouro Prefixado;01/01/2031;27/06/2025;13,63;13,60;494,01;495,00;494,50
Tesouro Prefixado com Juros Semestrais;01/01/2033;27/06/2025;13,62;13,59;383,06;383,82;383,44
Tesouro Prefixado com Juros Semestrais;01/01/2035;27/06/2025;13,57;13,54;298,15;298,74;298,44
Tesouro Prefixado com Juros Semestrais;01/01/2037;27/06/2025;13,53;13,50;232,18;232,65;232,42
Tesouro IPCA+;15/05/2029;27/06/2025;7,62;7,59;3154,87;3161,19;3158,03
Tesouro IPCA+;15/05/2035;27/06/2025;7,78;7,75;2004,36;2008,38;2006,37
Tesouro IPCA+;15/05/2045;27/06/2025;7,87;7,84;934,90;936,77;935,83
Tesouro IPCA+ com Juros Semestrais;15/08/2032;27/06/2025;7,76;7,73;2463,75;2468,69;2466,22
Tesouro IPCA+ com Juros Semestrais;15/08/2040;27/06/2025;7,83;7,80;1344,80;1347,50;1346,15
Tesouro IPCA+ com Juros Semestrais;15/05/2055;27/06/2025;7,90;7,87;435,69;436,56;436,13
Tesouro Selic;01/03/2029;27/06/2025;0,06;0,03;15172,39;15202,80;15187,60
Tesouro Prefixado;01/01/2027;30/06/2025;13,87;13,84;821,08;822,73;821,90
Tesouro Prefixado;01/01/2029;30/06/2025;13,73;13,70;636,09;637,36;636,72
Tesouro Prefixado;01/01/2031;30/06/2025;13,64;13,61;494,29;495,28;494,79
Tesouro Prefixado com Juros Semestrais;01/01/2033;30/06/2025;13,61;13,58;383,73;384,50;384,12
Tesouro Prefixado com Juros Semestrais;01/01/2035;30/06/2025;13,54;13,51;299,33;299,93;299,63
Tesouro Prefixado com Juros Semestrais;01/01/2037;30/06/2025;13,57;13,54;231,40;231,87;231,63
Tesouro IPCA+;15/05/2029;30/06/2025;7,57;7,54;3162,38;3168,72;3165,55
Tesouro IPCA+;15/05/2035;30/06/2025;7,71;7,68;2018,89;2022,94;2020,91
Tesouro IPCA+;15/05/2045;30/06/2025;7,81;7,78;944,81;946,70;945,75
Tesouro IPCA+ com Juros Semestrais;15/08/2032;30/06/2025;7,65;7,62;2483,02;2487,99;2485,51
Tesouro IPCA+ com Juros Semestrais;15/08/2040;30/06/2025;7,74;7,71;1362,44;1365,17;1363,80
Tesouro IPCA+ com Juros Semestrais;15/05/2055;30/06/2025;7,88;7,85;438,85;439,73;439,29
Tesouro Selic;01/03/2029;30/06/2025;0,06;0,03;15175,49;15205,90;15190,69
Tesouro Prefixado;01/01/2027;01/07/2025;13,95;13,92;820,43;822,07;821,25
Tesouro Prefixado;01/01/2029;01/07/2025;13,76;13,73;635,78;637,06;636,42
Tesouro Prefixado;01/01/2031;01/07/2025;13,72;13,69;492,60;493,59;493,09
Tesouro Prefixado com Juros Semestrais;01/01/2033;01/07/2025;13,66;13,63;382,66;383,43;383,05
Tesouro Prefixado com Juros Semestrais;01/01/2035;01/07/2025;13,60;13,57;297,93;298,52;298,22
Tesouro Prefixado com Juros Semestrais;01/01/2037;01/07/2025;13,61;13,58;230,61;231,07;230,84
Tesouro IPCA+;15/05/2029;01/07/2025;7,51;7,48;3169,78;3176,14;3172,96
Tesouro IPCA+;15/05/2035;01/07/2025;7,66;7,63;2029,14;2033,21;2031,18
Tesouro IPCA+;15/05/2045;01/07/2025;7,80;7,77;947,87;949,77;948,82
Tesouro IPCA+ com Juros Semestrais;15/08/2032;01/07/2025;7,63;7,60;2487,86;2492,85;2490,36
Tesouro IPCA+ com Juros Semestrais;15/08/2040;01/07/2025;7,75;7,72;1360,34;1363,07;1361,70
Tesouro IPCA+ com Juros Semestrais;15/05/2055;01/07/2025;7,86;7,83;441,29;442,17;441,73
Tesouro Selic;01/03/2029;01/07/2025;0,05;0,02;15178,58;15209,00;15193,79
Tesouro Prefixado;01/01/2027;02/07/2025;13,94;13,91;820,81;822,45;821,63
Tesouro Prefixado;01/01/2029;02/07/2025;13,76;13,73;635,93;637,20;636,56
Tesouro Prefixado;01/01/2031;02/07/2025;13,70;13,67;493,36;494,35;493,85
Tesouro Prefixado com Juros Semestrais;01/01/2033;02/07/2025;13,66;13,63;382,81;383,57;383,19
Tesouro Prefixado com Juros Semestrais;01/01/2035;02/07/2025;13,66;13,63;296,54;297,13;296,84
Tesouro Prefixado com Juros Semestrais;01/01/2037;02/07/2025;13,63;13,60;230,25;230,71;230,48
Tesouro IPCA+;15/05/2029;02/07/2025;7,54;7,51;3167,41;3173,76;3170,59
Tesouro IPCA+;15/05/2035;02/07/2025;7,71;7,68;2020,04;2024,09;2022,06
Tesouro IPCA+;15/05/2045;02/07/2025;7,83;7,80;942,13;944,02;943,08
Tesouro IPCA+ com Juros Semestrais;15/08/2032;02/07/2025;7,67;7,64;2481,53;2486,50;2484,02
Tesouro IPCA+ com Juros Semestrais;15/08/2040;02/07/2025;7,79;7,76;1354,03;1356,74;1355,38
Tesouro IPCA+ com Juros Semestrais;15/05/2055;02/07/2025;7,87;7,84;439,95;440,83;440,39
Tesouro Selic;01/03/2029;02/07/2025;0,05;0,02;15181,68;15212,10;15196,89
Tesouro Prefixado;01/01/2027;03/07/2025;14,03;14,00;820,19;821,83;821,01
Tesouro Prefixado;01/01/2029;03/07/2025;13,87;13,84;634,16;635,44;634,80
Tesouro Prefixado;01/01/2031;03/07/2025;13,79;13,76;491,18;492,16;491,67
Tesouro Prefixado com Juros Semestrais;01/01/2033;03/07/2025;13,77;13,74;380,13;380,90;380,52
Tesouro Prefixado com Juros Semestrais;01/01/2035;03/07/2025;13,73;13,70;294,73;295,32;295,03
Tesouro Prefixado com Juros Semestrais;01/01/2037;03/07/2025;13,71;13,68;228,37;228,82;228,59
Tesouro IPCA+;15/05/2029;03/07/2025;7,58;7,55;3163,70;3170,04;3166,87
Tesouro IPCA+;15/05/2035;03/07/2025;7,71;7,68;2020,08;2024,13;2022,10
Tesouro IPCA+;15/05/2045;03/07/2025;7,79;7,76;949,01;950,91;949,96
Tesouro IPCA+ com Juros Semestrais;15/08/2032;03/07/2025;7,64;7,61;2486,48;2491,46;2488,97
Tesouro IPCA+ com Juros Semestrais;15/08/2040;03/07/2025;7,78;7,75;1355,13;1357,85;1356,49
Tesouro IPCA+ com Juros Semestrais;15/05/2055;03/07/2025;7,86;7,83;440,94;441,82;441,38
Tesouro Selic;01/03/2029;03/07/2025;0,05;0,02;15184,77;15215,20;15199,98
Tesouro Prefixado;01/01/2027;04/07/2025;14,09;14,06;819,80;821,45;820,63
Tesouro Prefixado;01/01/2029;04/07/2025;13,91;13,88;633,52;634,79;634,15
Tesouro Prefixado;01/01/2031;04/07/2025;13,85;13,82;490,12;491,10;490,61
Tesouro Prefixado com Juros Semestrais;01/01/2033;04/07/2025;13,84;13,81;378,49;379,24;378,87
Tesouro Prefixado com Juros Semestrais;01/01/2035;04/07/2025;13,81;13,78;293,01;293,59;293,30
Tesouro Prefixado com Juros Semestrais;01/01/2037;04/07/2025;13,79;13,76;226,68;227,13;226,91
Tesouro IPCA+;15/05/2029;04/07/2025;7,56;7,53;3166,69;3173,04;3169,87
Tesouro IPCA+;15/05/2035;04/07/2025;7,71;7,68;2021,00;2025,05;2023,03
Tesouro IPCA+;15/05/2045;04/07/2025;7,78;7,75;950,80;952,71;951,75
Tesouro IPCA+ com Juros Semestrais;15/08/2032;04/07/2025;7,64;7,61;2487,50;2492,48;2489,99
Tesouro IPCA+ com Juros Semestrais;15/08/2040;04/07/2025;7,74;7,71;1364,27;1367,00;1365,63
Tesouro IPCA+ com Juros Semestrais;15/05/2055;04/07/2025;7,86;7,83;440,68;441,56;441,12
Tesouro Selic;01/03/2029;04/07/2025;0,06;0,03;15187,86;15218,30;15203,08
Tesouro Prefixado;01/01/2027;07/07/2025;13,97;13,94;821,98;823,63;822,81
Tesouro Prefixado;01/01/2029;07/07/2025;13,87;13,84;634,93;636,20;635,56
Tesouro Prefixado;01/01/2031;07/07/2025;13,78;13,75;492,16;493,14;492,65
Tesouro Prefixado com Juros Semestrais;01/01/2033;07/07/2025;13,72;13,69;381,80;382,57;382,19
Tesouro Prefixado com Juros Semestrais;01/01/2035;07/07/2025;13,73;13,70;295,28;295,87;295,57
Tesouro Prefixado com Juros Semestrais;01/01/2037;07/07/2025;13,66;13,63;229,83;230,29;230,06
Tesouro IPCA+;15/05/2029;07/07/2025;7,54;7,51;3170,80;3177,15;3173,98
Tesouro IPCA+;15/05/2035;07/07/2025;7,69;7,66;2024,85;2028,91;2026,88
Tesouro IPCA+;15/05/2045;07/07/2025;7,80;7,77;948,94;950,84;949,89
Tesouro IPCA+ com Juros Semestrais;15/08/2032;07/07/2025;7,62;7,59;2491,45;2496,45;2493,95
Tesouro IPCA+ com Juros Semestrais;15/08/2040;07/07/2025;7,72;7,69;1367,93;1370,67;1369,30
Tesouro IPCA+ com Juros Semestrais;15/05/2055;07/07/2025;7,85;7,82;442,27;443,16;442,71
Tesouro Selic;01/03/2029;07/07/2025;0,06;0,03;15190,96;15221,40;15206,18
Tesouro Prefixado;01/01/2027;08/07/2025;13,97;13,94;822,27;823,92;823,09
Tesouro Prefixado;01/01/2029;08/07/2025;13,83;13,80;636,05;637,32;636,69
Tesouro Prefixado;01/01/2031;08/07/2025;13,78;13,75;492,42;493,40;492,91
Tesouro Prefixado com Juros Semestrais;01/01/2033;08/07/2025;13,76;13,73;380,91;381,67;381,29
Tesouro Prefixado com Juros Semestrais;01/01/2035;08/07/2025;13,75;13,72;294,78;295,37;295,08
Tesouro Prefixado com Juros Semestrais;01/01/2037;08/07/2025;13,71;13,68;228,81;229,27;229,04
Tesouro IPCA+;15/05/2029;08/07/2025;7,54;7,51;3170,79;3177,14;3173,97
Tesouro IPCA+;15/05/2035;08/07/2025;7,65;7,62;2033,87;2037,94;2035,90
Tesouro IPCA+;15/05/2045;08/07/2025;7,80;7,77;948,46;950,36;949,41
Tesouro IPCA+ com Juros Semestrais;15/08/2032;08/07/2025;7,63;7,60;2491,32;2496,31;2493,81
Tesouro IPCA+ com Juros Semestrais;15/08/2040;08/07/2025;7,76;7,73;1360,67;1363,40;1362,03
Tesouro IPCA+ com Juros Semestrais;15/05/2055;08/07/2025;7,83;7,80;445,18;446,07;445,63
Tesouro Selic;01/03/2029;08/07/2025;0,05;0,02;15194,05;15224,50;15209,28
Tesouro Prefixado;01/01/2027;09/07/2025;13,97;13,94;822,61;824,26;823,43
Tesouro Prefixado;01/01/2029;09/07/2025;13,79;13,76;636,96;638,24;637,60
Tesouro Prefixado;01/01/2031;09/07/2025;13,78;13,75;492,59;493,58;493,08
Tesouro Prefixado com Juros Semestrais;01/01/2033;09/07/2025;13,74;13,71;381,69;382,45;382,07
Tesouro Prefixado com Juros Semestrais;01/01/2035;09/07/2025;13,70;13,67;296,23;296,82;296,52
Tesouro Prefixado com Juros Semestrais;01/01/2037;09/07/2025;13,67;13,64;229,78;230,24;230,01
Tesouro IPCA+;15/05/2029;09/07/2025;7,49;7,46;3177,25;3183,62;3180,44
Tesouro IPCA+;15/05/2035;09/07/2025;7,66;7,63;2032,42;2036,49;2034,45
Tesouro IPCA+;15/05/2045;09/07/2025;7,77;7,74;954,75;956,66;955,70
Tesouro IPCA+ com Juros Semestrais;15/08/2032;09/07/2025;7,63;7,60;2492,03;2497,02;2494,53
Tesouro IPCA+ com Juros Semestrais;15/08/2040;09/07/2025;7,72;7,69;1368,90;1371,64;1370,27
Tesouro IPCA+ com Juros Semestrais;15/05/2055;09/07/2025;7,82;7,79;447,18;448,07;447,63
Tesouro Selic;01/03/2029;09/07/2025;0,05;0,02;15197,14;15227,60;15212,37
Tesouro Prefixado;01/01/2027;10/07/2025;13,95;13,92;823,06;824,71;823,89
Tesouro Prefixado;01/01/2029;10/07/2025;13,79;13,76;637,28;638,56;637,92
Tesouro Prefixado;01/01/2031;10/07/2025;13,76;13,73;493,28;494,27;493,77
Tesouro Prefixado com Juros Semestrais;01/01/2033;10/07/2025;13,72;13,69;382,14;382,90;382,52
Tesouro Prefixado com Juros Semestrais;01/01/2035;10/07/2025;13,67;13,64;296,90;297,49;297,20
Tesouro Prefixado com Juros Semestrais;01/01/2037;10/07/2025;13,67;13,64;229,97;230,43;230,20
Tesouro IPCA+;15/05/2029;10/07/2025;7,39;7,36;3189,96;3196,35;3193,15
Tesouro IPCA+;15/05/2035;10/07/2025;7,57;7,54;2049,18;2053,28;2051,23
Tesouro IPCA+;15/05/2045;10/07/2025;7,72;7,69;964,05;965,98;965,01
Tesouro IPCA+ com Juros Semestrais;15/08/2032;10/07/2025;7,53;7,50;2507,65;2512,68;2510,17
Tesouro IPCA+ com Juros Semestrais;15/08/2040;10/07/2025;7,70;7,67;1374,25;1377,01;1375,63
Tesouro IPCA+ com Juros Semestrais;15/05/2055;10/07/2025;7,77;7,74;453,46;454,37;453,92
Tesouro Selic;01/03/2029;10/07/2025;0,06;0,03;15200,24;15230,70;15215,47
Tesouro Prefixado;01/01/2027;11/07/2025;14,05;14,02;822,30;823,95;823,12
Tesouro Prefixado;01/01/2029;11/07/2025;13,86;13,83;636,04;637,32;636,68
Tesouro Prefixado;01/01/2031;11/07/2025;13,85;13,82;491,25;492,23;491,74
Tesouro Prefixado com Juros Semestrais;01/01/2033;11/07/2025;13,75;13,72;381,62;382,38;382,00
Tesouro Prefixado com Juros Semestrais;01/01/2035;11/07/2025;13,79;13,76;294,16;294,75;294,45
Tesouro Prefixado com Juros Semestrais;01/01/2037;11/07/2025;13,73;13,70;228,61;229,07;228,84
Tesouro IPCA+;15/05/2029;11/07/2025;7,45;7,42;3183,90;3190,28;3187,09
Tesouro IPCA+;15/05/2035;11/07/2025;7,64;7,61;2036,98;2041,06;2039,02
Tesouro IPCA+;15/05/2045;11/07/2025;7,67;7,64;972,66;974,61;973,63
Tesouro IPCA+ com Juros Semestrais;15/08/2032;11/07/2025;7,56;7,53;2503,56;2508,57;2506,06
Tesouro IPCA+ com Juros Semestrais;15/08/2040;11/07/2025;7,66;7,63;1382,15;1384,92;1383,53
Tesouro IPCA+ com Juros Semestrais;15/05/2055;11/07/2025;7,80;7,77;449,29;450,19;449,74
Tesouro Selic;01/03/2029;11/07/2025;0,06;0,03;15203,33;15233,80;15218,57
Tesouro Prefixado;01/01/2027;14/07/2025;13,96;13,93;824,15;825,80;824,97
Tesouro Prefixado;01/01/2029;14/07/2025;13,85;13,82;637,06;638,34;637,70
Tesouro Prefixado;01/01/2031;14/07/2025;13,74;13,71;494,28;495,27;494,78
Tesouro Prefixado com Juros Semestrais;01/01/2033;14/07/2025;13,74;13,71;382,35;383,11;382,73
Tesouro Prefixado com Juros Semestrais;01/01/2035;14/07/2025;13,72;13,69;296,30;296,90;296,60
Tesouro Prefixado com Juros Semestrais;01/01/2037;14/07/2025;13,68;13,65;230,01;230,47;230,24
Tesouro IPCA+;15/05/2029;14/07/2025;7,47;7,44;3182,94;3189,32;3186,13
Tesouro IPCA+;15/05/2035;14/07/2025;7,55;7,52;2055,09;2059,21;2057,15
Tesouro IPCA+;15/05/2045;14/07/2025;7,65;7,62;977,13;979,08;978,10
Tesouro IPCA+ com Juros Semestrais;15/08/2032;14/07/2025;7,54;7,51;2508,72;2513,75;2511,24
Tesouro IPCA+ com Juros Semestrais;15/08/2040;14/07/2025;7,66;7,63;1381,40;1384,17;1382,79
Tesouro IPCA+ com Juros Semestrais;15/05/2055;14/07/2025;7,78;7,75;452,16;453,07;452,62
Tesouro Selic;01/03/2029;14/07/2025;0,06;0,03;15206,43;15236,90;15221,66
Tesouro Prefixado;01/01/2027;15/07/2025;13,95;13,92;824,55;826,20;825,37
Tesouro Prefixado;01/01/2029;15/07/2025;13,84;13,81;637,36;638,64;638,00
Tesouro Prefixado;01/01/2031;15/07/2025;13,76;13,73;494,12;495,11;494,61
Tesouro Prefixado com Juros Semestrais;01/01/2033;15/07/2025;13,71;13,68;383,20;383,97;383,59
Tesouro Prefixado com Juros Semestrais;01/01/2035;15/07/2025;13,67;13,64;297,49;298,09;297,79
Tesouro Prefixado com Juros Semestrais;01/01/2037;15/07/2025;13,67;13,64;230,46;230,92;230,69
Tesouro IPCA+;15/05/2029;15/07/2025;7,45;7,42;3186,31;3192,70;3189,50
Tesouro IPCA+;15/05/2035;15/07/2025;7,55;7,52;2054,18;2058,30;2056,24
Tesouro IPCA+;15/05/2045;15/07/2025;7,65;7,62;977,25;979,21;978,23
Tesouro IPCA+ com Juros Semestrais;15/08/2032;15/07/2025;7,50;7,47;2515,24;2520,28;2517,76
Tesouro IPCA+ com Juros Semestrais;15/08/2040;15/07/2025;7,64;7,61;1386,58;1389,36;1387,97
Tesouro IPCA+ com Juros Semestrais;15/05/2055;15/07/2025;7,68;7,65;464,71;465,64;465,18
Tesouro Selic;01/03/2029;15/07/2025;0,05;0,02;15209,52;15240,00;15224,76
Tesouro Prefixado;01/01/2027;16/07/2025;13,90;13,87;825,44;827,09;826,27
Tesouro Prefixado;01/01/2029;16/07/2025;13,81;13,78;638,26;639,54;638,90
Tesouro Prefixado;01/01/2031;16/07/2025;13,70;13,67;495,75;496,75;496,25
Tesouro Prefixado com Juros Semestrais;01/01/2033;16/07/2025;13,70;13,67;383,50;384,27;383,89
Tesouro Prefixado com Juros Semestrais;01/01/2035;16/07/2025;13,61;13,58;299,16;299,76;299,46
Tesouro Prefixado com Juros Semestrais;01/01/2037;16/07/2025;13,63;13,60;231,40;231,87;231,63
Tesouro IPCA+;15/05/2029;16/07/2025;7,39;7,36;3193,28;3199,68;3196,48
Tesouro IPCA+;15/05/2035;16/07/2025;7,49;7,46;2066,98;2071,12;2069,05
Tesouro IPCA+;15/05/2045;16/07/2025;7,61;7,58;984,51;986,48;985,50
Tesouro IPCA+ com Juros Semestrais;15/08/2032;16/07/2025;7,48;7,45;2520,13;2525,18;2522,65
Tesouro IPCA+ com Juros Semestrais;15/08/2040;16/07/2025;7,54;7,51;1406,87;1409,69;1408,28
Tesouro IPCA+ com Juros Semestrais;15/05/2055;16/07/2025;7,65;7,62;468,95;469,89;469,42
Tesouro Selic;01/03/2029;16/07/2025;0,05;0,02;15212,61;15243,10;15227,86
Tesouro Prefixado;01/01/2027;17/07/2025;13,91;13,88;825,58;827,23;826,40
Tesouro Prefixado;01/01/2029;17/07/2025;13,79;13,76;638,79;640,07;639,43
Tesouro Prefixado;01/01/2031;17/07/2025;13,73;13,70;495,19;496,19;495,69
Tesouro Prefixado com Juros Semestrais;01/01/2033;17/07/2025;13,65;13,62;384,97;385,74;385,35
Tesouro Prefixado com Juros Semestrais;01/01/2035;17/07/2025;13,63;13,60;298,62;299,22;298,92
Tesouro Prefixado com Juros Semestrais;01/01/2037;17/07/2025;13,65;13,62;231,03;231,50;231,27
Tesouro IPCA+;15/05/2029;17/07/2025;7,42;7,39;3190,56;3196,96;3193,76
Tesouro IPCA+;15/05/2035;17/07/2025;7,52;7,49;2061,94;2066,07;2064,00
Tesouro IPCA+;15/05/2045;17/07/2025;7,67;7,64;973,59;975,54;974,56
Tesouro IPCA+ com Juros Semestrais;15/08/2032;17/07/2025;7,50;7,47;2516,56;2521,60;2519,08
Tesouro IPCA+ com Juros Semestrais;15/08/2040;17/07/2025;7,59;7,56;1396,05;1398,85;1397,45
Tesouro IPCA+ com Juros Semestrais;15/05/2055;17/07/2025;7,69;7,66;463,94;464,87;464,40
Tesouro Selic;01/03/2029;17/07/2025;0,06;0,03;15215,71;15246,20;15230,95
Tesouro Prefixado;01/01/2027;18/07/2025;13,87;13,84;826,30;827,96;827,13
Tesouro Prefixado;01/01/2029;18/07/2025;13,70;13,67;640,76;642,04;641,40
Tesouro Prefixado;01/01/2031;18/07/2025;13,61;13,58;498,24;499,24;498,74
Tesouro Prefixado com Juros Semestrais;01/01/2033;18/07/2025;13,61;13,58;386,07;386,84;386,45
Tesouro Prefixado com Juros Semestrais;01/01/2035;18/07/2025;13,55;13,52;300,85;301,45;301,15
Tesouro Prefixado com Juros Semestrais;01/01/2037;18/07/2025;13,53;13,50;233,90;234,37;234,13
Tesouro IPCA+;15/05/2029;18/07/2025;7,37;7,34;3196,86;3203,26;3200,06
Tesouro IPCA+;15/05/2035;18/07/2025;7,53;7,50;2059,35;2063,47;2061,41
Tesouro IPCA+;15/05/2045;18/07/2025;7,64;7,61;979,74;981,71;980,72
Tesouro IPCA+ com Juros Semestrais;15/08/2032;18/07/2025;7,52;7,49;2514,19;2519,23;2516,71
Tesouro IPCA+ com Juros Semestrais;15/08/2040;18/07/2025;7,62;7,59;1391,47;1394,26;1392,86
Tesouro IPCA+ com Juros Semestrais;15/05/2055;18/07/2025;7,74;7,71;457,74;458,66;458,20
Tesouro Selic;01/03/2029;18/07/2025;0,06;0,03;15218,80;15249,30;15234,05
Tesouro Prefixado;01/01/2027;21/07/2025;13,88;13,85;827,03;828,68;827,86
Tesouro Prefixado;01/01/2029;21/07/2025;13,72;13,69;641,10;642,39;641,74
Tesouro Prefixado;01/01/2031;21/07/2025;13,62;13,59;498,50;499,50;499,00
Tesouro Prefixado com Juros Semestrais;01/01/2033;21/07/2025;13,62;13,59;386,19;386,96;386,57
Tesouro Prefixado com Juros Semestrais;01/01/2035;21/07/2025;13,58;13,55;300,52;301,12;300,82
Tesouro Prefixado com Juros Semestrais;01/01/2037;21/07/2025;13,52;13,49;234,27;234,74;234,51
Tesouro IPCA+;15/05/2029;21/07/2025;7,38;7,35;3197,90;3204,31;3201,11
Tesouro IPCA+;15/05/2035;21/07/2025;7,53;7,50;2061,81;2065,94;2063,88
Tesouro IPCA+;15/05/2045;21/07/2025;7,63;7,60;981,55;983,52;982,53
Tesouro IPCA+ com Juros Semestrais;15/08/2032;21/07/2025;7,48;7,45;2522,05;2527,11;2524,58
Tesouro IPCA+ com Juros Semestrais;15/08/2040;21/07/2025;7,57;7,54;1402,59;1405,40;1403,99
Tesouro IPCA+ com Juros Semestrais;15/05/2055;21/07/2025;7,69;7,66;464,13;465,06;464,60
Tesouro Selic;01/03/2029;21/07/2025;0,07;0,04;15221,90;15252,40;15237,15
Tesouro Prefixado;01/01/2027;22/07/2025;13,88;13,85;827,38;829,04;828,21
Tesouro Prefixado;01/01/2029;22/07/2025;13,71;13,68;641,47;642,75;642,11
Tesouro Prefixado;01/01/2031;22/07/2025;13,67;13,64;497,33;498,33;497,83
Tesouro Prefixado com Juros Semestrais;01/01/2033;22/07/2025;13,59;13,56;387,15;387,92;387,54
Tesouro Prefixado com Juros Semestrais;01/01/2035;22/07/2025;13,56;13,53;300,93;301,53;301,23
Tesouro Prefixado com Juros Semestrais;01/01/2037;22/07/2025;13,61;13,58;232,44;232,90;232,67
Tesouro IPCA+;15/05/2029;22/07/2025;7,40;7,37;3195,97;3202,38;3199,18
Tesouro IPCA+;15/05/2035;22/07/2025;7,56;7,53;2056,17;2060,29;2058,23
Tesouro IPCA+;15/05/2045;22/07/2025;7,67;7,64;974,41;976,36;975,39
Tesouro IPCA+ com Juros Semestrais;15/08/2032;22/07/2025;7,49;7,46;2520,52;2525,57;2523,04
Tesouro IPCA+ com Juros Semestrais;15/08/2040;22/07/2025;7,59;7,56;1397,19;1399,99;1398,59
Tesouro IPCA+ com Juros Semestrais;15/05/2055;22/07/2025;7,69;7,66;463,97;464,90;464,43
Tesouro Selic;01/03/2029;22/07/2025;0,06;0,03;15224,99;15255,50;15240,24
Tesouro Prefixado;01/01/2027;23/07/2025;13,88;13,85;827,67;829,33;828,50
Tesouro Prefixado;01/01/2029;23/07/2025;13,70;13,67;641,88;643,17;642,53
Tesouro Prefixado;01/01/2031;23/07/2025;13,67;13,64;497,70;498,70;498,20
Tesouro Prefixado com Juros Semestrais;01/01/2033;23/07/2025;13,62;13,59;386,49;387,26;386,88
Tesouro Prefixado com Juros Semestrais;01/01/2035;23/07/2025;13,60;13,57;300,13;300,73;300,43
Tesouro Prefixado com Juros Semestrais;01/01/2037;23/07/2025;13,56;13,53;233,67;234,14;233,91
Tesouro IPCA+;15/05/2029;23/07/2025;7,40;7,37;3196,37;3202,78;3199,57
Tesouro IPCA+;15/05/2035;23/07/2025;7,52;7,49;2064,70;2068,84;2066,77
Tesouro IPCA+;15/05/2045;23/07/2025;7,68;7,65;972,66;974,61;973,63
Tesouro IPCA+ com Juros Semestrais;15/08/2032;23/07/2025;7,48;7,45;2523,77;2528,82;2526,29
Tesouro IPCA+ com Juros Semestrais;15/08/2040;23/07/2025;7,63;7,60;1389,78;1392,57;1391,18
Tesouro IPCA+ com Juros Semestrais;15/05/2055;23/07/2025;7,69;7,66;464,57;465,50;465,03
Tesouro Selic;01/03/2029;23/07/2025;0,06;0,03;15228,08;15258,60;15243,34
Tesouro Prefixado;01/01/2027;24/07/2025;13,98;13,95;826,89;828,55;827,72
Tesouro Prefixado;01/01/2029;24/07/2025;13,81;13,78;640,08;641,36;640,72
Tesouro Prefixado;01/01/2031;24/07/2025;13,75;13,72;495,88;496,87;496,38
Tesouro Prefixado com Juros Semestrais;01/01/2033;24/07/2025;13,66;13,63;385,54;386,31;385,93
Tesouro Prefixado com Juros Semestrais;01/01/2035;24/07/2025;13,63;13,60;299,50;300,10;299,80
Tesouro Prefixado com Juros Semestrais;01/01/2037;24/07/2025;13,62;13,59;232,28;232,75;232,52
Tesouro IPCA+;15/05/2029;24/07/2025;7,44;7,41;3192,80;3199,20;3196,00
Tesouro IPCA+;15/05/2035;24/07/2025;7,55;7,52;2058,54;2062,66;2060,60
Tesouro IPCA+;15/05/2045;24/07/2025;7,68;7,65;973,24;975,19;974,22
Tesouro IPCA+ com Juros Semestrais;15/08/2032;24/07/2025;7,54;7,51;2513,48;2518,51;2516,00
Tesouro IPCA+ com Juros Semestrais;15/08/2040;24/07/2025;7,59;7,56;1398,57;1401,37;1399,97
Tesouro IPCA+ com Juros Semestrais;15/05/2055;24/07/2025;7,75;7,72;456,83;457,74;457,28
Tesouro Selic;01/03/2029;24/07/2025;0,06;0,03;15231,18;15261,70;15246,44
Tesouro Prefixado;01/01/2027;25/07/2025;13,94;13,91;827,66;829,32;828,49
Tesouro Prefixado;01/01/2029;25/07/2025;13,69;13,66;642,64;643,93;643,28
Tesouro Prefixado;01/01/2031;25/07/2025;13,60;13,57;499,74;500,74;500,24
Tesouro Prefixado com Juros Semestrais;01/01/2033;25/07/2025;13,55;13,52;388,52;389,30;388,91
Tesouro Prefixado com Juros Semestrais;01/01/2035;25/07/2025;13,53;13,50;302,04;302,65;302,34
Tesouro Prefixado com Juros Semestrais;01/01/2037;25/07/2025;13,46;13,43;236,10;236,57;236,33
Tesouro IPCA+;15/05/2029;25/07/2025;7,46;7,43;3190,97;3197,36;3194,17
Tesouro IPCA+;15/05/2035;25/07/2025;7,59;7,56;2050,69;2054,79;2052,74
Tesouro IPCA+;15/05/2045;25/07/2025;7,71;7,68;967,50;969,44;968,47
Tesouro IPCA+ com Juros Semestrais;15/08/2032;25/07/2025;7,57;7,54;2509,48;2514,50;2511,99
Tesouro IPCA+ com Juros Semestrais;15/08/2040;25/07/2025;7,62;7,59;1393,11;1395,90;1394,50
Tesouro IPCA+ com Juros Semestrais;15/05/2055;25/07/2025;7,78;7,75;453,37;454,27;453,82
Tesouro Selic;01/03/2029;25/07/2025;0,07;0,04;15234,27;15264,80;15249,54
Tesouro Prefixado;01/01/2027;28/07/2025;13,96;13,93;828,30;829,96;829,13
Tesouro Prefixado;01/01/2029;28/07/2025;13,78;13,75;641,50;642,79;642,15
Tesouro Prefixado;01/01/2031;28/07/2025;13,68;13,65;498,23;499,23;498,73
Tesouro Prefixado com Juros Semestrais;01/01/2033;28/07/2025;13,56;13,53;388,78;389,55;389,16
Tesouro Prefixado com Juros Semestrais;01/01/2035;28/07/2025;13,58;13,55;301,23;301,84;301,53
Tesouro Prefixado com Juros Semestrais;01/01/2037;28/07/2025;13,51;13,48;235,16;235,63;235,40
Tesouro IPCA+;15/05/2029;28/07/2025;7,42;7,39;3197,46;3203,87;3200,66
Tesouro IPCA+;15/05/2035;28/07/2025;7,59;7,56;2052,48;2056,59;2054,53
Tesouro IPCA+;15/05/2045;28/07/2025;7,68;7,65;974,02;975,97;975,00
Tesouro IPCA+ com Juros Semestrais;15/08/2032;28/07/2025;7,56;7,53;2512,66;2517,70;2515,18
Tesouro IPCA+ com Juros Semestrais;15/08/2040;28/07/2025;7,65;7,62;1388,69;1391,48;1390,09
Tesouro IPCA+ com Juros Semestrais;15/05/2055;28/07/2025;7,78;7,75;454,00;454,91;454,46
Tesouro Selic;01/03/2029;28/07/2025;0,07;0,04;15237,36;15267,90;15252,63
Tesouro Prefixado;01/01/2027;29/07/2025;13,96;13,93;828,56;830,22;829,39
Tesouro Prefixado;01/01/2029;29/07/2025;13,79;13,76;641,53;642,82;642,17
Tesouro Prefixado;01/01/2031;29/07/2025;13,73;13,70;497,32;498,32;497,82
Tesouro Prefixado com Juros Semestrais;01/01/2033;29/07/2025;13,60;13,57;387,81;388,59;388,20
Tesouro Prefixado com Juros Semestrais;01/01/2035;29/07/2025;13,57;13,54;301,53;302,13;301,83
Tesouro Prefixado com Juros Semestrais;01/01/2037;29/07/2025;13,55;13,52;234,32;234,79;234,56
Tesouro IPCA+;15/05/2029;29/07/2025;7,44;7,41;3196,22;3202,63;3199,42
Tesouro IPCA+;15/05/2035;29/07/2025;7,61;7,58;2048,83;2052,93;2050,88
Tesouro IPCA+;15/05/2045;29/07/2025;7,69;7,66;971,69;973,64;972,66
Tesouro IPCA+ com Juros Semestrais;15/08/2032;29/07/2025;7,53;7,50;2517,31;2522,36;2519,83
Tesouro IPCA+ com Juros Semestrais;15/08/2040;29/07/2025;7,66;7,63;1386,17;1388,95;1387,56
Tesouro IPCA+ com Juros Semestrais;15/05/2055;29/07/2025;7,73;7,70;459,29;460,21;459,75
Tesouro Selic;01/03/2029;29/07/2025;0,06;0,03;15240,46;15271,00;15255,73
Tesouro Prefixado;01/01/2027;30/07/2025;13,96;13,93;828,92;830,58;829,75
Tesouro Prefixado;01/01/2029;30/07/2025;13,73;13,70;642,96;644,25;643,60
Tesouro Prefixado;01/01/2031;30/07/2025;13,66;13,63;499,07;500,07;499,57
Tesouro Prefixado com Juros Semestrais;01/01/2033;30/07/2025;13,64;13,61;386,93;387,71;387,32
Tesouro Prefixado com Juros Semestrais;01/01/2035;30/07/2025;13,60;13,57;300,85;301,45;301,15
Tesouro Prefixado com Juros Semestrais;01/01/2037;30/07/2025;13,54;13,51;234,60;235,07;234,83
Tesouro IPCA+;15/05/2029;30/07/2025;7,40;7,37;3200,56;3206,98;3203,77
Tesouro IPCA+;15/05/2035;30/07/2025;7,53;7,50;2064,09;2068,23;2066,16
Tesouro IPCA+;15/05/2045;30/07/2025;7,63;7,60;983,69;985,66;984,68
Tesouro IPCA+ com Juros Semestrais;15/08/2032;30/07/2025;7,52;7,49;2520,68;2525,73;2523,21
Tesouro IPCA+ com Juros Semestrais;15/08/2040;30/07/2025;7,61;7,58;1397,05;1399,85;1398,45
Tesouro IPCA+ com Juros Semestrais;15/05/2055;30/07/2025;7,70;7,67;464,18;465,11;464,65
Tesouro Selic;01/03/2029;30/07/2025;0,05;0,02;15243,55;15274,10;15258,83
Tesouro Prefixado;01/01/2027;31/07/2025;13,94;13,91;829,40;831,06;830,23
Tesouro Prefixado;01/01/2029;31/07/2025;13,76;13,73;642,49;643,78;643,14
Tesouro Prefixado;01/01/2031;31/07/2025;13,66;13,63;499,15;500,15;499,65
Tesouro Prefixado com Juros Semestrais;01/01/2033;31/07/2025;13,60;13,57;388,22;389,00;388,61
Tesouro Prefixado com Juros Semestrais;01/01/2035;31/07/2025;13,58;13,55;301,37;301,98;301,68
Tesouro Prefixado com Juros Semestrais;01/01/2037;31/07/2025;13,50;13,47;235,74;236,21;235,97
Tesouro IPCA+;15/05/2029;31/07/2025;7,39;7,36;3202,38;3208,80;3205,59
Tesouro IPCA+;15/05/2035;31/07/2025;7,52;7,49;2067,54;2071,69;2069,61
Tesouro IPCA+;15/05/2045;31/07/2025;7,63;7,60;982,84;984,80;983,82
Tesouro IPCA+ com Juros Semestrais;15/08/2032;31/07/2025;7,47;7,44;2528,30;2533,37;2530,83
Tesouro IPCA+ com Juros Semestrais;15/08/2040;31/07/2025;7,58;7,55;1402,93;1405,74;1404,34
Tesouro IPCA+ com Juros Semestrais;15/05/2055;31/07/2025;7,67;7,64;467,05;467,99;467,52
Tesouro Selic;01/03/2029;31/07/2025;0,05;0,02;15246,65;15277,20;15261,92
Tesouro Prefixado;01/01/2027;01/08/2025;13,93;13,90;829,78;831,44;830,61
Tesouro Prefixado;01/01/2029;01/08/2025;13,75;13,72;643,05;644,34;643,69
Tesouro Prefixado;01/01/2031;01/08/2025;13,65;13,62;499,64;500,64;500,14
Tesouro Prefixado com Juros Semestrais;01/01/2033;01/08/2025;13,59;13,56;388,50;389,28;388,89
Tesouro Prefixado com Juros Semestrais;01/01/2035;01/08/2025;13,58;13,55;301,44;302,05;301,74
Tesouro Prefixado com Juros Semestrais;01/01/2037;01/08/2025;13,51;13,48;235,39;235,86;235,62
Tesouro IPCA+;15/05/2029;01/08/2025;7,38;7,35;3204,16;3210,58;3207,37
Tesouro IPCA+;15/05/2035;01/08/2025;7,56;7,53;2060,74;2064,87;2062,80
Tesouro IPCA+;15/05/2045;01/08/2025;7,64;7,61;981,99;983,96;982,98
Tesouro IPCA+ com Juros Semestrais;15/08/2032;01/08/2025;7,48;7,45;2527,32;2532,38;2529,85
Tesouro IPCA+ com Juros Semestrais;15/08/2040;01/08/2025;7,58;7,55;1403,07;1405,88;1404,47
Tesouro IPCA+ com Juros Semestrais;15/05/2055;01/08/2025;7,69;7,66;465,31;466,25;465,78
Tesouro Selic;01/03/2029;01/08/2025;0,07;0,04;15249,74;15280,30;15265,02
Tesouro Prefixado;01/01/2027;04/08/2025;13,96;13,93;830,40;832,06;831,23
Tesouro Prefixado;01/01/2029;04/08/2025;13,77;13,74;643,33;644,62;643,97
Tesouro Prefixado;01/01/2031;04/08/2025;13,74;13,71;498,08;499,08;498,58
Tesouro Prefixado com Juros Semestrais;01/01/2033;04/08/2025;13,61;13,58;388,29;389,06;388,68
Tesouro Prefixado com Juros Semestrais;01/01/2035;04/08/2025;13,59;13,56;301,62;302,22;301,92
Tesouro Prefixado com Juros Semestrais;01/01/2037;04/08/2025;13,55;13,52;234,85;235,32;235,09
Tesouro IPCA+;15/05/2029;04/08/2025;7,45;7,42;3198,83;3205,24;3202,03
Tesouro IPCA+;15/05/2035;04/08/2025;7,57;7,54;2058,75;2062,87;2060,81
Tesouro IPCA+;15/05/2045;04/08/2025;7,68;7,65;975,99;977,95;976,97
Tesouro IPCA+ com Juros Semestrais;15/08/2032;04/08/2025;7,54;7,51;2519,98;2525,03;2522,50
Tesouro IPCA+ com Juros Semestrais;15/08/2040;04/08/2025;7,58;7,55;1403,95;1406,76;1405,36
Tesouro IPCA+ com Juros Semestrais;15/05/2055;04/08/2025;7,72;7,69;462,01;462,93;462,47
Tesouro Selic;01/03/2029;04/08/2025;0,05;0,02;15252,83;15283,40;15268,12
Tesouro Prefixado;01/01/2027;05/08/2025;13,88;13,85;831,47;833,14;832,31
Tesouro Prefixado;01/01/2029;05/08/2025;13,72;13,69;644,48;645,77;645,13
Tesouro Prefixado;01/01/2031;05/08/2025;13,61;13,58;501,38;502,38;501,88
Tesouro Prefixado com Juros Semestrais;01/01/2033;05/08/2025;13,58;13,55;389,24;390,02;389,63
Tesouro Prefixado com Juros Semestrais;01/01/2035;05/08/2025;13,54;13,51;303,06;303,66;303,36
Tesouro Prefixado com Juros Semestrais;01/01/2037;05/08/2025;13,47;13,44;236,67;237,15;236,91
Tesouro IPCA+;15/05/2029;05/08/2025;7,44;7,41;3200,12;3206,53;3203,32
Tesouro IPCA+;15/05/2035;05/08/2025;7,57;7,54;2059,00;2063,13;2061,06
Tesouro IPCA+;15/05/2045;05/08/2025;7,69;7,66;974,63;976,58;975,61
Tesouro IPCA+ com Juros Semestrais;15/08/2032;05/08/2025;7,57;7,54;2514,16;2519,20;2516,68
Tesouro IPCA+ com Juros Semestrais;15/08/2040;05/08/2025;7,60;7,57;1400,06;1402,86;1401,46
Tesouro IPCA+ com Juros Semestrais;15/05/2055;05/08/2025;7,73;7,70;460,25;461,17;460,71
Tesouro Selic;01/03/2029;05/08/2025;0,06;0,03;15255,93;15286,50;15271,21
Tesouro Prefixado;01/01/2027;06/08/2025;13,90;13,87;831,56;833,23;832,39
Tesouro Prefixado;01/01/2029;06/08/2025;13,69;13,66;645,25;646,55;645,90
Tesouro Prefixado;01/01/2031;06/08/2025;13,64;13,61;500,80;501,80;501,30
Tesouro Prefixado com Juros Semestrais;01/01/2033;06/08/2025;13,59;13,56;389,12;389,90;389,51
Tesouro Prefixado com Juros Semestrais;01/01/2035;06/08/2025;13,53;13,50;303,23;303,84;303,53
Tesouro Prefixado com Juros Semestrais;01/01/2037;06/08/2025;13,49;13,46;236,48;236,95;236,71
Tesouro IPCA+;15/05/2029;06/08/2025;7,42;7,39;3202,92;3209,33;3206,13
Tesouro IPCA+;15/05/2035;06/08/2025;7,58;7,55;2057,55;2061,68;2059,62
Tesouro IPCA+;15/05/2045;06/08/2025;7,67;7,64;978,17;980,13;979,15
Tesouro IPCA+ com Juros Semestrais;15/08/2032;06/08/2025;7,56;7,53;2517,76;2522,81;2520,29
Tesouro IPCA+ com Juros Semestrais;15/08/2040;06/08/2025;7,61;7,58;1397,36;1400,16;1398,76
Tesouro IPCA+ com Juros Semestrais;15/05/2055;06/08/2025;7,75;7,72;457,63;458,55;458,09
Tesouro Selic;01/03/2029;06/08/2025;0,06;0,03;15259,02;15289,60;15274,31
Tesouro Prefixado;01/01/2027;07/08/2025;14,00;13,97;830,88;832,55;831,72
Tesouro Prefixado;01/01/2029;07/08/2025;13,82;13,79;643,02;644,31;643,67
Tesouro Prefixado;01/01/2031;07/08/2025;13,73;13,70;498,87;499,87;499,37
Tesouro Prefixado com Juros Semestrais;01/01/2033;07/08/2025;13,64;13,61;387,99;388,77;388,38
Tesouro Prefixado com Juros Semestrais;01/01/2035;07/08/2025;13,62;13,59;301,25;301,85;301,55
Tesouro Prefixado com Juros Semestrais;01/01/2037;07/08/2025;13,58;13,55;234,23;234,70;234,47
Tesouro IPCA+;15/05/2029;07/08/2025;7,40;7,37;3206,08;3212,50;3209,29
Tesouro IPCA+;15/05/2035;07/08/2025;7,60;7,57;2054,71;2058,83;2056,77
Tesouro IPCA+;15/05/2045;07/08/2025;7,64;7,61;982,48;984,45;983,47
Tesouro IPCA+ com Juros Semestrais;15/08/2032;07/08/2025;7,51;7,48;2525,72;2530,78;2528,25
Tesouro IPCA+ com Juros Semestrais;15/08/2040;07/08/2025;7,61;7,58;1398,82;1401,62;1400,22
Tesouro IPCA+ com Juros Semestrais;15/05/2055;07/08/2025;7,74;7,71;459,85;460,77;460,31
Tesouro Selic;01/03/2029;07/08/2025;0,07;0,04;15262,11;15292,70;15277,41
Tesouro Prefixado;01/01/2027;08/08/2025;13,96;13,93;831,56;833,23;832,40
Tesouro Prefixado;01/01/2029;08/08/2025;13,74;13,71;644,76;646,05;645,40
Tesouro Prefixado;01/01/2031;08/08/2025;13,68;13,65;500,14;501,15;500,64
Tesouro Prefixado com Juros Semestrais;01/01/2033;08/08/2025;13,62;13,59;388,66;389,43;389,05
Tesouro Prefixado com Juros Semestrais;01/01/2035;08/08/2025;13,57;13,54;302,66;303,27;302,97
Tesouro Prefixado com Juros Semestrais;01/01/2037;08/08/2025;13,52;13,49;235,75;236,23;235,99
Tesouro IPCA+;15/05/2029;08/08/2025;7,42;7,39;3203,87;3210,29;3207,08
Tesouro IPCA+;15/05/2035;08/08/2025;7,55;7,52;2065,54;2069,68;2067,61
Tesouro IPCA+;15/05/2045;08/08/2025;7,65;7,62;981,07;983,03;982,05
Tesouro IPCA+ com Juros Semestrais;15/08/2032;08/08/2025;7,50;7,47;2527,94;2533,01;2530,48
Tesouro IPCA+ com Juros Semestrais;15/08/2040;08/08/2025;7,62;7,59;1397,63;1400,43;1399,03
Tesouro IPCA+ com Juros Semestrais;15/05/2055;08/08/2025;7,72;7,69;461,72;462,64;462,18
Tesouro Selic;01/03/2029;08/08/2025;0,06;0,03;15265,21;15295,80;15280,50
Tesouro Prefixado;01/01/2027;11/08/2025;13,96;13,93;832,43;834,10;833,27
Tesouro Prefixado;01/01/2029;11/08/2025;13,77;13,74;644,82;646,11;645,46
Tesouro Prefixado;01/01/2031;11/08/2025;13,66;13,63;501,16;502,17;501,66
Tesouro Prefixado com Juros Semestrais;01/01/2033;11/08/2025;13,63;13,60;388,87;389,65;389,26
Tesouro Prefixado com Juros Semestrais;01/01/2035;11/08/2025;13,57;13,54;302,96;303,56;303,26
Tesouro Prefixado com Juros Semestrais;01/01/2037;11/08/2025;13,54;13,51;235,65;236,12;235,88
Tesouro IPCA+;15/05/2029;11/08/2025;7,47;7,44;3201,10;3207,51;3204,30
Tesouro IPCA+;15/05/2035;11/08/2025;7,62;7,59;2053,49;2057,60;2055,55
Tesouro IPCA+;15/05/2045;11/08/2025;7,73;7,70;967,40;969,34;968,37
Tesouro IPCA+ com Juros Semestrais;15/08/2032;11/08/2025;7,57;7,54;2517,80;2522,84;2520,32
Tesouro IPCA+ com Juros Semestrais;15/08/2040;11/08/2025;7,66;7,63;1389,66;1392,45;1391,06
Tesouro IPCA+ com Juros Semestrais;15/05/2055;11/08/2025;7,77;7,74;456,12;457,03;456,57
Tesouro Selic;01/03/2029;11/08/2025;0,06;0,03;15268,30;15298,90;15283,60
Tesouro Prefixado;01/01/2027;12/08/2025;14,00;13,97;832,38;834,04;833,21
Tesouro Prefixado;01/01/2029;12/08/2025;13,77;13,74;645,09;646,38;645,74
Tesouro Prefixado;01/01/2031;12/08/2025;13,69;13,66;500,55;501,55;501,05
Tesouro Prefixado com Juros Semestrais;01/01/2033;12/08/2025;13,61;13,58;389,43;390,21;389,82
Tesouro Prefixado com Juros Semestrais;01/01/2035;12/08/2025;13,58;13,55;302,59;303,20;302,90
Tesouro Prefixado com Juros Semestrais;01/01/2037;12/08/2025;13,55;13,52;235,52;235,99;235,76
Tesouro IPCA+;15/05/2029;12/08/2025;7,45;7,42;3203,20;3209,62;3206,41
Tesouro IPCA+;15/05/2035;12/08/2025;7,60;7,57;2057,11;2061,23;2059,17
Tesouro IPCA+;15/05/2045;12/08/2025;7,67;7,64;978,24;980,20;979,22
Tesouro IPCA+ com Juros Semestrais;15/08/2032;12/08/2025;7,53;7,50;2524,98;2530,04;2527,51
Tesouro IPCA+ com Juros Semestrais;15/08/2040;12/08/2025;7,66;7,63;1391,16;1393,95;1392,55
Tesouro IPCA+ com Juros Semestrais;15/05/2055;12/08/2025;7,74;7,71;460,02;460,95;460,49
Tesouro Selic;01/03/2029;12/08/2025;0,07;0,04;15271,40;15302,00;15286,70
Tesouro Prefixado;01/01/2027;13/08/2025;13,94;13,91;833,20;834,87;834,03
Tesouro Prefixado;01/01/2029;13/08/2025;13,73;13,70;646,13;647,42;646,77
Tesouro Prefixado;01/01/2031;13/08/2025;13,66;13,63;501,48;502,48;501,98
Tesouro Prefixado com Juros Semestrais;01/01/2033;13/08/2025;13,61;13,58;389,50;390,28;389,89
Tesouro Prefixado com Juros Semestrais;01/01/2035;13/08/2025;13,55;13,52;303,51;304,11;303,81
Tesouro Prefixado com Juros Semestrais;01/01/2037;13/08/2025;13,52;13,49;236,24;236,71;236,48
Tesouro IPCA+;15/05/2029;13/08/2025;7,45;7,42;3204,26;3210,69;3207,47
Tesouro IPCA+;15/05/2035;13/08/2025;7,60;7,57;2056,78;2060,90;2058,84
Tesouro IPCA+;15/05/2045;13/08/2025;7,69;7,66;976,28;978,23;977,25
Tesouro IPCA+ com Juros Semestrais;15/08/2032;13/08/2025;7,54;7,51;2523,81;2528,87;2526,34
Tesouro IPCA+ com Juros Semestrais;15/08/2040;13/08/2025;7,63;7,60;1396,03;1398,83;1397,43
Tesouro IPCA+ com Juros Semestrais;15/05/2055;13/08/2025;7,74;7,71;459,72;460,64;460,18
Tesouro Selic;01/03/2029;13/08/2025;0,06;0,03;15274,49;15305,10;15289,79
Tesouro Prefixado;01/01/2027;14/08/2025;13,96;13,93;833,33;835,00;834,17
Tesouro Prefixado;01/01/2029;14/08/2025;13,78;13,75;645,34;646,64;645,99
Tesouro Prefixado;01/01/2031;14/08/2025;13,64;13,61;502,23;503,24;502,73
Tesouro Prefixado com Juros Semestrais;01/01/2033;14/08/2025;13,56;13,53;390,99;391,77;391,38
Tesouro Prefixado com Juros Semestrais;01/01/2035;14/08/2025;13,51;13,48;304,56;305,17;304,86
Tesouro Prefixado com Juros Semestrais;01/01/2037;14/08/2025;13,50;13,47;236,85;237,33;237,09
Tesouro IPCA+;15/05/2029;14/08/2025;7,44;7,41;3205,66;3212,08;3208,87
Tesouro IPCA+;15/05/2035;14/08/2025;7,60;7,57;2057,79;2061,91;2059,85
Tesouro IPCA+;15/05/2045;14/08/2025;7,72;7,69;970,24;972,18;971,21
Tesouro IPCA+ com Juros Semestrais;15/08/2032;14/08/2025;7,56;7,53;2520,62;2525,67;2523,15
Tesouro IPCA+ com Juros Semestrais;15/08/2040;14/08/2025;7,66;7,63;1391,57;1394,36;1392,97
Tesouro IPCA+ com Juros Semestrais;15/05/2055;14/08/2025;7,73;7,70;461,08;462,00;461,54
Tesouro Selic;01/03/2029;14/08/2025;0,07;0,04;15277,58;15308,20;15292,89
Tesouro Prefixado;01/01/2027;15/08/2025;14,02;13,99;833,06;834,73;833,89
Tesouro Prefixado;01/01/2029;15/08/2025;13,84;13,81;644,50;645,79;645,14
Tesouro Prefixado;01/01/2031;15/08/2025;13,73;13,70;500,23;501,24;500,74
Tesouro Prefixado com Juros Semestrais;01/01/2033;15/08/2025;13,69;13,66;387,89;388,66;388,28
Tesouro Prefixado com Juros Semestrais;01/01/2035;15/08/2025;13,61;13,58;302,17;302,77;302,47
Tesouro Prefixado com Juros Semestrais;01/01/2037;15/08/2025;13,59;13,56;234,81;235,28;235,05
Tesouro IPCA+;15/05/2029;15/08/2025;7,43;7,40;3207,45;3213,88;3210,67
Tesouro IPCA+;15/05/2035;15/08/2025;7,60;7,57;2058,18;2062,31;2060,25
Tesouro IPCA+;15/05/2045;15/08/2025;7,65;7,62;982,94;984,91;983,93
Tesouro IPCA+ com Juros Semestrais;15/08/2032;15/08/2025;7,56;7,53;2521,11;2526,16;2523,64
Tesouro IPCA+ com Juros Semestrais;15/08/2040;15/08/2025;7,67;7,64;1389,34;1392,13;1390,74
Tesouro IPCA+ com Juros Semestrais;15/05/2055;15/08/2025;7,72;7,69;462,10;463,03;462,57
Tesouro Selic;01/03/2029;15/08/2025;0,07;0,04;15280,68;15311,30;15295,99
Tesouro Prefixado;01/01/2027;18/08/2025;14,03;14,00;833,78;835,46;834,62
Tesouro Prefixado;01/01/2029;18/08/2025;13,81;13,78;645,64;646,94;646,29
Tesouro Prefixado;01/01/2031;18/08/2025;13,70;13,67;501,34;502,34;501,84
Tesouro Prefixado com Juros Semestrais;01/01/2033;18/08/2025;13,63;13,60;389,88;390,66;390,27
Tesouro Prefixado com Juros Semestrais;01/01/2035;18/08/2025;13,63;13,60;302,16;302,76;302,46
Tesouro Prefixado com Juros Semestrais;01/01/2037;18/08/2025;13,61;13,58;234,53;235,00;234,77
Tesouro IPCA+;15/05/2029;18/08/2025;7,46;7,43;3205,94;3212,36;3209,15
Tesouro IPCA+;15/05/2035;18/08/2025;7,57;7,54;2065,50;2069,64;2067,57
Tesouro IPCA+;15/05/2045;18/08/2025;7,72;7,69;970,82;972,77;971,80
Tesouro IPCA+ com Juros Semestrais;15/08/2032;18/08/2025;7,58;7,55;2520,02;2525,07;2522,55
Tesouro IPCA+ com Juros Semestrais;15/08/2040;18/08/2025;7,68;7,65;1387,86;1390,64;1389,25
Tesouro IPCA+ com Juros Semestrais;15/05/2055;18/08/2025;7,76;7,73;457,86;458,78;458,32
Tesouro Selic;01/03/2029;18/08/2025;0,05;0,02;15283,77;15314,40;15299,09
Tesouro Prefixado;01/01/2027;19/08/2025;13,94;13,91;835,04;836,71;835,88
Tesouro Prefixado;01/01/2029;19/08/2025;13,75;13,72;647,05;648,35;647,70
Tesouro Prefixado;01/01/2031;19/08/2025;13,67;13,64;502,26;503,27;502,76
Tesouro Prefixado com Juros Semestrais;01/01/2033;19/08/2025;13,59;13,56;391,00;391,78;391,39
Tesouro Prefixado com Juros Semestrais;01/01/2035;19/08/2025;13,56;13,53;304,07;304,68;304,38
Tesouro Prefixado com Juros Semestrais;01/01/2037;19/08/2025;13,52;13,49;236,66;237,13;236,90
Tesouro IPCA+;15/05/2029;19/08/2025;7,46;7,43;3206,66;3213,08;3209,87
Tesouro IPCA+;15/05/2035;19/08/2025;7,57;7,54;2065,78;2069,92;2067,85
Tesouro IPCA+;15/05/2045;19/08/2025;7,71;7,68;973,54;975,49;974,51
Tesouro IPCA+ com Juros Semestrais;15/08/2032;19/08/2025;7,55;7,52;2525,50;2530,56;2528,03
Tesouro IPCA+ com Juros Semestrais;15/08/2040;19/08/2025;7,72;7,69;1380,43;1383,19;1381,81
Tesouro IPCA+ com Juros Semestrais;15/05/2055;19/08/2025;7,76;7,73;457,33;458,25;457,79
Tesouro Selic;01/03/2029;19/08/2025;0,05;0,02;15286,86;15317,50;15302,18
Tesouro Prefixado;01/01/2027;20/08/2025;13,90;13,87;835,69;837,36;836,53
Tesouro Prefixado;01/01/2029;20/08/2025;13,73;13,70;647,61;648,91;648,26
Tesouro Prefixado;01/01/2031;20/08/2025;13,62;13,59;503,81;504,82;504,31
Tesouro Prefixado com Juros Semestrais;01/01/2033;20/08/2025;13,57;13,54;391,49;392,28;391,88
Tesouro Prefixado com Juros Semestrais;01/01/2035;20/08/2025;13,55;13,52;304,39;305,00;304,70
Tesouro Prefixado com Juros Semestrais;01/01/2037;20/08/2025;13,48;13,45;237,70;238,18;237,94
Tesouro IPCA+;15/05/2029;20/08/2025;7,48;7,45;3204,79;3211,21;3208,00
Tesouro IPCA+;15/05/2035;20/08/2025;7,62;7,59;2056,35;2060,48;2058,41
Tesouro IPCA+;15/05/2045;20/08/2025;7,71;7,68;972,65;974,60;973,62
Tesouro IPCA+ com Juros Semestrais;15/08/2032;20/08/2025;7,55;7,52;2526,25;2531,32;2528,78
Tesouro IPCA+ com Juros Semestrais;15/08/2040;20/08/2025;7,69;7,66;1385,95;1388,73;1387,34
Tesouro IPCA+ com Juros Semestrais;15/05/2055;20/08/2025;7,78;7,75;455,24;456,16;455,70
Tesouro Selic;01/03/2029;20/08/2025;0,06;0,03;15289,96;15320,60;15305,28
Tesouro Prefixado;01/01/2027;21/08/2025;13,87;13,84;836,33;838,01;837,17
Tesouro Prefixado;01/01/2029;21/08/2025;13,63;13,60;649,79;651,10;650,45
Tesouro Prefixado;01/01/2031;21/08/2025;13,61;13,58;504,15;505,16;504,65
Tesouro Prefixado com Juros Semestrais;01/01/2033;21/08/2025;13,50;13,47;393,58;394,37;393,97
Tesouro Prefixado com Juros Semestrais;01/01/2035;21/08/2025;13,49;13,46;306,00;306,61;306,30
Tesouro Prefixado com Juros Semestrais;01/01/2037;21/08/2025;13,42;13,39;239,17;239,65;239,41
Tesouro IPCA+;15/05/2029;21/08/2025;7,44;7,41;3209,85;3216,28;3213,06
Tesouro IPCA+;15/05/2035;21/08/2025;7,58;7,55;2065,01;2069,15;2067,08
Tesouro IPCA+;15/05/2045;21/08/2025;7,69;7,66;976,56;978,52;977,54
Tesouro IPCA+ com Juros Semestrais;15/08/2032;21/08/2025;7,53;7,50;2528,63;2533,69;2531,16
Tesouro IPCA+ com Juros Semestrais;15/08/2040;21/08/2025;7,64;7,61;1397,09;1399,89;1398,49
Tesouro IPCA+ com Juros Semestrais;15/05/2055;21/08/2025;7,76;7,73;458,30;459,22;458,76
Tesouro Selic;01/03/2029;21/08/2025;0,05;0,02;15293,05;15323,70;15308,38
Tesouro Prefixado;01/01/2027;22/08/2025;13,87;13,84;836,58;838,26;837,42
Tesouro Prefixado;01/01/2029;22/08/2025;13,66;13,63;649,42;650,72;650,07
Tesouro Prefixado;01/01/2031;22/08/2025;13,62;13,59;504,06;505,07;504,56
Tesouro Prefixado com Juros Semestrais;01/01/2033;22/08/2025;13,55;13,52;392,41;393,20;392,81
Tesouro Prefixado com Juros Semestrais;01/01/2035;22/08/2025;13,49;13,46;305,91;306,52;306,21
Tesouro Prefixado com Juros Semestrais;01/01/2037;22/08/2025;13,46;13,43;238,36;238,84;238,60
Tesouro IPCA+;15/05/2029;22/08/2025;7,41;7,38;3213,88;3220,32;3217,10
Tesouro IPCA+;15/05/2035;22/08/2025;7,50;7,47;2080,67;2084,84;2082,75
Tesouro IPCA+;15/05/2045;22/08/2025;7,64;7,61;986,45;988,43;987,44
Tesouro IPCA+ com Juros Semestrais;15/08/2032;22/08/2025;7,51;7,48;2533,10;2538,17;2535,64
Tesouro IPCA+ com Juros Semestrais;15/08/2040;22/08/2025;7,62;7,59;1400,05;1402,86;1401,45
Tesouro IPCA+ com Juros Semestrais;15/05/2055;22/08/2025;7,67;7,64;469,90;470,84;470,37
Tesouro Selic;01/03/2029;22/08/2025;0,06;0,03;15296,15;15326,80;15311,47
Tesouro Prefixado;01/01/2027;25/08/2025;13,85;13,82;837,75;839,43;838,59
Tesouro Prefixado;01/01/2029;25/08/2025;13,65;13,62;650,30;651,60;650,95
Tesouro Prefixado;01/01/2031;25/08/2025;13,57;13,54;505,74;506,76;506,25
Tesouro Prefixado com Juros Semestrais;01/01/2033;25/08/2025;13,48;13,45;394,48;395,27;394,88
Tesouro Prefixado com Juros Semestrais;01/01/2035;25/08/2025;13,40;13,37;308,64;309,26;308,95
Tesouro Prefixado com Juros Semestrais;01/01/2037;25/08/2025;13,41;13,38;239,84;240,32;240,08
Tesouro IPCA+;15/05/2029;25/08/2025;7,44;7,41;3212,23;3218,66;3215,45
Tesouro IPCA+;15/05/2035;25/08/2025;7,60;7,57;2061,58;2065,71;2063,65
Tesouro IPCA+;15/05/2045;25/08/2025;7,66;7,63;982,83;984,80;983,82
Tesouro IPCA+ com Juros Semestrais;15/08/2032;25/08/2025;7,50;7,47;2535,50;2540,58;2538,04
Tesouro IPCA+ com Juros Semestrais;15/08/2040;25/08/2025;7,64;7,61;1397,74;1400,54;1399,14
Tesouro IPCA+ com Juros Semestrais;15/05/2055;25/08/2025;7,68;7,65;468,58;469,52;469,05
Tesouro Selic;01/03/2029;25/08/2025;0,06;0,03;15299,24;15329,90;15314,57
Tesouro Prefixado;01/01/2027;26/08/2025;13,85;13,82;838,06;839,74;838,90
Tesouro Prefixado;01/01/2029;26/08/2025;13,61;13,58;651,30;652,60;651,95
Tesouro Prefixado;01/01/2031;26/08/2025;13,48;13,45;508,15;509,17;508,66
Tesouro Prefixado com Juros Semestrais;01/01/2033;26/08/2025;13,49;13,46;394,32;395,11;394,71
Tesouro Prefixado com Juros Semestrais;01/01/2035;26/08/2025;13,44;13,41;307,78;308,40;308,09
Tesouro Prefixado com Juros Semestrais;01/01/2037;26/08/2025;13,36;13,33;241,14;241,62;241,38
Tesouro IPCA+;15/05/2029;26/08/2025;7,37;7,34;3221,29;3227,74;3224,51
Tesouro IPCA+;15/05/2035;26/08/2025;7,49;7,46;2083,65;2087,83;2085,74
Tesouro IPCA+;15/05/2045;26/08/2025;7,59;7,56;996,24;998,24;997,24
Tesouro IPCA+ com Juros Semestrais;15/08/2032;26/08/2025;7,46;7,43;2543,00;2548,10;2545,55
Tesouro IPCA+ com Juros Semestrais;15/08/2040;26/08/2025;7,54;7,51;1417,42;1420,26;1418,84
Tesouro IPCA+ com Juros Semestrais;15/05/2055;26/08/2025;7,66;7,63;471,74;472,68;472,21
Tesouro Selic;01/03/2029;26/08/2025;0,06;0,03;15302,33;15333,00;15317,67
Tesouro Prefixado;01/01/2027;27/08/2025;13,84;13,81;838,43;840,11;839,27
Tesouro Prefixado;01/01/2029;27/08/2025;13,67;13,64;650,48;651,78;651,13
Tesouro Prefixado;01/01/2031;27/08/2025;13,58;13,55;505,96;506,97;506,47
Tesouro Prefixado com Juros Semestrais;01/01/2033;27/08/2025;13,48;13,45;394,81;395,61;395,21
Tesouro Prefixado com Juros Semestrais;01/01/2035;27/08/2025;13,43;13,40;308,02;308,63;308,32
Tesouro Prefixado com Juros Semestrais;01/01/2037;27/08/2025;13,43;13,40;239,64;240,12;239,88
Tesouro IPCA+;15/05/2029;27/08/2025;7,34;7,31;3225,08;3231,54;3228,31
Tesouro IPCA+;15/05/2035;27/08/2025;7,49;7,46;2082,88;2087,05;2084,97
Tesouro IPCA+;15/05/2045;27/08/2025;7,61;7,58;992,85;994,84;993,85
Tesouro IPCA+ com Juros Semestrais;15/08/2032;27/08/2025;7,47;7,44;2541,87;2546,97;2544,42
Tesouro IPCA+ com Juros Semestrais;15/08/2040;27/08/2025;7,58;7,55;1409,92;1412,74;1411,33
Tesouro IPCA+ com Juros Semestrais;15/05/2055;27/08/2025;7,67;7,64;469,88;470,82;470,35
Tesouro Selic;01/03/2029;27/08/2025;0,07;0,04;15305,43;15336,10;15320,76
Tesouro Prefixado;01/01/2027;28/08/2025;13,87;13,84;838,40;840,08;839,24
Tesouro Prefixado;01/01/2029;28/08/2025;13,75;13,72;649,15;650,45;649,80
Tesouro Prefixado;01/01/2031;28/08/2025;13,62;13,59;505,07;506,08;505,58
Tesouro Prefixado com Juros Semestrais;01/01/2033;28/08/2025;13,50;13,47;394,34;395,13;394,73
Tesouro Prefixado com Juros Semestrais;01/01/2035;28/08/2025;13,49;13,46;306,66;307,27;306,97
Tesouro Prefixado com Juros Semestrais;01/01/2037;28/08/2025;13,47;13,44;238,56;239,04;238,80
Tesouro IPCA+;15/05/2029;28/08/2025;7,33;7,30;3226,80;3233,27;3230,04
Tesouro IPCA+;15/05/2035;28/08/2025;7,53;7,50;2076,16;2080,32;2078,24
Tesouro IPCA+;15/05/2045;28/08/2025;7,61;7,58;992,12;994,10;993,11
Tesouro IPCA+ com Juros Semestrais;15/08/2032;28/08/2025;7,43;7,40;2549,87;2554,98;2552,42
Tesouro IPCA+ com Juros Semestrais;15/08/2040;28/08/2025;7,59;7,56;1408,27;1411,09;1409,68
Tesouro IPCA+ com Juros Semestrais;15/05/2055;28/08/2025;7,70;7,67;466,97;467,90;467,44
Tesouro Selic;01/03/2029;28/08/2025;0,06;0,03;15308,52;15339,20;15323,86
Tesouro Prefixado;01/01/2027;29/08/2025;13,91;13,88;838,30;839,98;839,14
Tesouro Prefixado;01/01/2029;29/08/2025;13,71;13,68;650,07;651,37;650,72
Tesouro Prefixado;01/01/2031;29/08/2025;13,57;13,54;506,45;507,47;506,96
Tesouro Prefixado com Juros Semestrais;01/01/2033;29/08/2025;13,51;13,48;394,21;395,00;394,60
Tesouro Prefixado com Juros Semestrais;01/01/2035;29/08/2025;13,49;13,46;306,89;307,50;307,20
Tesouro Prefixado com Juros Semestrais;01/01/2037;29/08/2025;13,43;13,40;239,81;240,29;240,05
Tesouro IPCA+;15/05/2029;29/08/2025;7,39;7,36;3220,58;3227,03;3223,81
Tesouro IPCA+;15/05/2035;29/08/2025;7,57;7,54;2068,81;2072,96;2070,89
Tesouro IPCA+;15/05/2045;29/08/2025;7,63;7,60;988,91;990,89;989,90
Tesouro IPCA+ com Juros Semestrais;15/08/2032;29/08/2025;7,49;7,46;2540,03;2545,12;2542,57
Tesouro IPCA+ com Juros Semestrais;15/08/2040;29/08/2025;7,59;7,56;1409,03;1411,85;1410,44
Tesouro IPCA+ com Juros Semestrais;15/05/2055;29/08/2025;7,68;7,65;469,48;470,42;469,95
Tesouro Selic;01/03/2029;29/08/2025;0,07;0,04;15311,62;15342,30;15326,96
Tesouro Prefixado;01/01/2027;01/09/2025;13,87;13,84;839,64;841,33;840,49
Tesouro Prefixado;01/01/2029;01/09/2025;13,66;13,63;651,81;653,12;652,47
Tesouro Prefixado;01/01/2031;01/09/2025;13,53;13,50;507,95;508,97;508,46
Tesouro Prefixado com Juros Semestrais;01/01/2033;01/09/2025;13,46;13,43;396,09;396,89;396,49
Tesouro Prefixado com Juros Semestrais;01/01/2035;01/09/2025;13,48;13,45;307,46;308,07;307,77
Tesouro Prefixado com Juros Semestrais;01/01/2037;01/09/2025;13,44;13,41;239,78;240,26;240,02
Tesouro IPCA+;15/05/2029;01/09/2025;7,36;7,33;3225,62;3232,08;3228,85
Tesouro IPCA+;15/05/2035;01/09/2025;7,49;7,46;2084,94;2089,12;2087,03
Tesouro IPCA+;15/05/2045;01/09/2025;7,58;7,55;999,79;1001,79;1000,79
Tesouro IPCA+ com Juros Semestrais;15/08/2032;01/09/2025;7,49;7,46;2541,97;2547,06;2544,52
Tesouro IPCA+ com Juros Semestrais;15/08/2040;01/09/2025;7,61;7,58;1406,46;1409,28;1407,87
Tesouro IPCA+ com Juros Semestrais;15/05/2055;01/09/2025;7,65;7,62;472,75;473,70;473,22
Tesouro Selic;01/03/2029;01/09/2025;0,06;0,03;15314,71;15345,40;15330,05
Tesouro Prefixado;01/01/2027;02/09/2025;13,85;13,82;840,12;841,81;840,96
Tesouro Prefixado;01/01/2029;02/09/2025;13,61;13,58;653,00;654,31;653,66
Tesouro Prefixado;01/01/2031;02/09/2025;13,53;13,50;508,17;509,18;508,67
Tesouro Prefixado com Juros Semestrais;01/01/2033;02/09/2025;13,44;13,41;396,74;397,54;397,14
Tesouro Prefixado com Juros Semestrais;01/01/2035;02/09/2025;13,39;13,36;309,75;310,37;310,06
Tesouro Prefixado com Juros Semestrais;01/01/2037;02/09/2025;13,34;13,31;242,11;242,59;242,35
Tesouro IPCA+;15/05/2029;02/09/2025;7,36;7,33;3226,54;3233,00;3229,77
Tesouro IPCA+;15/05/2035;02/09/2025;7,51;7,48;2083,24;2087,42;2085,33
Tesouro IPCA+;15/05/2045;02/09/2025;7,58;7,55;999,03;1001,03;1000,03
Tesouro IPCA+ com Juros Semestrais;15/08/2032;02/09/2025;7,42;7,39;2554,06;2559,18;2556,62
Tesouro IPCA+ com Juros Semestrais;15/08/2040;02/09/2025;7,55;7,52;1417,13;1419,97;1418,55
Tesouro IPCA+ com Juros Semestrais;15/05/2055;02/09/2025;7,63;7,60;476,24;477,20;476,72
Tesouro Selic;01/03/2029;02/09/2025;0,06;0,03;15317,80;15348,50;15333,15
Tesouro Prefixado;01/01/2027;03/09/2025;13,88;13,85;840,08;841,76;840,92
Tesouro Prefixado;01/01/2029;03/09/2025;13,73;13,70;650,83;652,13;651,48
Tesouro Prefixado;01/01/2031;03/09/2025;13,60;13,57;506,62;507,63;507,13
Tesouro Prefixado com Juros Semestrais;01/01/2033;03/09/2025;13,51;13,48;394,89;395,69;395,29
Tesouro Prefixado com Juros Semestrais;01/01/2035;03/09/2025;13,48;13,45;307,65;308,26;307,96
Tesouro Prefixado com Juros Semestrais;01/01/2037;03/09/2025;13,44;13,41;239,77;240,25;240,01
Tesouro IPCA+;15/05/2029;03/09/2025;7,34;7,31;3229,82;3236,29;3233,05
Tesouro IPCA+;15/05/2035;03/09/2025;7,52;7,49;2080,62;2084,79;2082,71
Tesouro IPCA+;15/05/2045;03/09/2025;7,60;7,57;996,70;998,69;997,70
Tesouro IPCA+ com Juros Semestrais;15/08/2032;03/09/2025;7,43;7,40;2552,79;2557,91;2555,35
Tesouro IPCA+ com Juros Semestrais;15/08/2040;03/09/2025;7,54;7,51;1419,78;1422,62;1421,20
Tesouro IPCA+ com Juros Semestrais;15/05/2055;03/09/2025;7,66;7,63;472,54;473,49;473,01
Tesouro Selic;01/03/2029;03/09/2025;0,05;0,02;15320,90;15351,60;15336,25
Tesouro Prefixado;01/01/2027;04/09/2025;13,90;13,87;840,23;841,92;841,07
Tesouro Prefixado;01/01/2029;04/09/2025;13,69;13,66;651,80;653,10;652,45
Tesouro Prefixado;01/01/2031;04/09/2025;13,57;13,54;507,45;508,47;507,96
Tesouro Prefixado com Juros Semestrais;01/01/2033;04/09/2025;13,49;13,46;395,59;396,38;395,98
Tesouro Prefixado com Juros Semestrais;01/01/2035;04/09/2025;13,52;13,49;306,76;307,38;307,07
Tesouro Prefixado com Juros Semestrais;01/01/2037;04/09/2025;13,46;13,43;239,46;239,94;239,70
Tesouro IPCA+;15/05/2029;04/09/2025;7,36;7,33;3227,54;3234,01;3230,77
Tesouro IPCA+;15/05/2035;04/09/2025;7,47;7,44;2090,80;2094,99;2092,90
Tesouro IPCA+;15/05/2045;04/09/2025;7,58;7,55;999,66;1001,67;1000,67
Tesouro IPCA+ com Juros Semestrais;15/08/2032;04/09/2025;7,43;7,40;2553,55;2558,67;2556,11
Tesouro IPCA+ com Juros Semestrais;15/08/2040;04/09/2025;7,53;7,50;1422,19;1425,04;1423,61
Tesouro IPCA+ com Juros Semestrais;15/05/2055;04/09/2025;7,65;7,62;473,29;474,24;473,76
Tesouro Selic;01/03/2029;04/09/2025;0,06;0,03;15323,99;15354,70;15339,35
Tesouro Prefixado;01/01/2027;05/09/2025;13,84;13,81;841,13;842,81;841,97
Tesouro Prefixado;01/01/2029;05/09/2025;13,64;13,61;653,03;654,34;653,68
Tesouro Prefixado;01/01/2031;05/09/2025;13,53;13,50;508,67;509,69;509,18
Tesouro Prefixado com Juros Semestrais;01/01/2033;05/09/2025;13,45;13,42;396,79;397,58;397,19
Tesouro Prefixado com Juros Semestrais;01/01/2035;05/09/2025;13,44;13,41;308,76;309,38;309,07
Tesouro Prefixado com Juros Semestrais;01/01/2037;05/09/2025;13,37;13,34;241,70;242,19;241,95
Tesouro IPCA+;15/05/2029;05/09/2025;7,37;7,34;3227,36;3233,82;3230,59
Tesouro IPCA+;15/05/2035;05/09/2025;7,50;7,47;2085,62;2089,80;2087,71
Tesouro IPCA+;15/05/2045;05/09/2025;7,60;7,57;996,26;998,26;997,26
Tesouro IPCA+ com Juros Semestrais;15/08/2032;05/09/2025;7,44;7,41;2551,62;2556,74;2554,18
Tesouro IPCA+ com Juros Semestrais;15/08/2040;05/09/2025;7,59;7,56;1410,51;1413,33;1411,92
Tesouro IPCA+ com Juros Semestrais;15/05/2055;05/09/2025;7,68;7,65;469,26;470,20;469,73
Tesouro Selic;01/03/2029;05/09/2025;0,06;0,03;15327,08;15357,80;15342,44
Tesouro Prefixado;01/01/2027;08/09/2025;13,90;13,87;841,38;843,07;842,22
Tesouro Prefixado;01/01/2029;08/09/2025;13,68;13,65;652,88;654,19;653,53
Tesouro Prefixado;01/01/2031;08/09/2025;13,59;13,56;507,76;508,78;508,27
Tesouro Prefixado com Juros Semestrais;01/01/2033;08/09/2025;13,49;13,46;396,12;396,92;396,52
Tesouro Prefixado com Juros Semestrais;01/01/2035;08/09/2025;13,46;13,43;308,67;309,29;308,98
Tesouro Prefixado com Juros Semestrais;01/01/2037;08/09/2025;13,39;13,36;241,45;241,94;241,69
Tesouro IPCA+;15/05/2029;08/09/2025;7,33;7,30;3233,67;3240,15;3236,91
Tesouro IPCA+;15/05/2035;08/09/2025;7,48;7,45;2090,68;2094,87;2092,78
Tesouro IPCA+;15/05/2045;08/09/2025;7,56;7,53;1004,82;1006,83;1005,83
Tesouro IPCA+ com Juros Semestrais;15/08/2032;08/09/2025;7,44;7,41;2552,65;2557,77;2555,21
Tesouro IPCA+ com Juros Semestrais;15/08/2040;08/09/2025;7,54;7,51;1422,23;1425,08;1423,65
Tesouro IPCA+ com Juros Semestrais;15/05/2055;08/09/2025;7,64;7,61;475,04;475,99;475,52
Tesouro Selic;01/03/2029;08/09/2025;0,06;0,03;15330,18;15360,90;15345,54
Tesouro Prefixado;01/01/2027;09/09/2025;13,85;13,82;842,20;843,89;843,05
Tesouro Prefixado;01/01/2029;09/09/2025;13,59;13,56;654,95;656,26;655,60
Tesouro Prefixado;01/01/2031;09/09/2025;13,42;13,39;511,95;512,98;512,47
Tesouro Prefixado com Juros Semestrais;01/01/2033;09/09/2025;13,38;13,35;399,21;400,01;399,61
Tesouro Prefixado com Juros Semestrais;01/01/2035;09/09/2025;13,35;13,32;311,51;312,14;311,83
Tesouro Prefixado com Juros Semestrais;01/01/2037;09/09/2025;13,26;13,23;244,60;245,09;244,85
Tesouro IPCA+;15/05/2029;09/09/2025;7,32;7,29;3235,03;3241,51;3238,27
Tesouro IPCA+;15/05/2035;09/09/2025;7,49;7,46;2089,91;2094,10;2092,00
Tesouro IPCA+;15/05/2045;09/09/2025;7,58;7,55;1001,25;1003,26;1002,26
Tesouro IPCA+ com Juros Semestrais;15/08/2032;09/09/2025;7,44;7,41;2552,98;2558,09;2555,53
Tesouro IPCA+ com Juros Semestrais;15/08/2040;09/09/2025;7,54;7,51;1421,37;1424,22;1422,79
Tesouro IPCA+ com Juros Semestrais;15/05/2055;09/09/2025;7,65;7,62;473,49;474,43;473,96
Tesouro Selic;01/03/2029;09/09/2025;0,06;0,03;15333,27;15364,00;15348,64
Tesouro Prefixado;01/01/2027;10/09/2025;13,77;13,74;843,27;844,96;844,11
Tesouro Prefixado;01/01/2029;10/09/2025;13,52;13,49;656,39;657,71;657,05
Tesouro Prefixado;01/01/2031;10/09/2025;13,43;13,40;511,99;513,02;512,51
Tesouro Prefixado com Juros Semestrais;01/01/2033;10/09/2025;13,33;13,30;400,64;401,45;401,04
Tesouro Prefixado com Juros Semestrais;01/01/2035;10/09/2025;13,28;13,25;313,47;314,10;313,79
Tesouro Prefixado com Juros Semestrais;01/01/2037;10/09/2025;13,20;13,17;246,21;246,71;246,46
Tesouro IPCA+;15/05/2029;10/09/2025;7,34;7,31;3234,11;3240,59;3237,35
Tesouro IPCA+;15/05/2035;10/09/2025;7,45;7,42;2097,19;2101,39;2099,29
Tesouro IPCA+;15/05/2045;10/09/2025;7,55;7,52;1007,03;1009,04;1008,04
Tesouro IPCA+ com Juros Semestrais;15/08/2032;10/09/2025;7,42;7,39;2556,73;2561,85;2559,29
Tesouro IPCA+ com Juros Semestrais;15/08/2040;10/09/2025;7,51;7,48;1427,14;1430,00;1428,57
Tesouro IPCA+ com Juros Semestrais;15/05/2055;10/09/2025;7,65;7,62;473,53;474,48;474,01
Tesouro Selic;01/03/2029;10/09/2025;0,06;0,03;15336,37;15367,10;15351,73
Tesouro Prefixado;01/01/2027;11/09/2025;13,62;13,59;845,00;846,70;845,85
Tesouro Prefixado;01/01/2029;11/09/2025;13,40;13,37;659,03;660,35;659,69
Tesouro Prefixado;01/01/2031;11/09/2025;13,30;13,27;515,17;516,20;515,68
Tesouro Prefixado com Juros Semestrais;01/01/2033;11/09/2025;13,19;13,16;404,29;405,10;404,69
Tesouro Prefixado com Juros Semestrais;01/01/2035;11/09/2025;13,11;13,08;317,84;318,48;318,16
Tesouro Prefixado com Juros Semestrais;01/01/2037;11/09/2025;13,09;13,06;249,02;249,51;249,27
Tesouro IPCA+;15/05/2029;11/09/2025;7,28;7,25;3241,25;3247,75;3244,50
Tesouro IPCA+;15/05/2035;11/09/2025;7,44;7,41;2099,02;2103,23;2101,13
Tesouro IPCA+;15/05/2045;11/09/2025;7,56;7,53;1004,92;1006,94;1005,93
Tesouro IPCA+ com Juros Semestrais;15/08/2032;11/09/2025;7,40;7,37;2562,11;2567,25;2564,68
Tesouro IPCA+ com Juros Semestrais;15/08/2040;11/09/2025;7,54;7,51;1422,06;1424,91;1423,48
Tesouro IPCA+ com Juros Semestrais;15/05/2055;11/09/2025;7,58;7,55;483,52;484,49;484,01
Tesouro Selic;01/03/2029;11/09/2025;0,06;0,03;15339,46;15370,20;15354,83
Tesouro Prefixado;01/01/2027;12/09/2025;13,71;13,68;844,45;846,14;845,29
Tesouro Prefixado;01/01/2029;12/09/2025;13,48;13,45;657,61;658,93;658,27
Tesouro Prefixado;01/01/2031;12/09/2025;13,31;13,28;515,21;516,24;515,72
Tesouro Prefixado com Juros Semestrais;01/01/2033;12/09/2025;13,25;13,22;402,89;403,70;403,30
Tesouro Prefixado com Juros Semestrais;01/01/2035;12/09/2025;13,23;13,20;314,95;315,58;315,27
Tesouro Prefixado com Juros Semestrais;01/01/2037;12/09/2025;13,14;13,11;247,90;248,39;248,15
Tesouro IPCA+;15/05/2029;12/09/2025;7,32;7,29;3237,59;3244,08;3240,83
Tesouro IPCA+;15/05/2035;12/09/2025;7,44;7,41;2100,08;2104,29;2102,19
Tesouro IPCA+;15/05/2045;12/09/2025;7,55;7,52;1006,19;1008,21;1007,20
Tesouro IPCA+ com Juros Semestrais;15/08/2032;12/09/2025;7,43;7,40;2557,02;2562,14;2559,58
Tesouro IPCA+ com Juros Semestrais;15/08/2040;12/09/2025;7,53;7,50;1425,40;1428,26;1426,83
Tesouro IPCA+ com Juros Semestrais;15/05/2055;12/09/2025;7,63;7,60;477,32;478,28;477,80
Tesouro Selic;01/03/2029;12/09/2025;0,06;0,03;15342,55;15373,30;15357,93
Tesouro Prefixado;01/01/2027;15/09/2025;13,64;13,61;846,04;847,73;846,88
Tesouro Prefixado;01/01/2029;15/09/2025;13,36;13,33;660,71;662,04;661,37
Tesouro Prefixado;01/01/2031;15/09/2025;13,22;13,19;517,82;518,86;518,34
Tesouro Prefixado com Juros Semestrais;01/01/2033;15/09/2025;13,17;13,14;405,48;406,29;405,89
Tesouro Prefixado com Juros Semestrais;01/01/2035;15/09/2025;13,10;13,07;318,60;319,24;318,92
Tesouro Prefixado com Juros Semestrais;01/01/2037;15/09/2025;13,02;12,99;251,08;251,59;251,34
Tesouro IPCA+;15/05/2029;15/09/2025;7,33;7,30;3238,39;3244,88;3241,63
Tesouro IPCA+;15/05/2035;15/09/2025;7,49;7,46;2091,24;2095,43;2093,34
Tesouro IPCA+;15/05/2045;15/09/2025;7,60;7,57;998,97;1000,98;999,98
Tesouro IPCA+ com Juros Semestrais;15/08/2032;15/09/2025;7,41;7,38;2560,99;2566,12;2563,55
Tesouro IPCA+ com Juros Semestrais;15/08/2040;15/09/2025;7,56;7,53;1420,18;1423,02;1421,60
Tesouro IPCA+ com Juros Semestrais;15/05/2055;15/09/2025;7,61;7,58;479,99;480,95;480,47
Tesouro Selic;01/03/2029;15/09/2025;0,05;0,02;15345,65;15376,40;15361,02
Tesouro Prefixado;01/01/2027;16/09/2025;13,58;13,55;846,89;848,59;847,74
Tesouro Prefixado;01/01/2029;16/09/2025;13,29;13,26;662,32;663,64;662,98
Tesouro Prefixado;01/01/2031;16/09/2025;13,15;13,12;519,68;520,72;520,20
Tesouro Prefixado com Juros Semestrais;01/01/2033;16/09/2025;13,07;13,04;408,24;409,06;408,65
Tesouro Prefixado com Juros Semestrais;01/01/2035;16/09/2025;13,01;12,98;321,20;321,84;321,52
Tesouro Prefixado com Juros Semestrais;01/01/2037;16/09/2025;12,98;12,95;252,34;252,85;252,60
Tesouro IPCA+;15/05/2029;16/09/2025;7,33;7,30;3238,72;3245,21;3241,97
Tesouro IPCA+;15/05/2035;16/09/2025;7,47;7,44;2096,14;2100,34;2098,24
Tesouro IPCA+;15/05/2045;16/09/2025;7,61;7,58;996,68;998,68;997,68
Tesouro IPCA+ com Juros Semestrais;15/08/2032;16/09/2025;7,44;7,41;2556,98;2562,11;2559,55
Tesouro IPCA+ com Juros Semestrais;15/08/2040;16/09/2025;7,56;7,53;1419,70;1422,54;1421,12
Tesouro IPCA+ com Juros Semestrais;15/05/2055;16/09/2025;7,62;7,59;478,72;479,68;479,20
Tesouro Selic;01/03/2029;16/09/2025;0,07;0,04;15348,74;15379,50;15364,12
Tesouro Prefixado;01/01/2027;17/09/2025;13,60;13,57;846,93;848,63;847,78
Tesouro Prefixado;01/01/2029;17/09/2025;13,38;13,35;660,74;662,07;661,41
Tesouro Prefixado;01/01/2031;17/09/2025;13,21;13,18;518,37;519,41;518,89
Tesouro Prefixado com Juros Semestrais;01/01/2033;17/09/2025;13,13;13,10;406,70;407,52;407,11
Tesouro Prefixado com Juros Semestrais;01/01/2035;17/09/2025;13,07;13,04;319,73;320,37;320,05
Tesouro Prefixado com Juros Semestrais;01/01/2037;17/09/2025;13,03;13,00;251,16;251,66;251,41
Tesouro IPCA+;15/05/2029;17/09/2025;7,31;7,28;3241,41;3247,91;3244,66
Tesouro IPCA+;15/05/2035;17/09/2025;7,47;7,44;2097,10;2101,30;2099,20
Tesouro IPCA+;15/05/2045;17/09/2025;7,59;7,56;1001,25;1003,26;1002,26
Tesouro IPCA+ com Juros Semestrais;15/08/2032;17/09/2025;7,41;7,38;2562,47;2567,60;2565,04
Tesouro IPCA+ com Juros Semestrais;15/08/2040;17/09/2025;7,50;7,47;1430,89;1433,76;1432,33
Tesouro IPCA+ com Juros Semestrais;15/05/2055;17/09/2025;7,63;7,60;476,89;477,84;477,36
Tesouro Selic;01/03/2029;17/09/2025;0,06;0,03;15351,83;15382,60;15367,22
Tesouro Prefixado;01/01/2027;18/09/2025;13,66;13,63;846,66;848,35;847,51
Tesouro Prefixado;01/01/2029;18/09/2025;13,43;13,40;660,04;661,36;660,70
Tesouro Prefixado;01/01/2031;18/09/2025;13,33;13,30;515,68;516,72;516,20
Tesouro Prefixado com Juros Semestrais;01/01/2033;18/09/2025;13,23;13,20;404,22;405,03;404,63
Tesouro Prefixado com Juros Semestrais;01/01/2035;18/09/2025;13,16;13,13;317,38;318,01;317,69
Tesouro Prefixado com Juros Semestrais;01/01/2037;18/09/2025;13,11;13,08;249,20;249,70;249,45
Tesouro IPCA+;15/05/2029;18/09/2025;7,31;7,28;3241,73;3248,22;3244,98
Tesouro IPCA+;15/05/2035;18/09/2025;7,43;7,40;2104,49;2108,71;2106,60
Tesouro IPCA+;15/05/2045;18/09/2025;7,57;7,54;1004,72;1006,74;1005,73
Tesouro IPCA+ com Juros Semestrais;15/08/2032;18/09/2025;7,43;7,40;2559,53;2564,66;2562,10
Tesouro IPCA+ com Juros Semestrais;15/08/2040;18/09/2025;7,51;7,48;1430,61;1433,48;1432,04
Tesouro IPCA+ com Juros Semestrais;15/05/2055;18/09/2025;7,57;7,54;485,51;486,49;486,00
Tesouro Selic;01/03/2029;18/09/2025;0,06;0,03;15354,93;15385,70;15370,31
Tesouro Prefixado;01/01/2027;19/09/2025;13,74;13,71;846,20;847,89;847,04
Tesouro Prefixado;01/01/2029;19/09/2025;13,44;13,41;660,11;661,44;660,78
Tesouro Prefixado;01/01/2031;19/09/2025;13,31;13,28;516,28;517,32;516,80
Tesouro Prefixado com Juros Semestrais;01/01/2033;19/09/2025;13,17;13,14;406,02;406,83;406,42
Tesouro Prefixado com Juros Semestrais;01/01/2035;19/09/2025;13,17;13,14;317,18;317,81;317,50
Tesouro Prefixado com Juros Semestrais;01/01/2037;19/09/2025;13,09;13,06;249,75;250,25;250,00
Tesouro IPCA+;15/05/2029;19/09/2025;7,33;7,30;3240,58;3247,07;3243,82
Tesouro IPCA+;15/05/2035;19/09/2025;7,45;7,42;2100,66;2104,87;2102,76
Tesouro IPCA+;15/05/2045;19/09/2025;7,56;7,53;1005,69;1007,71;1006,70
Tesouro IPCA+ com Juros Semestrais;15/08/2032;19/09/2025;7,38;7,35;2569,19;2574,34;2571,76
Tesouro IPCA+ com Juros Semestrais;15/08/2040;19/09/2025;7,49;7,46;1433,96;1436,84;1435,40
Tesouro IPCA+ com Juros Semestrais;15/05/2055;19/09/2025;7,59;7,56;482,90;483,87;483,38
Tesouro Selic;01/03/2029;19/09/2025;0,06;0,03;15358,02;15388,80;15373,41
Tesouro Prefixado;01/01/2027;22/09/2025;13,73;13,70;847,19;848,89;848,04
Tesouro Prefixado;01/01/2029;22/09/2025;13,45;13,42;660,52;661,85;661,18
Tesouro Prefixado;01/01/2031;22/09/2025;13,34;13,31;516,31;517,35;516,83
Tesouro Prefixado com Juros Semestrais;01/01/2033;22/09/2025;13,27;13,24;403,77;404,58;404,17
Tesouro Prefixado com Juros Semestrais;01/01/2035;22/09/2025;13,16;13,13;317,90;318,54;318,22
Tesouro Prefixado com Juros Semestrais;01/01/2037;22/09/2025;13,11;13,08;249,55;250,05;249,80
Tesouro IPCA+;15/05/2029;22/09/2025;7,31;7,28;3244,67;3251,18;3247,93
Tesouro IPCA+;15/05/2035;22/09/2025;7,47;7,44;2098,38;2102,59;2100,48
Tesouro IPCA+;15/05/2045;22/09/2025;7,58;7,55;1003,25;1005,26;1004,26
Tesouro IPCA+ com Juros Semestrais;15/08/2032;22/09/2025;7,42;7,39;2564,05;2569,18;2566,61
Tesouro IPCA+ com Juros Semestrais;15/08/2040;22/09/2025;7,52;7,49;1428,55;1431,41;1429,98
Tesouro IPCA+ com Juros Semestrais;15/05/2055;22/09/2025;7,61;7,58;481,23;482,20;481,71
Tesouro Selic;01/03/2029;22/09/2025;0,06;0,03;15361,12;15391,90;15376,51
Tesouro Prefixado;01/01/2027;23/09/2025;13,72;13,69;847,58;849,28;848,43
Tesouro Prefixado;01/01/2029;23/09/2025;13,41;13,38;661,61;662,94;662,28
Tesouro Prefixado;01/01/2031;23/09/2025;13,29;13,26;517,62;518,66;518,14
Tesouro Prefixado com Juros Semestrais;01/01/2033;23/09/2025;13,17;13,14;406,49;407,30;406,89
Tesouro Prefixado com Juros Semestrais;01/01/2035;23/09/2025;13,09;13,06;319,80;320,44;320,12
Tesouro Prefixado com Juros Semestrais;01/01/2037;23/09/2025;13,06;13,03;250,73;251,23;250,98
Tesouro IPCA+;15/05/2029;23/09/2025;7,29;7,26;3247,56;3254,06;3250,81
Tesouro IPCA+;15/05/2035;23/09/2025;7,43;7,40;2105,79;2110,01;2107,90
Tesouro IPCA+;15/05/2045;23/09/2025;7,53;7,50;1012,54;1014,57;1013,55
Tesouro IPCA+ com Juros Semestrais;15/08/2032;23/09/2025;7,42;7,39;2564,61;2569,75;2567,18
Tesouro IPCA+ com Juros Semestrais;15/08/2040;23/09/2025;7,51;7,48;1432,24;1435,11;1433,67
Tesouro IPCA+ com Juros Semestrais;15/05/2055;23/09/2025;7,60;7,57;482,35;483,32;482,84
Tesouro Selic;01/03/2029;23/09/2025;0,06;0,03;15364,21;15395,00;15379,60
Tesouro Prefixado;01/01/2027;24/09/2025;13,69;13,66;848,22;849,92;849,07
Tesouro Prefixado;01/01/2029;24/09/2025;13,39;13,36;662,20;663,53;662,87
Tesouro Prefixado;01/01/2031;24/09/2025;13,25;13,22;518,72;519,76;519,24
Tesouro Prefixado com Juros Semestrais;01/01/2033;24/09/2025;13,15;13,12;407,24;408,06;407,65
Tesouro Prefixado com Juros Semestrais;01/01/2035;24/09/2025;13,11;13,08;319,22;319,86;319,54
Tesouro Prefixado com Juros Semestrais;01/01/2037;24/09/2025;13,06;13,03;250,95;251,45;251,20
Tesouro IPCA+;15/05/2029;24/09/2025;7,31;7,28;3245,37;3251,88;3248,62
Tesouro IPCA+;15/05/2035;24/09/2025;7,44;7,41;2105,54;2109,76;2107,65
Tesouro IPCA+;15/05/2045;24/09/2025;7,53;7,50;1013,14;1015,17;1014,16
Tesouro IPCA+ com Juros Semestrais;15/08/2032;24/09/2025;7,45;7,42;2560,02;2565,15;2562,59
Tesouro IPCA+ com Juros Semestrais;15/08/2040;24/09/2025;7,51;7,48;1431,78;1434,65;1433,22
Tesouro IPCA+ com Juros Semestrais;15/05/2055;24/09/2025;7,59;7,56;483,87;484,84;484,36
Tesouro Selic;01/03/2029;24/09/2025;0,06;0,03;15367,30;15398,10;15382,70
Tesouro Prefixado;01/01/2027;25/09/2025;13,62;13,59;849,19;850,89;850,04
Tesouro Prefixado;01/01/2029;25/09/2025;13,34;13,31;663,30;664,63;663,96
Tesouro Prefixado;01/01/2031;25/09/2025;13,17;13,14;520,72;521,77;521,25
Tesouro Prefixado com Juros Semestrais;01/01/2033;25/09/2025;13,11;13,08;408,44;409,26;408,85
Tesouro Prefixado com Juros Semestrais;01/01/2035;25/09/2025;13,07;13,04;320,59;321,23;320,91
Tesouro Prefixado com Juros Semestrais;01/01/2037;25/09/2025;12,98;12,95;253,07;253,58;253,32
Tesouro IPCA+;15/05/2029;25/09/2025;7,28;7,25;3249,61;3256,12;3252,87
Tesouro IPCA+;15/05/2035;25/09/2025;7,44;7,41;2104,59;2108,81;2106,70
Tesouro IPCA+;15/05/2045;25/09/2025;7,56;7,53;1007,87;1009,89;1008,88
Tesouro IPCA+ com Juros Semestrais;15/08/2032;25/09/2025;7,42;7,39;2564,85;2569,99;2567,42
Tesouro IPCA+ com Juros Semestrais;15/08/2040;25/09/2025;7,54;7,51;1426,17;1429,03;1427,60
Tesouro IPCA+ com Juros Semestrais;15/05/2055;25/09/2025;7,63;7,60;478,11;479,07;478,59
Tesouro Selic;01/03/2029;25/09/2025;0,06;0,03;15370,40;15401,20;15385,80
Tesouro Prefixado;01/01/2027;26/09/2025;13,57;13,54;849,94;851,64;850,79
Tesouro Prefixado;01/01/2029;26/09/2025;13,30;13,27;664,24;665,57;664,90
Tesouro Prefixado;01/01/2031;26/09/2025;13,14;13,11;521,66;522,71;522,18
Tesouro Prefixado com Juros Semestrais;01/01/2033;26/09/2025;13,04;13,01;410,32;411,15;410,73
Tesouro Prefixado com Juros Semestrais;01/01/2035;26/09/2025;12,98;12,95;322,93;323,58;323,25
Tesouro Prefixado com Juros Semestrais;01/01/2037;26/09/2025;12,92;12,89;254,64;255,15;254,90
Tesouro IPCA+;15/05/2029;26/09/2025;7,30;7,27;3248,23;3254,74;3251,48
Tesouro IPCA+;15/05/2035;26/09/2025;7,46;7,43;2101,93;2106,14;2104,04
Tesouro IPCA+;15/05/2045;26/09/2025;7,57;7,54;1006,32;1008,33;1007,32
Tesouro IPCA+ com Juros Semestrais;15/08/2032;26/09/2025;7,39;7,36;2569,87;2575,02;2572,45
Tesouro IPCA+ com Juros Semestrais;15/08/2040;26/09/2025;7,48;7,45;1437,47;1440,35;1438,91
Tesouro IPCA+ com Juros Semestrais;15/05/2055;26/09/2025;7,60;7,57;481,88;482,84;482,36
Tesouro Selic;01/03/2029;26/09/2025;0,06;0,03;15373,49;15404,30;15388,90
Tesouro Prefixado;01/01/2027;29/09/2025;13,66;13,63;849,94;851,64;850,79
Tesouro Prefixado;01/01/2029;29/09/2025;13,40;13,37;663,07;664,40;663,74
Tesouro Prefixado;01/01/2031;29/09/2025;13,23;13,20;519,99;521,03;520,51
Tesouro Prefixado com Juros Semestrais;01/01/2033;29/09/2025;13,11;13,08;409,00;409,82;409,41
Tesouro Prefixado com Juros Semestrais;01/01/2035;29/09/2025;13,06;13,03;321,18;321,82;321,50
Tesouro Prefixado com Juros Semestrais;01/01/2037;29/09/2025;12,99;12,96;253,01;253,51;253,26
Tesouro IPCA+;15/05/2029;29/09/2025;7,31;7,28;3249,36;3255,87;3252,61
Tesouro IPCA+;15/05/2035;29/09/2025;7,50;7,47;2096,41;2100,61;2098,51
Tesouro IPCA+;15/05/2045;29/09/2025;7,57;7,54;1006,75;1008,77;1007,76
Tesouro IPCA+ com Juros Semestrais;15/08/2032;29/09/2025;7,45;7,42;2562,38;2567,51;2564,94
Tesouro IPCA+ com Juros Semestrais;15/08/2040;29/09/2025;7,53;7,50;1428,78;1431,65;1430,22
Tesouro IPCA+ com Juros Semestrais;15/05/2055;29/09/2025;7,61;7,58;481,66;482,62;482,14
Tesouro Selic;01/03/2029;29/09/2025;0,07;0,04;15376,59;15407,40;15391,99
Tesouro Prefixado;01/01/2027;30/09/2025;13,62;13,59;850,58;852,28;851,43
Tesouro Prefixado;01/01/2029;30/09/2025;13,32;13,29;664,92;666,25;665,58
Tesouro Prefixado;01/01/2031;30/09/2025;13,15;13,12;522,27;523,31;522,79
Tesouro Prefixado com Juros Semestrais;01/01/2033;30/09/2025;13,09;13,06;409,64;410,47;410,06
Tesouro Prefixado com Juros Semestrais;01/01/2035;30/09/2025;13,02;12,99;322,31;322,96;322,64
Tesouro Prefixado com Juros Semestrais;01/01/2037;30/09/2025;12,97;12,94;253,67;254,18;253,92
Tesouro IPCA+;15/05/2029;30/09/2025;7,31;7,28;3249,55;3256,07;3252,81
Tesouro IPCA+;15/05/2035;30/09/2025;7,45;7,42;2104,49;2108,70;2106,59
Tesouro IPCA+;15/05/2045;30/09/2025;7,58;7,55;1004,96;1006,97;1005,96
Tesouro IPCA+ com Juros Semestrais;15/08/2032;30/09/2025;7,41;7,38;2569,27;2574,42;2571,85
Tesouro IPCA+ com Juros Semestrais;15/08/2040;30/09/2025;7,50;7,47;1434,79;1437,67;1436,23
Tesouro IPCA+ com Juros Semestrais;15/05/2055;30/09/2025;7,58;7,55;484,96;485,93;485,45
Tesouro Selic;01/03/2029;30/09/2025;0,07;0,04;15379,68;15410,50;15395,09
Tesouro Prefixado;01/01/2027;01/10/2025;13,63;13,60;850,86;852,56;851,71
Tesouro Prefixado;01/01/2029;01/10/2025;13,32;13,29;665,16;666,49;665,82
Tesouro Prefixado;01/01/2031;01/10/2025;13,21;13,18;521,01;522,05;521,53
Tesouro Prefixado com Juros Semestrais;01/01/2033;01/10/2025;13,09;13,06;409,83;410,66;410,24
Tesouro Prefixado com Juros Semestrais;01/01/2035;01/10/2025;13,05;13,02;321,64;322,28;321,96
Tesouro Prefixado com Juros Semestrais;01/01/2037;01/10/2025;12,98;12,95;253,65;254,16;253,91
Tesouro IPCA+;15/05/2029;01/10/2025;7,35;7,32;3245,65;3252,16;3248,91
Tesouro IPCA+;15/05/2035;01/10/2025;7,53;7,50;2090,65;2094,84;2092,75
Tesouro IPCA+;15/05/2045;01/10/2025;7,62;7,59;996,88;998,88;997,88
Tesouro IPCA+ com Juros Semestrais;15/08/2032;01/10/2025;7,48;7,45;2558,38;2563,51;2560,94
Tesouro IPCA+ com Juros Semestrais;15/08/2040;01/10/2025;7,54;7,51;1427,75;1430,61;1429,18
Tesouro IPCA+ com Juros Semestrais;15/05/2055;01/10/2025;7,68;7,65;472,86;473,81;473,33
Tesouro Selic;01/03/2029;01/10/2025;0,06;0,03;15382,77;15413,60;15398,19
Tesouro Prefixado;01/01/2027;02/10/2025;13,57;13,54;851,72;853,43;852,57
Tesouro Prefixado;01/01/2029;02/10/2025;13,28;13,25;666,03;667,37;666,70
Tesouro Prefixado;01/01/2031;02/10/2025;13,11;13,08;523,60;524,64;524,12
Tesouro Prefixado com Juros Semestrais;01/01/2033;02/10/2025;13,03;13,00;411,53;412,35;411,94
Tesouro Prefixado com Juros Semestrais;01/01/2035;02/10/2025;12,91;12,88;325,46;326,11;325,78
Tesouro Prefixado com Juros Semestrais;01/01/2037;02/10/2025;12,90;12,87;255,77;256,28;256,02
Tesouro IPCA+;15/05/2029;02/10/2025;7,35;7,32;3246,35;3252,86;3249,60
Tesouro IPCA+;15/05/2035;02/10/2025;7,49;7,46;2099,30;2103,51;2101,40
Tesouro IPCA+;15/05/2045;02/10/2025;7,58;7,55;1005,07;1007,08;1006,08
Tesouro IPCA+ com Juros Semestrais;15/08/2032;02/10/2025;7,42;7,39;2568,45;2573,60;2571,02
Tesouro IPCA+ com Juros Semestrais;15/08/2040;02/10/2025;7,52;7,49;1431,59;1434,46;1433,03
Tesouro IPCA+ com Juros Semestrais;15/05/2055;02/10/2025;7,60;7,57;482,75;483,72;483,24
Tesouro Selic;01/03/2029;02/10/2025;0,07;0,04;15385,87;15416,70;15401,28
Tesouro Prefixado;01/01/2027;03/10/2025;13,54;13,51;852,27;853,97;853,12
Tesouro Prefixado;01/01/2029;03/10/2025;13,24;13,21;667,09;668,43;667,76
Tesouro Prefixado;01/01/2031;03/10/2025;13,04;13,01;525,37;526,43;525,90
Tesouro Prefixado com Juros Semestrais;01/01/2033;03/10/2025;12,97;12,94;413,09;413,92;413,51
Tesouro Prefixado com Juros Semestrais;01/01/2035;03/10/2025;12,87;12,84;326,55;327,20;326,87
Tesouro Prefixado com Juros Semestrais;01/01/2037;03/10/2025;12,86;12,83;256,82;257,34;257,08
Tesouro IPCA+;15/05/2029;03/10/2025;7,31;7,28;3251,82;3258,34;3255,08
Tesouro IPCA+;15/05/2035;03/10/2025;7,47;7,44;2103,33;2107,54;2105,44
Tesouro IPCA+;15/05/2045;03/10/2025;7,62;7,59;998,72;1000,72;999,72
Tesouro IPCA+ com Juros Semestrais;15/08/2032;03/10/2025;7,44;7,41;2566,05;2571,19;2568,62
Tesouro IPCA+ com Juros Semestrais;15/08/2040;03/10/2025;7,51;7,48;1433,83;1436,70;1435,26
Tesouro IPCA+ com Juros Semestrais;15/05/2055;03/10/2025;7,64;7,61;477,39;478,35;477,87
Tesouro Selic;01/03/2029;03/10/2025;0,07;0,04;15388,96;15419,80;15404,38
Tesouro Prefixado;01/01/2027;06/10/2025;13,49;13,46;853,60;855,31;854,45
Tesouro Prefixado;01/01/2029;06/10/2025;13,21;13,18;668,34;669,68;669,01
Tesouro Prefixado;01/01/2031;06/10/2025;13,02;12,99;526,32;527,38;526,85
Tesouro Prefixado com Juros Semestrais;01/01/2033;06/10/2025;12,93;12,90;414,61;415,44;415,03
Tesouro Prefixado com Juros Semestrais;01/01/2035;06/10/2025;12,82;12,79;328,17;328,83;328,50
Tesouro Prefixado com Juros Semestrais;01/01/2037;06/10/2025;12,77;12,74;259,29;259,81;259,55
Tesouro IPCA+;15/05/2029;06/10/2025;7,32;7,29;3252,76;3259,28;3256,02
Tesouro IPCA+;15/05/2035;06/10/2025;7,48;7,45;2102,38;2106,60;2104,49
Tesouro IPCA+;15/05/2045;06/10/2025;7,57;7,54;1008,76;1010,78;1009,77
Tesouro IPCA+ com Juros Semestrais;15/08/2032;06/10/2025;7,45;7,42;2565,08;2570,22;2567,65
Tesouro IPCA+ com Juros Semestrais;15/08/2040;06/10/2025;7,57;7,54;1422,48;1425,33;1423,90
Tesouro IPCA+ com Juros Semestrais;15/05/2055;06/10/2025;7,66;7,63;474,98;475,93;475,45
Tesouro Selic;01/03/2029;06/10/2025;0,06;0,03;15392,05;15422,90;15407,48
Tesouro Prefixado;01/01/2027;07/10/2025;13,36;13,33;855,08;856,79;855,94
Tesouro Prefixado;01/01/2029;07/10/2025;13,09;13,06;670,76;672,10;671,43
Tesouro Prefixado;01/01/2031;07/10/2025;12,96;12,93;528,03;529,08;528,55
Tesouro Prefixado com Juros Semestrais;01/01/2033;07/10/2025;12,84;12,81;417,24;418,08;417,66
Tesouro Prefixado com Juros Semestrais;01/01/2035;07/10/2025;12,75;12,72;330,41;331,07;330,74
Tesouro Prefixado com Juros Semestrais;01/01/2037;07/10/2025;12,68;12,65;261,78;262,30;262,04
Tesouro IPCA+;15/05/2029;07/10/2025;7,35;7,32;3249,13;3255,64;3252,38
Tesouro IPCA+;15/05/2035;07/10/2025;7,51;7,48;2096,36;2100,56;2098,46
Tesouro IPCA+;15/05/2045;07/10/2025;7,59;7,56;1004,21;1006,23;1005,22
Tesouro IPCA+ com Juros Semestrais;15/08/2032;07/10/2025;7,46;7,43;2564,40;2569,53;2566,97
Tesouro IPCA+ com Juros Semestrais;15/08/2040;07/10/2025;7,57;7,54;1423,24;1426,10;1424,67
Tesouro IPCA+ com Juros Semestrais;15/05/2055;07/10/2025;7,65;7,62;476,18;477,13;476,66
Tesouro Selic;01/03/2029;07/10/2025;0,06;0,03;15395,15;15426,00;15410,57
Tesouro Prefixado;01/01/2027;08/10/2025;13,38;13,35;855,26;856,98;856,12
Tesouro Prefixado;01/01/2029;08/10/2025;13,06;13,03;671,60;672,95;672,27
Tesouro Prefixado;01/01/2031;08/10/2025;12,90;12,87;529,65;530,71;530,18
Tesouro Prefixado com Juros Semestrais;01/01/2033;08/10/2025;12,79;12,76;418,73;419,56;419,15
Tesouro Prefixado com Juros Semestrais;01/01/2035;08/10/2025;12,73;12,70;330,88;331,54;331,21
Tesouro Prefixado com Juros Semestrais;01/01/2037;08/10/2025;12,66;12,63;262,36;262,89;262,62
Tesouro IPCA+;15/05/2029;08/10/2025;7,40;7,37;3244,63;3251,13;3247,88
Tesouro IPCA+;15/05/2035;08/10/2025;7,59;7,56;2083,03;2087,21;2085,12
Tesouro IPCA+;15/05/2045;08/10/2025;7,68;7,65;987,58;989,56;988,57
Tesouro IPCA+ com Juros Semestrais;15/08/2032;08/10/2025;7,50;7,47;2557,98;2563,11;2560,54
Tesouro IPCA+ com Juros Semestrais;15/08/2040;08/10/2025;7,64;7,61;1410,49;1413,31;1411,90
Tesouro IPCA+ com Juros Semestrais;15/05/2055;08/10/2025;7,77;7,74;461,37;462,30;461,84
Tesouro Selic;01/03/2029;08/10/2025;0,06;0,03;15398,24;15429,10;15413,67
Tesouro Prefixado;01/01/2027;09/10/2025;13,43;13,40;855,06;856,78;855,92
Tesouro Prefixado;01/01/2029;09/10/2025;13,10;13,07;671,18;672,52;671,85
Tesouro Prefixado;01/01/2031;09/10/2025;12,94;12,91;528,98;530,04;529,51
Tesouro Prefixado com Juros Semestrais;01/01/2033;09/10/2025;12,81;12,78;418,24;419,07;418,65
Tesouro Prefixado com Juros Semestrais;01/01/2035;09/10/2025;12,74;12,71;330,91;331,57;331,24
Tesouro Prefixado com Juros Semestrais;01/01/2037;09/10/2025;12,67;12,64;262,26;262,79;262,53
Tesouro IPCA+;15/05/2029;09/10/2025;7,45;7,42;3239,98;3246,47;3243,23
Tesouro IPCA+;15/05/2035;09/10/2025;7,57;7,54;2087,46;2091,65;2089,55
Tesouro IPCA+;15/05/2045;09/10/2025;7,70;7,67;985,74;987,72;986,73
Tesouro IPCA+ com Juros Semestrais;15/08/2032;09/10/2025;7,51;7,48;2557,37;2562,49;2559,93
Tesouro IPCA+ com Juros Semestrais;15/08/2040;09/10/2025;7,65;7,62;1408,61;1411,44;1410,03
Tesouro IPCA+ com Juros Semestrais;15/05/2055;09/10/2025;7,74;7,71;464,93;465,86;465,40
Tesouro Selic;01/03/2029;09/10/2025;0,07;0,04;15401,34;15432,20;15416,77
Tesouro Prefixado;01/01/2027;10/10/2025;13,44;13,41;855,24;856,96;856,10
Tesouro Prefixado;01/01/2029;10/10/2025;13,15;13,12;670,41;671,76;671,08
Tesouro Prefixado;01/01/2031;10/10/2025;13,00;12,97;527,49;528,55;528,02
Tesouro Prefixado com Juros Semestrais;01/01/2033;10/10/2025;12,87;12,84;416,94;417,77;417,35
Tesouro Prefixado com Juros Semestrais;01/01/2035;10/10/2025;12,80;12,77;329,39;330,05;329,72
Tesouro Prefixado com Juros Semestrais;01/01/2037;10/10/2025;12,74;12,71;260,44;260,97;260,71
Tesouro IPCA+;15/05/2029;10/10/2025;7,42;7,39;3244,01;3250,51;3247,26
Tesouro IPCA+;15/05/2035;10/10/2025;7,53;7,50;2093,76;2097,96;2095,86
Tesouro IPCA+;15/05/2045;10/10/2025;7,67;7,64;990,34;992,32;991,33
Tesouro IPCA+ com Juros Semestrais;15/08/2032;10/10/2025;7,51;7,48;2557,88;2563,01;2560,45
Tesouro IPCA+ com Juros Semestrais;15/08/2040;10/10/2025;7,64;7,61;1410,79;1413,62;1412,20
Tesouro IPCA+ com Juros Semestrais;15/05/2055;10/10/2025;7,73;7,70;467,19;468,13;467,66
Tesouro Selic;01/03/2029;10/10/2025;0,07;0,04;15404,43;15435,30;15419,86
Tesouro Prefixado;01/01/2027;13/10/2025;13,47;13,44;855,88;857,60;856,74
Tesouro Prefixado;01/01/2029;13/10/2025;13,20;13,17;670,11;671,45;670,78
Tesouro Prefixado;01/01/2031;13/10/2025;13,06;13,03;526,56;527,62;527,09
Tesouro Prefixado com Juros Semestrais;01/01/2033;13/10/2025;12,90;12,87;416,31;417,14;416,72
Tesouro Prefixado com Juros Semestrais;01/01/2035;13/10/2025;12,85;12,82;328,34;329,00;328,67
Tesouro Prefixado com Juros Semestrais;01/01/2037;13/10/2025;12,80;12,77;259,19;259,71;259,45
Tesouro IPCA+;15/05/2029;13/10/2025;7,38;7,35;3249,93;3256,44;3253,19
Tesouro IPCA+;15/05/2035;13/10/2025;7,57;7,54;2088,37;2092,56;2090,46
Tesouro IPCA+;15/05/2045;13/10/2025;7,65;7,62;995,33;997,33;996,33
Tesouro IPCA+ com Juros Semestrais;15/08/2032;13/10/2025;7,50;7,47;2560,36;2565,49;2562,92
Tesouro IPCA+ com Juros Semestrais;15/08/2040;13/10/2025;7,62;7,59;1414,69;1417,52;1416,10
Tesouro IPCA+ com Juros Semestrais;15/05/2055;13/10/2025;7,76;7,73;463,30;464,23;463,76
Tesouro Selic;01/03/2029;13/10/2025;0,06;0,03;15407,52;15438,40;15422,96
Tesouro Prefixado;01/01/2027;14/10/2025;13,51;13,48;855,79;857,50;856,64
Tesouro Prefixado;01/01/2029;14/10/2025;13,20;13,17;670,22;671,56;670,89
Tesouro Prefixado;01/01/2031;14/10/2025;13,01;12,98;528,18;529,24;528,71
Tesouro Prefixado com Juros Semestrais;01/01/2033;14/10/2025;12,92;12,89;415,97;416,80;416,38
Tesouro Prefixado com Juros Semestrais;01/01/2035;14/10/2025;12,86;12,83;328,13;328,79;328,46
Tesouro Prefixado com Juros Semestrais;01/01/2037;14/10/2025;12,78;12,75;259,82;260,34;260,08
Tesouro IPCA+;15/05/2029;14/10/2025;7,40;7,37;3248,93;3255,44;3252,19
Tesouro IPCA+;15/05/2035;14/10/2025;7,55;7,52;2091,73;2095,92;2093,83
Tesouro IPCA+;15/05/2045;14/10/2025;7,65;7,62;995,61;997,61;996,61
Tesouro IPCA+ com Juros Semestrais;15/08/2032;14/10/2025;7,51;7,48;2560,40;2565,54;2562,97
Tesouro IPCA+ com Juros Semestrais;15/08/2040;14/10/2025;7,60;7,57;1419,07;1421,91;1420,49
Tesouro IPCA+ com Juros Semestrais;15/05/2055;14/10/2025;7,69;7,66;472,36;473,30;472,83
Tesouro Selic;01/03/2029;14/10/2025;0,07;0,04;15410,62;15441,50;15426,06
Tesouro Prefixado;01/01/2027;15/10/2025;13,48;13,45;856,36;858,07;857,22
Tesouro Prefixado;01/01/2029;15/10/2025;13,21;13,18;670,40;671,75;671,08
Tesouro Prefixado;01/01/2031;15/10/2025;13,04;13,01;527,58;528,63;528,10
Tesouro Prefixado com Juros Semestrais;01/01/2033;15/10/2025;12,94;12,91;415,62;416,46;416,04
Tesouro Prefixado com Juros Semestrais;01/01/2035;15/10/2025;12,86;12,83;328,15;328,81;328,48
Tesouro Prefixado com Juros Semestrais;01/01/2037;15/10/2025;12,79;12,76;259,56;260,08;259,82
Tesouro IPCA+;15/05/2029;15/10/2025;7,39;7,36;3249,91;3256,42;3253,17
Tesouro IPCA+;15/05/2035;15/10/2025;7,57;7,54;2089,68;2093,87;2091,77
Tesouro IPCA+;15/05/2045;15/10/2025;7,64;7,61;997,82;999,82;998,82
Tesouro IPCA+ com Juros Semestrais;15/08/2032;15/10/2025;7,48;7,45;2564,90;2570,04;2567,47
Tesouro IPCA+ com Juros Semestrais;15/08/2040;15/10/2025;7,59;7,56;1422,78;1425,64;1424,21
Tesouro IPCA+ com Juros Semestrais;15/05/2055;15/10/2025;7,75;7,72;463,96;464,89;464,42
Tesouro Selic;01/03/2029;15/10/2025;0,07;0,04;15413,71;15444,60;15429,16
Tesouro Prefixado;01/01/2027;16/10/2025;13,49;13,46;856,58;858,29;857,44
Tesouro Prefixado;01/01/2029;16/10/2025;13,14;13,11;671,92;673,27;672,60
Tesouro Prefixado;01/01/2031;16/10/2025;13,02;12,99;528,23;529,28;528,75
Tesouro Prefixado com Juros Semestrais;01/01/2033;16/10/2025;12,94;12,91;415,68;416,51;416,10
Tesouro Prefixado com Juros Semestrais;01/01/2035;16/10/2025;12,82;12,79;329,38;330,04;329,71
Tesouro Prefixado com Juros Semestrais;01/01/2037;16/10/2025;12,76;12,73;260,47;260,99;260,73
Tesouro IPCA+;15/05/2029;16/10/2025;7,35;7,32;3255,24;3261,76;3258,50
Tesouro IPCA+;15/05/2035;16/10/2025;7,48;7,45;2107,02;2111,24;2109,13
Tesouro IPCA+;15/05/2045;16/10/2025;7,58;7,55;1008,40;1010,42;1009,41
Tesouro IPCA+ com Juros Semestrais;15/08/2032;16/10/2025;7,45;7,42;2571,11;2576,27;2573,69
Tesouro IPCA+ com Juros Semestrais;15/08/2040;16/10/2025;7,56;7,53;1428,55;1431,41;1429,98
Tesouro IPCA+ com Juros Semestrais;15/05/2055;16/10/2025;7,64;7,61;478,50;479,46;478,98
Tesouro Selic;01/03/2029;16/10/2025;0,06;0,03;15416,80;15447,70;15432,25
Tesouro Prefixado;01/01/2027;17/10/2025;13,57;13,54;856,15;857,86;857,01
Tesouro Prefixado;01/01/2029;17/10/2025;13,23;13,20;670,34;671,68;671,01
Tesouro Prefixado;01/01/2031;17/10/2025;13,04;13,01;527,91;528,97;528,44
Tesouro Prefixado com Juros Semestrais;01/01/2033;17/10/2025;12,91;12,88;416,77;417,61;417,19
Tesouro Prefixado com Juros Semestrais;01/01/2035;17/10/2025;12,88;12,85;327,90;328,56;328,23
Tesouro Prefixado com Juros Semestrais;01/01/2037;17/10/2025;12,83;12,80;258,67;259,19;258,93
Tesouro IPCA+;15/05/2029;17/10/2025;7,34;7,31;3257,44;3263,97;3260,70
Tesouro IPCA+;15/05/2035;17/10/2025;7,44;7,41;2114,68;2118,92;2116,80
Tesouro IPCA+;15/05/2045;17/10/2025;7,55;7,52;1013,26;1015,29;1014,28
Tesouro IPCA+ com Juros Semestrais;15/08/2032;17/10/2025;7,42;7,39;2575,65;2580,81;2578,23
Tesouro IPCA+ com Juros Semestrais;15/08/2040;17/10/2025;7,51;7,48;1438,25;1441,13;1439,69
Tesouro IPCA+ com Juros Semestrais;15/05/2055;17/10/2025;7,61;7,58;482,36;483,33;482,85
Tesouro Selic;01/03/2029;17/10/2025;0,05;0,02;15419,90;15450,80;15435,35
Tesouro Prefixado;01/01/2027;20/10/2025;13,56;13,53;857,15;858,87;858,01
Tesouro Prefixado;01/01/2029;20/10/2025;13,21;13,18;671,52;672,87;672,20
Tesouro Prefixado;01/01/2031;20/10/2025;13,05;13,02;528,23;529,28;528,76
Tesouro Prefixado com Juros Semestrais;01/01/2033;20/10/2025;12,94;12,91;416,30;417,13;416,72
Tesouro Prefixado com Juros Semestrais;01/01/2035;20/10/2025;12,85;12,82;329,13;329,79;329,46
Tesouro Prefixado com Juros Semestrais;01/01/2037;20/10/2025;12,77;12,74;260,58;261,10;260,84
Tesouro IPCA+;15/05/2029;20/10/2025;7,26;7,23;3267,44;3273,99;3270,72
Tesouro IPCA+;15/05/2035;20/10/2025;7,44;7,41;2115,57;2119,81;2117,69
Tesouro IPCA+;15/05/2045;20/10/2025;7,53;7,50;1017,59;1019,63;1018,61
Tesouro IPCA+ com Juros Semestrais;15/08/2032;20/10/2025;7,37;7,34;2586,48;2591,66;2589,07
Tesouro IPCA+ com Juros Semestrais;15/08/2040;20/10/2025;7,48;7,45;1445,91;1448,81;1447,36
Tesouro IPCA+ com Juros Semestrais;15/05/2055;20/10/2025;7,55;7,52;491,00;491,98;491,49
Tesouro Selic;01/03/2029;20/10/2025;0,07;0,04;15422,99;15453,90;15438,45
Tesouro Prefixado;01/01/2027;21/10/2025;13,49;13,46;858,05;859,77;858,91
Tesouro Prefixado;01/01/2029;21/10/2025;13,15;13,12;672,85;674,20;673,53
Tesouro Prefixado;01/01/2031;21/10/2025;13,00;12,97;529,56;530,62;530,09
Tesouro Prefixado com Juros Semestrais;01/01/2033;21/10/2025;12,87;12,84;418,32;419,16;418,74
Tesouro Prefixado com Juros Semestrais;01/01/2035;21/10/2025;12,78;12,75;331,14;331,80;331,47
Tesouro Prefixado com Juros Semestrais;01/01/2037;21/10/2025;12,75;12,72;261,10;261,62;261,36
Tesouro IPCA+;15/05/2029;21/10/2025;7,21;7,18;3273,82;3280,38;3277,10
Tesouro IPCA+;15/05/2035;21/10/2025;7,39;7,36;2125,75;2130,01;2127,88
Tesouro IPCA+;15/05/2045;21/10/2025;7,44;7,41;1034,83;1036,90;1035,87
Tesouro IPCA+ com Juros Semestrais;15/08/2032;21/10/2025;7,34;7,31;2591,89;2597,09;2594,49
Tesouro IPCA+ com Juros Semestrais;15/08/2040;21/10/2025;7,43;7,40;1454,76;1457,67;1456,21
Tesouro IPCA+ com Juros Semestrais;15/05/2055;21/10/2025;7,52;7,49;495,23;496,22;495,72
Tesouro Selic;01/03/2029;21/10/2025;0,06;0,03;15426,09;15457,00;15441,54
Tesouro Prefixado;01/01/2027;22/10/2025;13,43;13,40;858,85;860,57;859,71
Tesouro Prefixado;01/01/2029;22/10/2025;13,14;13,11;673,26;674,60;673,93
Tesouro Prefixado;01/01/2031;22/10/2025;12,96;12,93;530,70;531,76;531,23
Tesouro Prefixado com Juros Semestrais;01/01/2033;22/10/2025;12,84;12,81;419,33;420,17;419,75
Tesouro Prefixado com Juros Semestrais;01/01/2035;22/10/2025;12,77;12,74;331,45;332,12;331,78
Tesouro Prefixado com Juros Semestrais;01/01/2037;22/10/2025;12,68;12,65;262,97;263,50;263,24
Tesouro IPCA+;15/05/2029;22/10/2025;7,23;7,20;3271,73;3278,29;3275,01
Tesouro IPCA+;15/05/2035;22/10/2025;7,35;7,32;2132,73;2137,00;2134,87
Tesouro IPCA+;15/05/2045;22/10/2025;7,45;7,42;1032,67;1034,74;1033,70
Tesouro IPCA+ com Juros Semestrais;15/08/2032;22/10/2025;7,32;7,29;2595,32;2600,52;2597,92
Tesouro IPCA+ com Juros Semestrais;15/08/2040;22/10/2025;7,45;7,42;1452,50;1455,41;1453,96
Tesouro IPCA+ com Juros Semestrais;15/05/2055;22/10/2025;7,56;7,53;490,46;491,44;490,95
Tesouro Selic;01/03/2029;22/10/2025;0,06;0,03;15429,18;15460,10;15444,64
Tesouro Prefixado;01/01/2027;23/10/2025;13,55;13,52;858,06;859,78;858,92
Tesouro Prefixado;01/01/2029;23/10/2025;13,24;13,21;671,54;672,89;672,22
Tesouro Prefixado;01/01/2031;23/10/2025;13,05;13,02;528,62;529,68;529,15
Tesouro Prefixado com Juros Semestrais;01/01/2033;23/10/2025;12,90;12,87;417,79;418,63;418,21
Tesouro Prefixado com Juros Semestrais;01/01/2035;23/10/2025;12,83;12,80;329,89;330,55;330,22
Tesouro Prefixado com Juros Semestrais;01/01/2037;23/10/2025;12,77;12,74;260,84;261,36;261,10
Tesouro IPCA+;15/05/2029;23/10/2025;7,24;7,21;3271,49;3278,04;3274,76
Tesouro IPCA+;15/05/2035;23/10/2025;7,44;7,41;2116,85;2121,09;2118,97
Tesouro IPCA+;15/05/2045;23/10/2025;7,47;7,44;1029,23;1031,29;1030,26
Tesouro IPCA+ com Juros Semestrais;15/08/2032;23/10/2025;7,33;7,30;2593,82;2599,02;2596,42
Tesouro IPCA+ com Juros Semestrais;15/08/2040;23/10/2025;7,43;7,40;1456,64;1459,56;1458,10
Tesouro IPCA+ com Juros Semestrais;15/05/2055;23/10/2025;7,53;7,50;493,93;494,92;494,42
Tesouro Selic;01/03/2029;23/10/2025;0,07;0,04;15432,27;15463,20;15447,74
Tesouro Prefixado;01/01/2027;24/10/2025;13,56;13,53;858,29;860,01;859,15
Tesouro Prefixado;01/01/2029;24/10/2025;13,24;13,21;671,83;673,17;672,50
Tesouro Prefixado;01/01/2031;24/10/2025;13,08;13,05;528,24;529,30;528,77
Tesouro Prefixado com Juros Semestrais;01/01/2033;24/10/2025;13,00;12,97;415,27;416,10;415,69
Tesouro Prefixado com Juros Semestrais;01/01/2035;24/10/2025;12,92;12,89;327,51;328,16;327,83
Tesouro Prefixado com Juros Semestrais;01/01/2037;24/10/2025;12,87;12,84;258,19;258,71;258,45
Tesouro IPCA+;15/05/2029;24/10/2025;7,23;7,20;3272,95;3279,51;3276,23
Tesouro IPCA+;15/05/2035;24/10/2025;7,39;7,36;2126,01;2130,27;2128,14
Tesouro IPCA+;15/05/2045;24/10/2025;7,47;7,44;1029,80;1031,86;1030,83
Tesouro IPCA+ com Juros Semestrais;15/08/2032;24/10/2025;7,34;7,31;2592,68;2597,88;2595,28
Tesouro IPCA+ com Juros Semestrais;15/08/2040;24/10/2025;7,46;7,43;1449,81;1452,71;1451,26
Tesouro IPCA+ com Juros Semestrais;15/05/2055;24/10/2025;7,55;7,52;492,08;493,07;492,58
Tesouro Selic;01/03/2029;24/10/2025;0,06;0,03;15435,37;15466,30;15450,83
Tesouro Prefixado;01/01/2027;27/10/2025;13,63;13,60;858,61;860,33;859,47
Tesouro Prefixado;01/01/2029;27/10/2025;13,29;13,26;671,55;672,90;672,23
Tesouro Prefixado;01/01/2031;27/10/2025;13,10;13,07;528,19;529,25;528,72
Tesouro Prefixado com Juros Semestrais;01/01/2033;27/10/2025;13,03;13,00;414,83;415,67;415,25
Tesouro Prefixado com Juros Semestrais;01/01/2035;27/10/2025;12,88;12,85;328,97;329,63;329,30
Tesouro Prefixado com Juros Semestrais;01/01/2037;27/10/2025;12,85;12,82;258,95;259,47;259,21
Tesouro IPCA+;15/05/2029;27/10/2025;7,24;7,21;3273,65;3280,21;3276,93
Tesouro IPCA+;15/05/2035;27/10/2025;7,38;7,35;2129,63;2133,90;2131,76
Tesouro IPCA+;15/05/2045;27/10/2025;7,53;7,50;1019,21;1021,25;1020,23
Tesouro IPCA+ com Juros Semestrais;15/08/2032;27/10/2025;7,37;7,34;2588,67;2593,86;2591,27
Tesouro IPCA+ com Juros Semestrais;15/08/2040;27/10/2025;7,47;7,44;1449,45;1452,36;1450,91
Tesouro IPCA+ com Juros Semestrais;15/05/2055;27/10/2025;7,54;7,51;493,21;494,20;493,70
Tesouro Selic;01/03/2029;27/10/2025;0,06;0,03;15438,46;15469,40;15453,93
Tesouro Prefixado;01/01/2027;28/10/2025;13,59;13,56;859,25;860,97;860,11
Tesouro Prefixado;01/01/2029;28/10/2025;13,27;13,24;672,10;673,45;672,77
Tesouro Prefixado;01/01/2031;28/10/2025;13,12;13,09;527,78;528,84;528,31
Tesouro Prefixado com Juros Semestrais;01/01/2033;28/10/2025;12,96;12,93;416,78;417,62;417,20
Tesouro Prefixado com Juros Semestrais;01/01/2035;28/10/2025;12,94;12,91;327,60;328,26;327,93
Tesouro Prefixado com Juros Semestrais;01/01/2037;28/10/2025;12,89;12,86;258,20;258,72;258,46
Tesouro IPCA+;15/05/2029;28/10/2025;7,24;7,21;3274,64;3281,20;3277,92
Tesouro IPCA+;15/05/2035;28/10/2025;7,43;7,40;2120,17;2124,42;2122,30
Tesouro IPCA+;15/05/2045;28/10/2025;7,49;7,46;1026,49;1028,54;1027,51
Tesouro IPCA+ com Juros Semestrais;15/08/2032;28/10/2025;7,40;7,37;2584,09;2589,26;2586,67
Tesouro IPCA+ com Juros Semestrais;15/08/2040;28/10/2025;7,47;7,44;1449,40;1452,30;1450,85
Tesouro IPCA+ com Juros Semestrais;15/05/2055;28/10/2025;7,54;7,51;493,02;494,01;493,52
Tesouro Selic;01/03/2029;28/10/2025;0,06;0,03;15441,56;15472,50;15457,03
Tesouro Prefixado;01/01/2027;29/10/2025;13,66;13,63;858,91;860,63;859,77
Tesouro Prefixado;01/01/2029;29/10/2025;13,32;13,29;671,49;672,83;672,16
Tesouro Prefixado;01/01/2031;29/10/2025;13,16;13,13;527,06;528,12;527,59
Tesouro Prefixado com Juros Semestrais;01/01/2033;29/10/2025;13,01;12,98;415,82;416,65;416,24
Tesouro Prefixado com Juros Semestrais;01/01/2035;29/10/2025;12,96;12,93;327,12;327,78;327,45
Tesouro Prefixado com Juros Semestrais;01/01/2037;29/10/2025;12,89;12,86;258,18;258,70;258,44
Tesouro IPCA+;15/05/2029;29/10/2025;7,19;7,16;3280,40;3286,98;3283,69
Tesouro IPCA+;15/05/2035;29/10/2025;7,34;7,31;2137,85;2142,13;2139,99
Tesouro IPCA+;15/05/2045;29/10/2025;7,48;7,45;1029,90;1031,97;1030,94
Tesouro IPCA+ com Juros Semestrais;15/08/2032;29/10/2025;7,35;7,32;2592,94;2598,14;2595,54
Tesouro IPCA+ com Juros Semestrais;15/08/2040;29/10/2025;7,46;7,43;1451,22;1454,13;1452,67
Tesouro IPCA+ com Juros Semestrais;15/05/2055;29/10/2025;7,52;7,49;496,07;497,07;496,57
Tesouro Selic;01/03/2029;29/10/2025;0,06;0,03;15444,65;15475,60;15460,12
Tesouro Prefixado;01/01/2027;30/10/2025;13,67;13,64;859,15;860,87;860,01
Tesouro Prefixado;01/01/2029;30/10/2025;13,31;13,28;671,91;673,25;672,58
Tesouro Prefixado;01/01/2031;30/10/2025;13,17;13,14;527,01;528,06;527,53
Tesouro Prefixado com Juros Semestrais;01/01/2033;30/10/2025;13,03;13,00;415,39;416,22;415,81
Tesouro Prefixado com Juros Semestrais;01/01/2035;30/10/2025;12,96;12,93;327,23;327,88;327,56
Tesouro Prefixado com Juros Semestrais;01/01/2037;30/10/2025;12,93;12,90;257,37;257,88;257,62
Tesouro IPCA+;15/05/2029;30/10/2025;7,20;7,17;3280,59;3287,16;3283,87
Tesouro IPCA+;15/05/2035;30/10/2025;7,37;7,34;2132,67;2136,94;2134,80
Tesouro IPCA+;15/05/2045;30/10/2025;7,46;7,43;1033,17;1035,24;1034,20
Tesouro IPCA+ com Juros Semestrais;15/08/2032;30/10/2025;7,26;7,23;2609,12;2614,35;2611,73
Tesouro IPCA+ com Juros Semestrais;15/08/2040;30/10/2025;7,42;7,39;1459,87;1462,79;1461,33
Tesouro IPCA+ com Juros Semestrais;15/05/2055;30/10/2025;7,55;7,52;492,29;493,27;492,78
Tesouro Selic;01/03/2029;30/10/2025;0,06;0,03;15447,74;15478,70;15463,22
Tesouro Prefixado;01/01/2027;31/10/2025;13,67;13,64;859,43;861,15;860,29
Tesouro Prefixado;01/01/2029;31/10/2025;13,34;13,31;671,48;672,82;672,15
Tesouro Prefixado;01/01/2031;31/10/2025;13,19;13,16;526,76;527,81;527,28
Tesouro Prefixado com Juros Semestrais;01/01/2033;31/10/2025;13,06;13,03;414,68;415,51;415,10
Tesouro Prefixado com Juros Semestrais;01/01/2035;31/10/2025;12,98;12,95;326,73;327,38;327,05
Tesouro Prefixado com Juros Semestrais;01/01/2037;31/10/2025;12,96;12,93;256,61;257,13;256,87
Tesouro IPCA+;15/05/2029;31/10/2025;7,13;7,10;3288,57;3295,16;3291,87
Tesouro IPCA+;15/05/2035;31/10/2025;7,32;7,29;2142,32;2146,61;2144,46
Tesouro IPCA+;15/05/2045;31/10/2025;7,42;7,39;1041,06;1043,15;1042,11
Tesouro IPCA+ com Juros Semestrais;15/08/2032;31/10/2025;7,24;7,21;2612,31;2617,55;2614,93
Tesouro IPCA+ com Juros Semestrais;15/08/2040;31/10/2025;7,38;7,35;1468,06;1471,00;1469,53
Tesouro IPCA+ com Juros Semestrais;15/05/2055;31/10/2025;7,45;7,42;506,65;507,67;507,16
Tesouro Selic;01/03/2029;31/10/2025;0,06;0,03;15450,84;15481,80;15466,32
Tesouro Prefixado;01/01/2027;03/11/2025;13,75;13,72;859,67;861,39;860,53
Tesouro Prefixado;01/01/2029;03/11/2025;13,43;13,40;670,58;671,93;671,26
Tesouro Prefixado;01/01/2031;03/11/2025;13,28;13,25;525,13;526,19;525,66
Tesouro Prefixado com Juros Semestrais;01/01/2033;03/11/2025;13,17;13,14;412,26;413,09;412,68
Tesouro Prefixado com Juros Semestrais;01/01/2035;03/11/2025;13,12;13,09;323,49;324,13;323,81
Tesouro Prefixado com Juros Semestrais;01/01/2037;03/11/2025;13,01;12,98;255,63;256,14;255,89
Tesouro IPCA+;15/05/2029;03/11/2025;7,11;7,08;3292,86;3299,46;3296,16
Tesouro IPCA+;15/05/2035;03/11/2025;7,35;7,32;2138,01;2142,30;2140,16
Tesouro IPCA+;15/05/2045;03/11/2025;7,35;7,32;1054,41;1056,52;1055,47
Tesouro IPCA+ com Juros Semestrais;15/08/2032;03/11/2025;7,22;7,19;2617,27;2622,51;2619,89
Tesouro IPCA+ com Juros Semestrais;15/08/2040;03/11/2025;7,35;7,32;1475,30;1478,25;1476,77
Tesouro IPCA+ com Juros Semestrais;15/05/2055;03/11/2025;7,45;7,42;506,59;507,60;507,10
Tesouro Selic;01/03/2029;03/11/2025;0,06;0,03;15453,93;15484,90;15469,42
Tesouro Prefixado;01/01/2027;04/11/2025;13,61;13,58;861,16;862,89;862,03
Tesouro Prefixado;01/01/2029;04/11/2025;13,31;13,28;673,03;674,38;673,71
Tesouro Prefixado;01/01/2031;04/11/2025;13,11;13,08;529,36;530,42;529,89
Tesouro Prefixado com Juros Semestrais;01/01/2033;04/11/2025;13,00;12,97;416,83;417,67;417,25
Tesouro Prefixado com Juros Semestrais;01/01/2035;04/11/2025;12,94;12,91;328,17;328,83;328,50
Tesouro Prefixado com Juros Semestrais;01/01/2037;04/11/2025;12,87;12,84;259,28;259,80;259,54
Tesouro IPCA+;15/05/2029;04/11/2025;7,08;7,05;3296,99;3303,60;3300,30
Tesouro IPCA+;15/05/2035;04/11/2025;7,29;7,26;2149,86;2154,17;2152,02
Tesouro IPCA+;15/05/2045;04/11/2025;7,40;7,37;1045,14;1047,23;1046,18
Tesouro IPCA+ com Juros Semestrais;15/08/2032;04/11/2025;7,23;7,20;2616,75;2622,00;2619,38
Tesouro IPCA+ com Juros Semestrais;15/08/2040;04/11/2025;7,36;7,33;1473,69;1476,65;1475,17
Tesouro IPCA+ com Juros Semestrais;15/05/2055;04/11/2025;7,43;7,40;509,26;510,28;509,77
Tesouro Selic;01/03/2029;04/11/2025;0,06;0,03;15457,02;15488,00;15472,51
Tesouro Prefixado;01/01/2027;05/11/2025;13,52;13,49;862,26;863,99;863,13
Tesouro Prefixado;01/01/2029;05/11/2025;13,22;13,19;675,01;676,37;675,69
Tesouro Prefixado;01/01/2031;05/11/2025;13,01;12,98;532,05;533,12;532,58
Tesouro Prefixado com Juros Semestrais;01/01/2033;05/11/2025;12,88;12,85;420,03;420,88;420,45
Tesouro Prefixado com Juros Semestrais;01/01/2035;05/11/2025;12,79;12,76;332,30;332,96;332,63
Tesouro Prefixado com Juros Semestrais;01/01/2037;05/11/2025;12,72;12,69;263,10;263,63;263,36
Tesouro IPCA+;15/05/2029;05/11/2025;7,13;7,10;3291,82;3298,42;3295,12
Tesouro IPCA+;15/05/2035;05/11/2025;7,26;7,23;2155,34;2159,66;2157,50
Tesouro IPCA+;15/05/2045;05/11/2025;7,39;7,36;1046,83;1048,93;1047,88
Tesouro IPCA+ com Juros Semestrais;15/08/2032;05/11/2025;7,22;7,19;2618,16;2623,41;2620,79
Tesouro IPCA+ com Juros Semestrais;15/08/2040;05/11/2025;7,36;7,33;1472,81;1475,76;1474,28
Tesouro IPCA+ com Juros Semestrais;15/05/2055;05/11/2025;7,43;7,40;508,71;509,73;509,22
Tesouro Selic;01/03/2029;05/11/2025;0,05;0,02;15460,12;15491,10;15475,61
Tesouro Prefixado;01/01/2027;06/11/2025;13,58;13,55;862,02;863,75;862,88
Tesouro Prefixado;01/01/2029;06/11/2025;13,20;13,17;675,51;676,87;676,19
Tesouro Prefixado;01/01/2031;06/11/2025;13,06;13,03;530,95;532,02;531,49
Tesouro Prefixado com Juros Semestrais;01/01/2033;06/11/2025;12,96;12,93;418,03;418,86;418,44
Tesouro Prefixado com Juros Semestrais;01/01/2035;06/11/2025;12,85;12,82;330,79;331,45;331,12
Tesouro Prefixado com Juros Semestrais;01/01/2037;06/11/2025;12,78;12,75;261,77;262,29;262,03
Tesouro IPCA+;15/05/2029;06/11/2025;7,21;7,18;3283,39;3289,97;3286,68
Tesouro IPCA+;15/05/2035;06/11/2025;7,32;7,29;2144,39;2148,68;2146,53
Tesouro IPCA+;15/05/2045;06/11/2025;7,43;7,40;1039,86;1041,95;1040,90
Tesouro IPCA+ com Juros Semestrais;15/08/2032;06/11/2025;7,30;7,27;2605,40;2610,62;2608,01
Tesouro IPCA+ com Juros Semestrais;15/08/2040;06/11/2025;7,41;7,38;1463,60;1466,53;1465,06
Tesouro IPCA+ com Juros Semestrais;15/05/2055;06/11/2025;7,49;7,46;501,56;502,57;502,06
Tesouro Selic;01/03/2029;06/11/2025;0,06;0,03;15463,21;15494,20;15478,71
Tesouro Prefixado;01/01/2027;07/11/2025;13,52;13,49;862,82;864,55;863,68
Tesouro Prefixado;01/01/2029;07/11/2025;13,20;13,17;675,77;677,12;676,45
Tesouro Prefixado;01/01/2031;07/11/2025;13,04;13,01;531,69;532,76;532,22
Tesouro Prefixado com Juros Semestrais;01/01/2033;07/11/2025;12,94;12,91;418,86;419,70;419,28
Tesouro Prefixado com Juros Semestrais;01/01/2035;07/11/2025;12,82;12,79;331,84;332,50;332,17
Tesouro Prefixado com Juros Semestrais;01/01/2037;07/11/2025;12,75;12,72;262,67;263,20;262,93
Tesouro IPCA+;15/05/2029;07/11/2025;7,13;7,10;3292,95;3299,55;3296,25
Tesouro IPCA+;15/05/2035;07/11/2025;7,31;7,28;2147,98;2152,28;2150,13
Tesouro IPCA+;15/05/2045;07/11/2025;7,41;7,38;1044,13;1046,22;1045,17
Tesouro IPCA+ com Juros Semestrais;15/08/2032;07/11/2025;7,30;7,27;2605,83;2611,05;2608,44
Tesouro IPCA+ com Juros Semestrais;15/08/2040;07/11/2025;7,35;7,32;1476,35;1479,31;1477,83
Tesouro IPCA+ com Juros Semestrais;15/05/2055;07/11/2025;7,49;7,46;501,13;502,13;501,63
Tesouro Selic;01/03/2029;07/11/2025;0,05;0,02;15466,31;15497,30;15481,80
Tesouro Prefixado;01/01/2027;10/11/2025;13,48;13,45;864,11;865,84;864,97
Tesouro Prefixado;01/01/2029;10/11/2025;13,16;13,13;677,20;678,56;677,88
Tesouro Prefixado;01/01/2031;10/11/2025;12,99;12,96;533,35;534,42;533,88
Tesouro Prefixado com Juros Semestrais;01/01/2033;10/11/2025;12,86;12,83;421,50;422,34;421,92
Tesouro Prefixado com Juros Semestrais;01/01/2035;10/11/2025;12,79;12,76;332,94;333,61;333,27
Tesouro Prefixado com Juros Semestrais;01/01/2037;10/11/2025;12,72;12,69;263,55;264,08;263,82
Tesouro IPCA+;15/05/2029;10/11/2025;7,19;7,16;3288,27;3294,86;3291,57
Tesouro IPCA+;15/05/2035;10/11/2025;7,31;7,28;2147,98;2152,28;2150,13
Tesouro IPCA+;15/05/2045;10/11/2025;7,43;7,40;1041,26;1043,35;1042,31
Tesouro IPCA+ com Juros Semestrais;15/08/2032;10/11/2025;7,31;7,28;2606,02;2611,24;2608,63
Tesouro IPCA+ com Juros Semestrais;15/08/2040;10/11/2025;7,43;7,40;1461,85;1464,78;1463,31
Tesouro IPCA+ com Juros Semestrais;15/05/2055;10/11/2025;7,52;7,49;497,21;498,20;497,70
Tesouro Selic;01/03/2029;10/11/2025;0,06;0,03;15469,40;15500,40;15484,90
Tesouro Prefixado;01/01/2027;11/11/2025;13,46;13,43;864,54;866,27;865,40
Tesouro Prefixado;01/01/2029;11/11/2025;13,16;13,13;677,53;678,89;678,21
Tesouro Prefixado;01/01/2031;11/11/2025;12,96;12,93;534,21;535,28;534,75
Tesouro Prefixado com Juros Semestrais;01/01/2033;11/11/2025;12,86;12,83;421,47;422,31;421,89
Tesouro Prefixado com Juros Semestrais;01/01/2035;11/11/2025;12,75;12,72;333,99;334,66;334,32
Tesouro Prefixado com Juros Semestrais;01/01/2037;11/11/2025;12,70;12,67;264,09;264,62;264,36
Tesouro IPCA+;15/05/2029;11/11/2025;7,17;7,14;3291,35;3297,94;3294,64
Tesouro IPCA+;15/05/2035;11/11/2025;7,36;7,33;2140,62;2144,91;2142,77
Tesouro IPCA+;15/05/2045;11/11/2025;7,46;7,43;1036,56;1038,64;1037,60
Tesouro IPCA+ com Juros Semestrais;15/08/2032;11/11/2025;7,29;7,26;2610,46;2615,69;2613,07
Tesouro IPCA+ com Juros Semestrais;15/08/2040;11/11/2025;7,44;7,41;1459,72;1462,64;1461,18
Tesouro IPCA+ com Juros Semestrais;15/05/2055;11/11/2025;7,48;7,45;502,57;503,57;503,07
Tesouro Selic;01/03/2029;11/11/2025;0,06;0,03;15472,49;15503,50;15488,00
Tesouro Prefixado;01/01/2027;12/11/2025;13,54;13,51;864,21;865,94;865,08
Tesouro Prefixado;01/01/2029;12/11/2025;13,23;13,20;676,39;677,75;677,07
Tesouro Prefixado;01/01/2031;12/11/2025;13,06;13,03;532,00;533,07;532,53
Tesouro Prefixado com Juros Semestrais;01/01/2033;12/11/2025;12,91;12,88;420,18;421,02;420,60
Tesouro Prefixado com Juros Semestrais;01/01/2035;12/11/2025;12,86;12,83;331,15;331,81;331,48
Tesouro Prefixado com Juros Semestrais;01/01/2037;12/11/2025;12,79;12,76;262,02;262,55;262,29
Tesouro IPCA+;15/05/2029;12/11/2025;7,18;7,15;3290,66;3297,25;3293,95
Tesouro IPCA+;15/05/2035;12/11/2025;7,29;7,26;2153,55;2157,87;2155,71
Tesouro IPCA+;15/05/2045;12/11/2025;7,41;7,38;1045,98;1048,07;1047,03
Tesouro IPCA+ com Juros Semestrais;15/08/2032;12/11/2025;7,25;7,22;2617,61;2622,86;2620,24
Tesouro IPCA+ com Juros Semestrais;15/08/2040;12/11/2025;7,42;7,39;1464,22;1467,15;1465,69
Tesouro IPCA+ com Juros Semestrais;15/05/2055;12/11/2025;7,47;7,44;504,97;505,98;505,47
Tesouro Selic;01/03/2029;12/11/2025;0,07;0,04;15475,59;15506,60;15491,09
Tesouro Prefixado;01/01/2027;13/11/2025;13,48;13,45;864,95;866,68;865,82
Tesouro Prefixado;01/01/2029;13/11/2025;13,16;13,13;677,85;679,20;678,53
Tesouro Prefixado;01/01/2031;13/11/2025;13,01;12,98;533,42;534,49;533,95
Tesouro Prefixado com Juros Semestrais;01/01/2033;13/11/2025;12,89;12,86;420,91;421,75;421,33
Tesouro Prefixado com Juros Semestrais;01/01/2035;13/11/2025;12,78;12,75;333,55;334,22;333,89
Tesouro Prefixado com Juros Semestrais;01/01/2037;13/11/2025;12,71;12,68;264,16;264,69;264,43
Tesouro IPCA+;15/05/2029;13/11/2025;7,22;7,19;3287,01;3293,59;3290,30
Tesouro IPCA+;15/05/2035;13/11/2025;7,36;7,33;2139,59;2143,88;2141,74
Tesouro IPCA+;15/05/2045;13/11/2025;7,45;7,42;1037,92;1040,00;1038,96
Tesouro IPCA+ com Juros Semestrais;15/08/2032;13/11/2025;7,28;7,25;2612,20;2617,44;2614,82
Tesouro IPCA+ com Juros Semestrais;15/08/2040;13/11/2025;7,40;7,37;1468,30;1471,24;1469,77
Tesouro IPCA+ com Juros Semestrais;15/05/2055;13/11/2025;7,45;7,42;507,46;508,48;507,97
Tesouro Selic;01/03/2029;13/11/2025;0,06;0,03;15478,68;15509,70;15494,19
Tesouro Prefixado;01/01/2027;14/11/2025;13,49;13,46;865,21;866,94;866,08
Tesouro Prefixado;01/01/2029;14/11/2025;13,16;13,13;678,06;679,42;678,74
Tesouro Prefixado;01/01/2031;14/11/2025;12,99;12,96;534,00;535,07;534,54
Tesouro Prefixado com Juros Semestrais;01/01/2033;14/11/2025;12,85;12,82;422,24;423,08;422,66
Tesouro Prefixado com Juros Semestrais;01/01/2035;14/11/2025;12,76;12,73;334,29;334,96;334,63
Tesouro Prefixado com Juros Semestrais;01/01/2037;14/11/2025;12,72;12,69;263,99;264,52;264,26
Tesouro IPCA+;15/05/2029;14/11/2025;7,17;7,14;3293,36;3299,96;3296,66
Tesouro IPCA+;15/05/2035;14/11/2025;7,33;7,30;2146,05;2150,35;2148,20
Tesouro IPCA+;15/05/2045;14/11/2025;7,42;7,39;1043,56;1045,65;1044,61
Tesouro IPCA+ com Juros Semestrais;15/08/2032;14/11/2025;7,26;7,23;2616,73;2621,98;2619,36
Tesouro IPCA+ com Juros Semestrais;15/08/2040;14/11/2025;7,41;7,38;1466,20;1469,14;1467,67
Tesouro IPCA+ com Juros Semestrais;15/05/2055;14/11/2025;7,49;7,46;502,01;503,01;502,51
Tesouro Selic;01/03/2029;14/11/2025;0,06;0,03;15481,77;15512,80;15497,29
Tesouro Prefixado;01/01/2027;17/11/2025;13,50;13,47;866,04;867,77;866,90
Tesouro Prefixado;01/01/2029;17/11/2025;13,21;13,18;677,90;679,26;678,58
Tesouro Prefixado;01/01/2031;17/11/2025;13,06;13,03;532,85;533,92;533,38
Tesouro Prefixado com Juros Semestrais;01/01/2033;17/11/2025;12,93;12,90;420,60;421,44;421,02
Tesouro Prefixado com Juros Semestrais;01/01/2035;17/11/2025;12,86;12,83;331,88;332,54;332,21
Tesouro Prefixado com Juros Semestrais;01/01/2037;17/11/2025;12,76;12,73;263,08;263,61;263,35
Tesouro IPCA+;15/05/2029;17/11/2025;7,22;7,19;3289,16;3295,75;3292,46
Tesouro IPCA+;15/05/2035;17/11/2025;7,34;7,31;2145,71;2150,01;2147,86
Tesouro IPCA+;15/05/2045;17/11/2025;7,48;7,45;1033,69;1035,76;1034,72
Tesouro IPCA+ com Juros Semestrais;15/08/2032;17/11/2025;7,30;7,27;2611,61;2616,84;2614,23
Tesouro IPCA+ com Juros Semestrais;15/08/2040;17/11/2025;7,44;7,41;1462,04;1464,97;1463,50
Tesouro IPCA+ com Juros Semestrais;15/05/2055;17/11/2025;7,50;7,47;501,18;502,18;501,68
Tesouro Selic;01/03/2029;17/11/2025;0,05;0,02;15484,87;15515,90;15500,38
Tesouro Prefixado;01/01/2027;18/11/2025;13,57;13,54;865,68;867,41;866,54
Tesouro Prefixado;01/01/2029;18/11/2025;13,25;13,22;677,39;678,74;678,07
Tesouro Prefixado;01/01/2031;18/11/2025;13,09;13,06;532,26;533,32;532,79
Tesouro Prefixado com Juros Semestrais;01/01/2033;18/11/2025;12,99;12,96;418,96;419,80;419,38
Tesouro Prefixado com Juros Semestrais;01/01/2035;18/11/2025;12,92;12,89;330,42;331,08;330,75
Tesouro Prefixado com Juros Semestrais;01/01/2037;18/11/2025;12,84;12,81;261,14;261,66;261,40
Tesouro IPCA+;15/05/2029;18/11/2025;7,17;7,14;3295,48;3302,08;3298,78
Tesouro IPCA+;15/05/2035;18/11/2025;7,36;7,33;2142,76;2147,06;2144,91
Tesouro IPCA+;15/05/2045;18/11/2025;7,45;7,42;1038,17;1040,25;1039,21
Tesouro IPCA+ com Juros Semestrais;15/08/2032;18/11/2025;7,28;7,25;2614,91;2620,15;2617,53
Tesouro IPCA+ com Juros Semestrais;15/08/2040;18/11/2025;7,44;7,41;1462,23;1465,16;1463,69
Tesouro IPCA+ com Juros Semestrais;15/05/2055;18/11/2025;7,51;7,48;499,51;500,51;500,01
Tesouro Selic;01/03/2029;18/11/2025;0,06;0,03;15487,96;15519,00;15503,48
Tesouro Prefixado;01/01/2027;19/11/2025;13,61;13,58;865,67;867,41;866,54
Tesouro Prefixado;01/01/2029;19/11/2025;13,29;13,26;676,89;678,24;677,57
Tesouro Prefixado;01/01/2031;19/11/2025;13,15;13,12;531,15;532,21;531,68
Tesouro Prefixado com Juros Semestrais;01/01/2033;19/11/2025;13,05;13,02;417,51;418,34;417,92
Tesouro Prefixado com Juros Semestrais;01/01/2035;19/11/2025;12,94;12,91;329,86;330,52;330,19
Tesouro Prefixado com Juros Semestrais;01/01/2037;19/11/2025;12,88;12,85;260,37;260,89;260,63
Tesouro IPCA+;15/05/2029;19/11/2025;7,14;7,11;3299,02;3305,63;3302,32
Tesouro IPCA+;15/05/2035;19/11/2025;7,29;7,26;2155,62;2159,94;2157,78
Tesouro IPCA+;15/05/2045;19/11/2025;7,37;7,34;1053,79;1055,90;1054,84
Tesouro IPCA+ com Juros Semestrais;15/08/2032;19/11/2025;7,22;7,19;2624,88;2630,14;2627,51
Tesouro IPCA+ com Juros Semestrais;15/08/2040;19/11/2025;7,36;7,33;1477,70;1480,67;1479,19
Tesouro IPCA+ com Juros Semestrais;15/05/2055;19/11/2025;7,42;7,39;512,76;513,78;513,27
Tesouro Selic;01/03/2029;19/11/2025;0,06;0,03;15491,06;15522,10;15506,58
Tesouro Prefixado;01/01/2027;20/11/2025;13,53;13,50;866,62;868,35;867,49
Tesouro Prefixado;01/01/2029;20/11/2025;13,20;13,17;678,77;680,13;679,45
Tesouro Prefixado;01/01/2031;20/11/2025;13,02;12,99;534,36;535,43;534,89
Tesouro Prefixado com Juros Semestrais;01/01/2033;20/11/2025;12,93;12,90;421,03;421,87;421,45
Tesouro Prefixado com Juros Semestrais;01/01/2035;20/11/2025;12,86;12,83;332,08;332,75;332,41
Tesouro Prefixado com Juros Semestrais;01/01/2037;20/11/2025;12,78;12,75;262,88;263,41;263,15
Tesouro IPCA+;15/05/2029;20/11/2025;7,16;7,13;3297,30;3303,90;3300,60
Tesouro IPCA+;15/05/2035;20/11/2025;7,33;7,30;2148,61;2152,91;2150,76
Tesouro IPCA+;15/05/2045;20/11/2025;7,43;7,40;1042,22;1044,31;1043,26
Tesouro IPCA+ com Juros Semestrais;15/08/2032;20/11/2025;7,30;7,27;2613,49;2618,73;2616,11
Tesouro IPCA+ com Juros Semestrais;15/08/2040;20/11/2025;7,39;7,36;1471,02;1473,97;1472,49
Tesouro IPCA+ com Juros Semestrais;15/05/2055;20/11/2025;7,49;7,46;502,16;503,17;502,67
Tesouro Selic;01/03/2029;20/11/2025;0,06;0,03;15494,15;15525,20;15509,67
Tesouro Prefixado;01/01/2027;21/11/2025;13,53;13,50;866,99;868,73;867,86
Tesouro Prefixado;01/01/2029;21/11/2025;13,17;13,14;679,58;680,94;680,26
Tesouro Prefixado;01/01/2031;21/11/2025;13,01;12,98;534,81;535,88;535,34
Tesouro Prefixado com Juros Semestrais;01/01/2033;21/11/2025;12,91;12,88;421,45;422,29;421,87
Tesouro Prefixado com Juros Semestrais;01/01/2035;21/11/2025;12,79;12,76;334,04;334,71;334,37
Tesouro Prefixado com Juros Semestrais;01/01/2037;21/11/2025;12,78;12,75;262,96;263,49;263,23
Tesouro IPCA+;15/05/2029;21/11/2025;7,15;7,12;3299,20;3305,81;3302,50
Tesouro IPCA+;15/05/2035;21/11/2025;7,29;7,26;2157,63;2161,95;2159,79
Tesouro IPCA+;15/05/2045;21/11/2025;7,42;7,39;1044,74;1046,83;1045,79
Tesouro IPCA+ com Juros Semestrais;15/08/2032;21/11/2025;7,28;7,25;2617,23;2622,47;2619,85
Tesouro IPCA+ com Juros Semestrais;15/08/2040;21/11/2025;7,38;7,35;1474,02;1476,98;1475,50
Tesouro IPCA+ com Juros Semestrais;15/05/2055;21/11/2025;7,45;7,42;508,22;509,23;508,72
Tesouro Selic;01/03/2029;21/11/2025;0,06;0,03;15497,24;15528,30;15512,77
Tesouro Prefixado;01/01/2027;24/11/2025;13,57;13,54;867,56;869,30;868,43
Tesouro Prefixado;01/01/2029;24/11/2025;13,20;13,17;679,78;681,14;680,46
Tesouro Prefixado;01/01/2031;24/11/2025;13,04;13,01;534,72;535,79;535,25
Tesouro Prefixado com Juros Semestrais;01/01/2033;24/11/2025;12,94;12,91;421,23;422,07;421,65
Tesouro Prefixado com Juros Semestrais;01/01/2035;24/11/2025;12,82;12,79;333,76;334,43;334,09
Tesouro Prefixado com Juros Semestrais;01/01/2037;24/11/2025;12,75;12,72;263,98;264,51;264,24
Tesouro IPCA+;15/05/2029;24/11/2025;7,12;7,09;3304,47;3311,10;3307,78
Tesouro IPCA+;15/05/2035;24/11/2025;7,30;7,27;2156,15;2160,47;2158,31
Tesouro IPCA+;15/05/2045;24/11/2025;7,39;7,36;1051,81;1053,92;1052,87
Tesouro IPCA+ com Juros Semestrais;15/08/2032;24/11/2025;7,24;7,21;2624,74;2630,00;2627,37
Tesouro IPCA+ com Juros Semestrais;15/08/2040;24/11/2025;7,35;7,32;1480,72;1483,68;1482,20
Tesouro IPCA+ com Juros Semestrais;15/05/2055;24/11/2025;7,45;7,42;508,49;509,51;509,00
Tesouro Selic;01/03/2029;24/11/2025;0,06;0,03;15500,34;15531,40;15515,87
Tesouro Prefixado;01/01/2027;25/11/2025;13,51;13,48;868,32;870,06;869,19
Tesouro Prefixado;01/01/2029;25/11/2025;13,21;13,18;679,78;681,14;680,46
Tesouro Prefixado;01/01/2031;25/11/2025;13,05;13,02;534,47;535,54;535,00
Tesouro Prefixado com Juros Semestrais;01/01/2033;25/11/2025;12,92;12,89;421,96;422,80;422,38
Tesouro Prefixado com Juros Semestrais;01/01/2035;25/11/2025;12,87;12,84;332,48;333,15;332,81
Tesouro Prefixado com Juros Semestrais;01/01/2037;25/11/2025;12,81;12,78;262,67;263,20;262,94
Tesouro IPCA+;15/05/2029;25/11/2025;7,16;7,13;3300,49;3307,11;3303,80
Tesouro IPCA+;15/05/2035;25/11/2025;7,32;7,29;2152,25;2156,56;2154,41
Tesouro IPCA+;15/05/2045;25/11/2025;7,39;7,36;1052,47;1054,58;1053,53
Tesouro IPCA+ com Juros Semestrais;15/08/2032;25/11/2025;7,24;7,21;2624,65;2629,91;2627,28
Tesouro IPCA+ com Juros Semestrais;15/08/2040;25/11/2025;7,39;7,36;1473,78;1476,73;1475,26
Tesouro IPCA+ com Juros Semestrais;15/05/2055;25/11/2025;7,46;7,43;506,95;507,96;507,45
Tesouro Selic;01/03/2029;25/11/2025;0,05;0,02;15503,43;15534,50;15518,97
Tesouro Prefixado;01/01/2027;26/11/2025;13,51;13,48;868,60;870,34;869,47
Tesouro Prefixado;01/01/2029;26/11/2025;13,21;13,18;679,99;681,35;680,67
Tesouro Prefixado;01/01/2031;26/11/2025;12,99;12,96;536,25;537,32;536,78
Tesouro Prefixado com Juros Semestrais;01/01/2033;26/11/2025;12,89;12,86;422,89;423,73;423,31
Tesouro Prefixado com Juros Semestrais;01/01/2035;26/11/2025;12,81;12,78;334,21;334,88;334,54
Tesouro Prefixado com Juros Semestrais;01/01/2037;26/11/2025;12,71;12,68;265,30;265,83;265,57
Tesouro IPCA+;15/05/2029;26/11/2025;7,15;7,12;3302,59;3309,21;3305,90
Tesouro IPCA+;15/05/2035;26/11/2025;7,29;7,26;2159,85;2164,18;2162,02
Tesouro IPCA+;15/05/2045;26/11/2025;7,40;7,37;1050,44;1052,54;1051,49
Tesouro IPCA+ com Juros Semestrais;15/08/2032;26/11/2025;7,25;7,22;2624,18;2629,44;2626,81
Tesouro IPCA+ com Juros Semestrais;15/08/2040;26/11/2025;7,36;7,33;1480,30;1483,27;1481,78
Tesouro IPCA+ com Juros Semestrais;15/05/2055;26/11/2025;7,48;7,45;504,36;505,37;504,87
Tesouro Selic;01/03/2029;26/11/2025;0,07;0,04;15506,52;15537,60;15522,06
Tesouro Prefixado;01/01/2027;27/11/2025;13,45;13,42;869,46;871,20;870,33
Tesouro Prefixado;01/01/2029;27/11/2025;13,07;13,04;682,82;684,19;683,51
Tesouro Prefixado;01/01/2031;27/11/2025;12,94;12,91;537,67;538,74;538,20
Tesouro Prefixado com Juros Semestrais;01/01/2033;27/11/2025;12,82;12,79;424,91;425,76;425,34
Tesouro Prefixado com Juros Semestrais;01/01/2035;27/11/2025;12,76;12,73;335,49;336,17;335,83
Tesouro Prefixado com Juros Semestrais;01/01/2037;27/11/2025;12,66;12,63;266,65;267,18;266,91
Tesouro IPCA+;15/05/2029;27/11/2025;7,17;7,14;3300,65;3307,26;3303,96
Tesouro IPCA+;15/05/2035;27/11/2025;7,34;7,31;2150,99;2155,31;2153,15
Tesouro IPCA+;15/05/2045;27/11/2025;7,39;7,36;1052,81;1054,92;1053,87
Tesouro IPCA+ com Juros Semestrais;15/08/2032;27/11/2025;7,23;7,20;2627,86;2633,13;2630,49
Tesouro IPCA+ com Juros Semestrais;15/08/2040;27/11/2025;7,37;7,34;1477,94;1480,90;1479,42
Tesouro IPCA+ com Juros Semestrais;15/05/2055;27/11/2025;7,48;7,45;504,85;505,86;505,36
Tesouro Selic;01/03/2029;27/11/2025;0,06;0,03;15509,62;15540,70;15525,16
Tesouro Prefixado;01/01/2027;28/11/2025;13,54;13,51;869,02;870,76;869,89
Tesouro Prefixado;01/01/2029;28/11/2025;13,15;13,12;681,56;682,93;682,25
Tesouro Prefixado;01/01/2031;28/11/2025;13,00;12,97;536,38;537,46;536,92
Tesouro Prefixado com Juros Semestrais;01/01/2033;28/11/2025;12,86;12,83;423,89;424,74;424,32
Tesouro Prefixado com Juros Semestrais;01/01/2035;28/11/2025;12,80;12,77;334,58;335,25;334,91
Tesouro Prefixado com Juros Semestrais;01/01/2037;28/11/2025;12,73;12,70;264,97;265,50;265,24
Tesouro IPCA+;15/05/2029;28/11/2025;7,13;7,10;3306,42;3313,04;3309,73
Tesouro IPCA+;15/05/2035;28/11/2025;7,31;7,28;2156,73;2161,05;2158,89
Tesouro IPCA+;15/05/2045;28/11/2025;7,40;7,37;1051,24;1053,35;1052,30
Tesouro IPCA+ com Juros Semestrais;15/08/2032;28/11/2025;7,28;7,25;2619,80;2625,05;2622,43
Tesouro IPCA+ com Juros Semestrais;15/08/2040;28/11/2025;7,37;7,34;1477,96;1480,92;1479,44
Tesouro IPCA+ com Juros Semestrais;15/05/2055;28/11/2025;7,46;7,43;507,16;508,18;507,67
Tesouro Selic;01/03/2029;28/11/2025;0,07;0,04;15512,71;15543,80;15528,26
Tesouro Prefixado;01/01/2027;01/12/2025;13,52;13,49;870,07;871,81;870,94
Tesouro Prefixado;01/01/2029;01/12/2025;13,18;13,15;681,72;683,09;682,40
Tesouro Prefixado;01/01/2031;01/12/2025;13,05;13,02;535,65;536,73;536,19
Tesouro Prefixado com Juros Semestrais;01/01/2033;01/12/2025;12,88;12,85;423,66;424,51;424,08
Tesouro Prefixado com Juros Semestrais;01/01/2035;01/12/2025;12,87;12,84;333,16;333,83;333,49
Tesouro Prefixado com Juros Semestrais;01/01/2037;01/12/2025;12,78;12,75;263,96;264,49;264,23
Tesouro IPCA+;15/05/2029;01/12/2025;7,09;7,06;3312,35;3318,99;3315,67
Tesouro IPCA+;15/05/2035;01/12/2025;7,25;7,22;2169,06;2173,41;2171,23
Tesouro IPCA+;15/05/2045;01/12/2025;7,31;7,28;1068,67;1070,82;1069,74
Tesouro IPCA+ com Juros Semestrais;15/08/2032;01/12/2025;7,22;7,19;2631,40;2636,67;2634,04
Tesouro IPCA+ com Juros Semestrais;15/08/2040;01/12/2025;7,29;7,26;1495,71;1498,71;1497,21
Tesouro IPCA+ com Juros Semestrais;15/05/2055;01/12/2025;7,44;7,41;510,93;511,96;511,44
Tesouro Selic;01/03/2029;01/12/2025;0,06;0,03;15515,81;15546,90;15531,35
Tesouro Prefixado;01/01/2027;02/12/2025;13,60;13,57;869,68;871,42;870,55
Tesouro Prefixado;01/01/2029;02/12/2025;13,20;13,17;681,62;682,99;682,30
Tesouro Prefixado;01/01/2031;02/12/2025;13,02;12,99;536,55;537,63;537,09
Tesouro Prefixado com Juros Semestrais;01/01/2033;02/12/2025;12,87;12,84;424,18;425,03;424,61
Tesouro Prefixado com Juros Semestrais;01/01/2035;02/12/2025;12,81;12,78;334,82;335,50;335,16
Tesouro Prefixado com Juros Semestrais;01/01/2037;02/12/2025;12,78;12,75;263,91;264,44;264,17
Tesouro IPCA+;15/05/2029;02/12/2025;7,10;7,07;3311,05;3317,69;3314,37
Tesouro IPCA+;15/05/2035;02/12/2025;7,28;7,25;2162,83;2167,16;2165,00
Tesouro IPCA+;15/05/2045;02/12/2025;7,38;7,35;1054,35;1056,47;1055,41
Tesouro IPCA+ com Juros Semestrais;15/08/2032;02/12/2025;7,20;7,17;2635,49;2640,77;2638,13
Tesouro IPCA+ com Juros Semestrais;15/08/2040;02/12/2025;7,34;7,31;1484,95;1487,93;1486,44
Tesouro IPCA+ com Juros Semestrais;15/05/2055;02/12/2025;7,41;7,38;514,43;515,46;514,94
Tesouro Selic;01/03/2029;02/12/2025;0,06;0,03;15518,90;15550,00;15534,45
Tesouro Prefixado;01/01/2027;03/12/2025;13,62;13,59;869,85;871,60;870,73
Tesouro Prefixado;01/01/2029;03/12/2025;13,24;13,21;680,97;682,34;681,66
Tesouro Prefixado;01/01/2031;03/12/2025;13,07;13,04;535,61;536,69;536,15
Tesouro Prefixado com Juros Semestrais;01/01/2033;03/12/2025;12,95;12,92;422,14;422,99;422,57
Tesouro Prefixado com Juros Semestrais;01/01/2035;03/12/2025;12,90;12,87;332,54;333,20;332,87
Tesouro Prefixado com Juros Semestrais;01/01/2037;03/12/2025;12,84;12,81;262,57;263,10;262,84
Tesouro IPCA+;15/05/2029;03/12/2025;7,17;7,14;3305,23;3311,86;3308,54
Tesouro IPCA+;15/05/2035;03/12/2025;7,31;7,28;2158,54;2162,86;2160,70
Tesouro IPCA+;15/05/2045;03/12/2025;7,41;7,38;1049,26;1051,36;1050,31
Tesouro IPCA+ com Juros Semestrais;15/08/2032;03/12/2025;7,26;7,23;2625,16;2630,42;2627,79
Tesouro IPCA+ com Juros Semestrais;15/08/2040;03/12/2025;7,35;7,32;1483,12;1486,09;1484,61
Tesouro IPCA+ com Juros Semestrais;15/05/2055;03/12/2025;7,48;7,45;505,55;506,56;506,06
Tesouro Selic;01/03/2029;03/12/2025;0,07;0,04;15521,99;15553,10;15537,55
Tesouro Prefixado;01/01/2027;04/12/2025;13,57;13,54;870,52;872,26;871,39
Tesouro Prefixado;01/01/2029;04/12/2025;13,24;13,21;681,33;682,70;682,01
Tesouro Prefixado;01/01/2031;04/12/2025;13,06;13,03;536,06;537,13;536,60
Tesouro Prefixado com Juros Semestrais;01/01/2033;04/12/2025;12,92;12,89;423,25;424,10;423,68
Tesouro Prefixado com Juros Semestrais;01/01/2035;04/12/2025;12,90;12,87;332,57;333,24;332,90
Tesouro Prefixado com Juros Semestrais;01/01/2037;04/12/2025;12,84;12,81;262,55;263,08;262,82
Tesouro IPCA+;15/05/2029;04/12/2025;7,10;7,07;3313,20;3319,84;3316,52
Tesouro IPCA+;15/05/2035;04/12/2025;7,25;7,22;2169,53;2173,88;2171,70
Tesouro IPCA+;15/05/2045;04/12/2025;7,36;7,33;1059,38;1061,51;1060,45
Tesouro IPCA+ com Juros Semestrais;15/08/2032;04/12/2025;7,23;7,20;2631,17;2636,44;2633,80
Tesouro IPCA+ com Juros Semestrais;15/08/2040;04/12/2025;7,30;7,27;1494,92;1497,92;1496,42
Tesouro IPCA+ com Juros Semestrais;15/05/2055;04/12/2025;7,41;7,38;514,65;515,69;515,17
Tesouro Selic;01/03/2029;04/12/2025;0,06;0,03;15525,09;15556,20;15540,64
Tesouro Prefixado;01/01/2027;05/12/2025;13,59;13,56;870,66;872,41;871,54
Tesouro Prefixado;01/01/2029;05/12/2025;13,26;13,23;681,19;682,56;681,88
Tesouro Prefixado;01/01/2031;05/12/2025;13,08;13,05;535,53;536,60;536,07
Tesouro Prefixado com Juros Semestrais;01/01/2033;05/12/2025;12,97;12,94;421,90;422,74;422,32
Tesouro Prefixado com Juros Semestrais;01/01/2035;05/12/2025;12,92;12,89;332,27;332,94;332,60
Tesouro Prefixado com Juros Semestrais;01/01/2037;05/12/2025;12,79;12,76;263,93;264,46;264,19
Tesouro IPCA+;15/05/2029;05/12/2025;7,02;6,99;3321,51;3328,16;3324,84
Tesouro IPCA+;15/05/2035;05/12/2025;7,20;7,17;2180,99;2185,36;2183,18
Tesouro IPCA+;15/05/2045;05/12/2025;7,32;7,29;1066,44;1068,57;1067,50
Tesouro IPCA+ com Juros Semestrais;15/08/2032;05/12/2025;7,10;7,07;2652,66;2657,98;2655,32
Tesouro IPCA+ com Juros Semestrais;15/08/2040;05/12/2025;7,26;7,23;1502,67;1505,68;1504,17
Tesouro IPCA+ com Juros Semestrais;15/05/2055;05/12/2025;7,37;7,34;521,49;522,54;522,02
Tesouro Selic;01/03/2029;05/12/2025;0,06;0,03;15528,18;15559,30;15543,74
Tesouro Prefixado;01/01/2027;08/12/2025;13,61;13,58;871,40;873,15;872,27
Tesouro Prefixado;01/01/2029;08/12/2025;13,30;13,27;681,13;682,49;681,81
Tesouro Prefixado;01/01/2031;08/12/2025;13,09;13,06;536,05;537,12;536,59
Tesouro Prefixado com Juros Semestrais;01/01/2033;08/12/2025;12,96;12,93;422,57;423,42;423,00
Tesouro Prefixado com Juros Semestrais;01/01/2035;08/12/2025;12,86;12,83;334,08;334,75;334,41
Tesouro Prefixado com Juros Semestrais;01/01/2037;08/12/2025;12,76;12,73;264,90;265,43;265,16
Tesouro IPCA+;15/05/2029;08/12/2025;7,03;7,00;3322,51;3329,17;3325,84
Tesouro IPCA+;15/05/2035;08/12/2025;7,17;7,14;2186,82;2191,20;2189,01
Tesouro IPCA+;15/05/2045;08/12/2025;7,29;7,26;1073,03;1075,18;1074,11
Tesouro IPCA+ com Juros Semestrais;15/08/2032;08/12/2025;7,16;7,13;2644,28;2649,58;2646,93
Tesouro IPCA+ com Juros Semestrais;15/08/2040;08/12/2025;7,26;7,23;1503,25;1506,26;1504,75
Tesouro IPCA+ com Juros Semestrais;15/05/2055;08/12/2025;7,35;7,32;523,89;524,94;524,42
Tesouro Selic;01/03/2029;08/12/2025;0,05;0,02;15531,28;15562,40;15546,84
Tesouro Prefixado;01/01/2027;09/12/2025;13,70;13,67;871,02;872,76;871,89
Tesouro Prefixado;01/01/2029;09/12/2025;13,36;13,33;680,14;681,50;680,82
Tesouro Prefixado;01/01/2031;09/12/2025;13,20;13,17;533,39;534,46;533,92
Tesouro Prefixado com Juros Semestrais;01/01/2033;09/12/2025;13,07;13,04;419,89;420,73;420,31
Tesouro Prefixado com Juros Semestrais;01/01/2035;09/12/2025;12,97;12,94;331,32;331,98;331,65
Tesouro Prefixado com Juros Semestrais;01/01/2037;09/12/2025;12,94;12,91;260,37;260,89;260,63
Tesouro IPCA+;15/05/2029;09/12/2025;7,05;7,02;3321,01;3327,66;3324,34
Tesouro IPCA+;15/05/2035;09/12/2025;7,20;7,17;2182,06;2186,44;2184,25
Tesouro IPCA+;15/05/2045;09/12/2025;7,30;7,27;1072,33;1074,48;1073,40
Tesouro IPCA+ com Juros Semestrais;15/08/2032;09/12/2025;7,14;7,11;2648,24;2653,54;2650,89
Tesouro IPCA+ com Juros Semestrais;15/08/2040;09/12/2025;7,24;7,21;1508,00;1511,02;1509,51
Tesouro IPCA+ com Juros Semestrais;15/05/2055;09/12/2025;7,33;7,30;526,74;527,79;527,26
Tesouro Selic;01/03/2029;09/12/2025;0,06;0,03;15534,37;15565,50;15549,93
Tesouro Prefixado;01/01/2027;10/12/2025;13,72;13,69;871,17;872,92;872,04
Tesouro Prefixado;01/01/2029;10/12/2025;13,40;13,37;679,69;681,05;680,37
Tesouro Prefixado;01/01/2031;10/12/2025;13,21;13,18;533,44;534,51;533,97
Tesouro Prefixado com Juros Semestrais;01/01/2033;10/12/2025;13,07;13,04;420,14;420,99;420,56
Tesouro Prefixado com Juros Semestrais;01/01/2035;10/12/2025;12,99;12,96;330,94;331,60;331,27
Tesouro Prefixado com Juros Semestrais;01/01/2037;10/12/2025;12,92;12,89;260,99;261,52;261,25
Tesouro IPCA+;15/05/2029;10/12/2025;7,08;7,05;3318,70;3325,35;3322,03
Tesouro IPCA+;15/05/2035;10/12/2025;7,23;7,20;2175,91;2180,27;2178,09
Tesouro IPCA+;15/05/2045;10/12/2025;7,36;7,33;1060,80;1062,92;1061,86
Tesouro IPCA+ com Juros Semestrais;15/08/2032;10/12/2025;7,19;7,16;2641,26;2646,55;2643,91
Tesouro IPCA+ com Juros Semestrais;15/08/2040;10/12/2025;7,34;7,31;1487,26;1490,24;1488,75
Tesouro IPCA+ com Juros Semestrais;15/05/2055;10/12/2025;7,41;7,38;516,12;517,16;516,64
Tesouro Selic;01/03/2029;10/12/2025;0,06;0,03;15537,46;15568,60;15553,03
Tesouro Prefixado;01/01/2027;11/12/2025;13,75;13,72;871,24;872,98;872,11
Tesouro Prefixado;01/01/2029;11/12/2025;13,36;13,33;680,65;682,01;681,33
Tesouro Prefixado;01/01/2031;11/12/2025;13,18;13,15;534,36;535,43;534,90
Tesouro Prefixado com Juros Semestrais;01/01/2033;11/12/2025;13,07;13,04;420,14;420,98;420,56
Tesouro Prefixado com Juros Semestrais;01/01/2035;11/12/2025;12,98;12,95;331,30;331,97;331,63
Tesouro Prefixado com Juros Semestrais;01/01/2037;11/12/2025;12,95;12,92;260,38;260,90;260,64
Tesouro IPCA+;15/05/2029;11/12/2025;7,06;7,03;3321,31;3327,96;3324,64
Tesouro IPCA+;15/05/2035;11/12/2025;7,26;7,23;2170,37;2174,72;2172,54
Tesouro IPCA+;15/05/2045;11/12/2025;7,37;7,34;1059,74;1061,87;1060,80
Tesouro IPCA+ com Juros Semestrais;15/08/2032;11/12/2025;7,21;7,18;2637,94;2643,23;2640,59
Tesouro IPCA+ com Juros Semestrais;15/08/2040;11/12/2025;7,29;7,26;1498,12;1501,12;1499,62
Tesouro IPCA+ com Juros Semestrais;15/05/2055;11/12/2025;7,40;7,37;516,64;517,67;517,15
Tesouro Selic;01/03/2029;11/12/2025;0,06;0,03;15540,56;15571,70;15556,13
Tesouro Prefixado;01/01/2027;12/12/2025;13,70;13,67;871,89;873,63;872,76
Tesouro Prefixado;01/01/2029;12/12/2025;13,31;13,28;681,80;683,17;682,49
Tesouro Prefixado;01/01/2031;12/12/2025;13,13;13,10;535,76;536,83;536,29
Tesouro Prefixado com Juros Semestrais;01/01/2033;12/12/2025;13,03;13,00;421,41;422,25;421,83
Tesouro Prefixado com Juros Semestrais;01/01/2035;12/12/2025;12,92;12,89;332,93;333,59;333,26
Tesouro Prefixado com Juros Semestrais;01/01/2037;12/12/2025;12,85;12,82;263,11;263,64;263,38
Tesouro IPCA+;15/05/2029;12/12/2025;7,10;7,07;3317,46;3324,11;3320,79
Tesouro IPCA+;15/05/2035;12/12/2025;7,28;7,25;2168,17;2172,51;2170,34
Tesouro IPCA+;15/05/2045;12/12/2025;7,35;7,32;1063,55;1065,68;1064,61
Tesouro IPCA+ com Juros Semestrais;15/08/2032;12/12/2025;7,22;7,19;2637,53;2642,82;2640,17
Tesouro IPCA+ com Juros Semestrais;15/08/2040;12/12/2025;7,35;7,32;1487,17;1490,15;1488,66
Tesouro IPCA+ com Juros Semestrais;15/05/2055;12/12/2025;7,42;7,39;514,42;515,45;514,94
Tesouro Selic;01/03/2029;12/12/2025;0,06;0,03;15543,65;15574,80;15559,23
Tesouro Prefixado;01/01/2027;15/12/2025;13,64;13,61;873,31;875,06;874,19
Tesouro Prefixado;01/01/2029;15/12/2025;13,26;13,23;683,44;684,81;684,12
Tesouro Prefixado;01/01/2031;15/12/2025;13,10;13,07;536,89;537,96;537,43
Tesouro Prefixado com Juros Semestrais;01/01/2033;15/12/2025;12,97;12,94;423,45;424,30;423,88
Tesouro Prefixado com Juros Semestrais;01/01/2035;15/12/2025;12,85;12,82;335,22;335,89;335,56
Tesouro Prefixado com Juros Semestrais;01/01/2037;15/12/2025;12,85;12,82;263,18;263,71;263,45
Tesouro IPCA+;15/05/2029;15/12/2025;7,06;7,03;3324,16;3330,82;3327,49
Tesouro IPCA+;15/05/2035;15/12/2025;7,25;7,22;2174,81;2179,16;2176,99
Tesouro IPCA+;15/05/2045;15/12/2025;7,35;7,32;1062,72;1064,85;1063,78
Tesouro IPCA+ com Juros Semestrais;15/08/2032;15/12/2025;7,20;7,17;2641,18;2646,47;2643,83
Tesouro IPCA+ com Juros Semestrais;15/08/2040;15/12/2025;7,31;7,28;1496,12;1499,12;1497,62
Tesouro IPCA+ com Juros Semestrais;15/05/2055;15/12/2025;7,41;7,38;516,83;517,86;517,35
Tesouro Selic;01/03/2029;15/12/2025;0,05;0,02;15546,74;15577,90;15562,32
Tesouro Prefixado;01/01/2027;16/12/2025;13,63;13,60;873,71;875,46;874,59
Tesouro Prefixado;01/01/2029;16/12/2025;13,17;13,14;685,32;686,69;686,00
Tesouro Prefixado;01/01/2031;16/12/2025;13,04;13,01;538,51;539,59;539,05
Tesouro Prefixado com Juros Semestrais;01/01/2033;16/12/2025;12,95;12,92;423,93;424,78;424,35
Tesouro Prefixado com Juros Semestrais;01/01/2035;16/12/2025;12,82;12,79;336,17;336,84;336,50
Tesouro Prefixado com Juros Semestrais;01/01/2037;16/12/2025;12,77;12,74;265,50;266,03;265,76
Tesouro IPCA+;15/05/2029;16/12/2025;7,08;7,05;3322,61;3329,27;3325,94
Tesouro IPCA+;15/05/2035;16/12/2025;7,25;7,22;2175,43;2179,79;2177,61
Tesouro IPCA+;15/05/2045;16/12/2025;7,38;7,35;1058,67;1060,79;1059,73
Tesouro IPCA+ com Juros Semestrais;15/08/2032;16/12/2025;7,17;7,14;2646,40;2651,71;2649,06
Tesouro IPCA+ com Juros Semestrais;15/08/2040;16/12/2025;7,33;7,30;1491,43;1494,42;1492,92
Tesouro IPCA+ com Juros Semestrais;15/05/2055;16/12/2025;7,40;7,37;517,77;518,81;518,29
Tesouro Selic;01/03/2029;16/12/2025;0,06;0,03;15549,84;15581,00;15565,42
Tesouro Prefixado;01/01/2027;17/12/2025;13,58;13,55;874,41;876,16;875,29
Tesouro Prefixado;01/01/2029;17/12/2025;13,20;13,17;684,99;686,37;685,68
Tesouro Prefixado;01/01/2031;17/12/2025;13,03;13,00;539,10;540,18;539,64
Tesouro Prefixado com Juros Semestrais;01/01/2033;17/12/2025;12,89;12,86;425,79;426,64;426,21
Tesouro Prefixado com Juros Semestrais;01/01/2035;17/12/2025;12,82;12,79;336,31;336,99;336,65
Tesouro Prefixado com Juros Semestrais;01/01/2037;17/12/2025;12,74;12,71;266,30;266,83;266,56
Tesouro IPCA+;15/05/2029;17/12/2025;7,07;7,04;3324,01;3330,67;3327,34
Tesouro IPCA+;15/05/2035;17/12/2025;7,21;7,18;2182,47;2186,85;2184,66
Tesouro IPCA+;15/05/2045;17/12/2025;7,29;7,26;1076,02;1078,17;1077,09
Tesouro IPCA+ com Juros Semestrais;15/08/2032;17/12/2025;7,20;7,17;2643,52;2648,82;2646,17
Tesouro IPCA+ com Juros Semestrais;15/08/2040;17/12/2025;7,30;7,27;1497,36;1500,36;1498,86
Tesouro IPCA+ com Juros Semestrais;15/05/2055;17/12/2025;7,37;7,34;521,90;522,94;522,42
Tesouro Selic;01/03/2029;17/12/2025;0,07;0,04;15552,93;15584,10;15568,52
Tesouro Prefixado;01/01/2027;18/12/2025;13,60;13,57;874,57;876,32;875,44
Tesouro Prefixado;01/01/2029;18/12/2025;13,24;13,21;684,47;685,84;685,15
Tesouro Prefixado;01/01/2031;18/12/2025;13,00;12,97;539,84;540,92;540,38
Tesouro Prefixado com Juros Semestrais;01/01/2033;18/12/2025;12,89;12,86;425,80;426,66;426,23
Tesouro Prefixado com Juros Semestrais;01/01/2035;18/12/2025;12,80;12,77;336,81;337,48;337,15
Tesouro Prefixado com Juros Semestrais;01/01/2037;18/12/2025;12,80;12,77;264,72;265,25;264,98
Tesouro IPCA+;15/05/2029;18/12/2025;7,05;7,02;3326,50;3333,17;3329,84
Tesouro IPCA+;15/05/2035;18/12/2025;7,22;7,19;2181,61;2185,98;2183,80
Tesouro IPCA+;15/05/2045;18/12/2025;7,30;7,27;1074,32;1076,48;1075,40
Tesouro IPCA+ com Juros Semestrais;15/08/2032;18/12/2025;7,17;7,14;2648,40;2653,70;2651,05
Tesouro IPCA+ com Juros Semestrais;15/08/2040;18/12/2025;7,30;7,27;1497,61;1500,61;1499,11
Tesouro IPCA+ com Juros Semestrais;15/05/2055;18/12/2025;7,38;7,35;521,25;522,29;521,77
Tesouro Selic;01/03/2029;18/12/2025;0,06;0,03;15556,03;15587,20;15571,61
Tesouro Prefixado;01/01/2027;19/12/2025;13,59;13,56;874,97;876,72;875,84
Tesouro Prefixado;01/01/2029;19/12/2025;13,20;13,17;685,53;686,91;686,22
Tesouro Prefixado;01/01/2031;19/12/2025;13,04;13,01;539,17;540,25;539,71
Tesouro Prefixado com Juros Semestrais;01/01/2033;19/12/2025;12,89;12,86;425,96;426,81;426,38
Tesouro Prefixado com Juros Semestrais;01/01/2035;19/12/2025;12,76;12,73;337,99;338,67;338,33
Tesouro Prefixado com Juros Semestrais;01/01/2037;19/12/2025;12,69;12,66;267,84;268,37;268,11
Tesouro IPCA+;15/05/2029;19/12/2025;7,03;7,00;3329,89;3336,57;3333,23
Tesouro IPCA+;15/05/2035;19/12/2025;7,22;7,19;2181,29;2185,66;2183,47
Tesouro IPCA+;15/05/2045;19/12/2025;7,31;7,28;1071,26;1073,41;1072,34
Tesouro IPCA+ com Juros Semestrais;15/08/2032;19/12/2025;7,18;7,15;2646,22;2651,52;2648,87
Tesouro IPCA+ com Juros Semestrais;15/08/2040;19/12/2025;7,25;7,22;1508,10;1511,12;1509,61
Tesouro IPCA+ com Juros Semestrais;15/05/2055;19/12/2025;7,36;7,33;523,39;524,44;523,92
Tesouro Selic;01/03/2029;19/12/2025;0,07;0,04;15559,12;15590,30;15574,71
Tesouro Prefixado;01/01/2027;22/12/2025;13,46;13,43;876,88;878,64;877,76
Tesouro Prefixado;01/01/2029;22/12/2025;13,10;13,07;687,98;689,36;688,67
Tesouro Prefixado;01/01/2031;22/12/2025;12,92;12,89;542,62;543,70;543,16
Tesouro Prefixado com Juros Semestrais;01/01/2033;22/12/2025;12,86;12,83;427,23;428,09;427,66
Tesouro Prefixado com Juros Semestrais;01/01/2035;22/12/2025;12,71;12,68;339,65;340,33;339,99
Tesouro Prefixado com Juros Semestrais;01/01/2037;22/12/2025;12,65;12,62;269,19;269,73;269,46
Tesouro IPCA+;15/05/2029;22/12/2025;6,96;6,93;3338,36;3345,05;3341,70
Tesouro IPCA+;15/05/2035;22/12/2025;7,12;7,09;2202,25;2206,67;2204,46
Tesouro IPCA+;15/05/2045;22/12/2025;7,25;7,22;1084,63;1086,81;1085,72
Tesouro IPCA+ com Juros Semestrais;15/08/2032;22/12/2025;7,09;7,06;2663,61;2668,95;2666,28
Tesouro IPCA+ com Juros Semestrais;15/08/2040;22/12/2025;7,25;7,22;1509,34;1512,37;1510,85
Tesouro IPCA+ com Juros Semestrais;15/05/2055;22/12/2025;7,28;7,25;536,01;537,09;536,55
Tesouro Selic;01/03/2029;22/12/2025;0,05;0,02;15562,21;15593,40;15577,81
Tesouro Prefixado;01/01/2027;23/12/2025;13,46;13,43;877,21;878,97;878,09
Tesouro Prefixado;01/01/2029;23/12/2025;13,08;13,05;688,66;690,04;689,35
Tesouro Prefixado;01/01/2031;23/12/2025;12,87;12,84;543,96;545,05;544,51
Tesouro Prefixado com Juros Semestrais;01/01/2033;23/12/2025;12,74;12,71;430,66;431,52;431,09
Tesouro Prefixado com Juros Semestrais;01/01/2035;23/12/2025;12,66;12,63;341,23;341,92;341,58
Tesouro Prefixado com Juros Semestrais;01/01/2037;23/12/2025;12,60;12,57;270,44;270,98;270,71
Tesouro IPCA+;15/05/2029;23/12/2025;6,96;6,93;3339,39;3346,09;3342,74
Tesouro IPCA+;15/05/2035;23/12/2025;7,14;7,11;2199,15;2203,56;2201,36
Tesouro IPCA+;15/05/2045;23/12/2025;7,16;7,13;1101,46;1103,66;1102,56
Tesouro IPCA+ com Juros Semestrais;15/08/2032;23/12/2025;7,05;7,02;2669,90;2675,25;2672,58
Tesouro IPCA+ com Juros Semestrais;15/08/2040;23/12/2025;7,18;7,15;1524,50;1527,56;1526,03
Tesouro IPCA+ com Juros Semestrais;15/05/2055;23/12/2025;7,31;7,28;530,87;531,93;531,40
Tesouro Selic;01/03/2029;23/12/2025;0,06;0,03;15565,31;15596,50;15580,90
Tesouro Prefixado;01/01/2027;24/12/2025;13,46;13,43;877,46;879,22;878,34
Tesouro Prefixado;01/01/2029;24/12/2025;13,06;13,03;689,18;690,56;689,87
Tesouro Prefixado;01/01/2031;24/12/2025;12,88;12,85;543,89;544,98;544,43
Tesouro Prefixado com Juros Semestrais;01/01/2033;24/12/2025;12,73;12,70;431,01;431,87;431,44
Tesouro Prefixado com Juros Semestrais;01/01/2035;24/12/2025;12,62;12,59;342,34;343,03;342,69
Tesouro Prefixado com Juros Semestrais;01/01/2037;24/12/2025;12,58;12,55;271,15;271,69;271,42
Tesouro IPCA+;15/05/2029;24/12/2025;6,93;6,90;3342,69;3349,39;3346,04
Tesouro IPCA+;15/05/2035;24/12/2025;7,04;7,01;2218,68;2223,13;2220,90
Tesouro IPCA+;15/05/2045;24/12/2025;7,18;7,15;1098,86;1101,06;1099,96
Tesouro IPCA+ com Juros Semestrais;15/08/2032;24/12/2025;7,03;7,00;2674,20;2679,56;2676,88
Tesouro IPCA+ com Juros Semestrais;15/08/2040;24/12/2025;7,12;7,09;1537,29;1540,37;1538,83
Tesouro IPCA+ com Juros Semestrais;15/05/2055;24/12/2025;7,24;7,21;542,13;543,22;542,68
Tesouro Selic;01/03/2029;24/12/2025;0,07;0,04;15568,40;15599,60;15584,00
Tesouro Prefixado;01/01/2027;25/12/2025;13,47;13,44;877,68;879,44;878,56
Tesouro Prefixado;01/01/2029;25/12/2025;13,06;13,03;689,37;690,75;690,06
Tesouro Prefixado;01/01/2031;25/12/2025;12,90;12,87;543,68;544,77;544,22
Tesouro Prefixado com Juros Semestrais;01/01/2033;25/12/2025;12,74;12,71;430,82;431,68;431,25
Tesouro Prefixado com Juros Semestrais;01/01/2035;25/12/2025;12,69;12,66;340,64;341,33;340,98
Tesouro Prefixado com Juros Semestrais;01/01/2037;25/12/2025;12,61;12,58;270,44;270,99;270,72
Tesouro IPCA+;15/05/2029;25/12/2025;6,97;6,94;3339,27;3345,96;3342,61
Tesouro IPCA+;15/05/2035;25/12/2025;7,13;7,10;2202,29;2206,71;2204,50
Tesouro IPCA+;15/05/2045;25/12/2025;7,25;7,22;1085,39;1087,57;1086,48
Tesouro IPCA+ com Juros Semestrais;15/08/2032;25/12/2025;7,11;7,08;2662,25;2667,58;2664,91
Tesouro IPCA+ com Juros Semestrais;15/08/2040;25/12/2025;7,22;7,19;1517,40;1520,44;1518,92
Tesouro IPCA+ com Juros Semestrais;15/05/2055;25/12/2025;7,32;7,29;530,54;531,60;531,07
Tesouro Selic;01/03/2029;25/12/2025;0,06;0,03;15571,49;15602,70;15587,10
Tesouro Prefixado;01/01/2027;26/12/2025;13,45;13,42;878,18;879,94;879,06
Tesouro Prefixado;01/01/2029;26/12/2025;13,06;13,03;689,70;691,08;690,39
Tesouro Prefixado;01/01/2031;26/12/2025;12,88;12,85;544,27;545,36;544,82
Tesouro Prefixado com Juros Semestrais;01/01/2033;26/12/2025;12,76;12,73;430,50;431,36;430,93
Tesouro Prefixado com Juros Semestrais;01/01/2035;26/12/2025;12,69;12,66;340,67;341,35;341,01
Tesouro Prefixado com Juros Semestrais;01/01/2037;26/12/2025;12,61;12,58;270,60;271,14;270,87
Tesouro IPCA+;15/05/2029;26/12/2025;6,95;6,92;3342,31;3349,01;3345,66
Tesouro IPCA+;15/05/2035;26/12/2025;7,13;7,10;2202,97;2207,39;2205,18
Tesouro IPCA+;15/05/2045;26/12/2025;7,22;7,19;1090,18;1092,36;1091,27
Tesouro IPCA+ com Juros Semestrais;15/08/2032;26/12/2025;7,10;7,07;2663,35;2668,68;2666,02
Tesouro IPCA+ com Juros Semestrais;15/08/2040;26/12/2025;7,13;7,10;1535,45;1538,53;1536,99
Tesouro IPCA+ com Juros Semestrais;15/05/2055;26/12/2025;7,32;7,29;529,91;530,97;530,44
Tesouro Selic;01/03/2029;26/12/2025;0,06;0,03;15574,59;15605,80;15590,19
Tesouro Prefixado;01/01/2027;29/12/2025;13,49;13,46;878,80;880,56;879,68
Tesouro Prefixado;01/01/2029;29/12/2025;13,08;13,05;689,99;691,37;690,68
Tesouro Prefixado;01/01/2031;29/12/2025;12,91;12,88;543,98;545,07;544,52
Tesouro Prefixado com Juros Semestrais;01/01/2033;29/12/2025;12,79;12,76;430,14;431,00;430,57
Tesouro Prefixado com Juros Semestrais;01/01/2035;29/12/2025;12,71;12,68;340,37;341,05;340,71
Tesouro Prefixado com Juros Semestrais;01/01/2037;29/12/2025;12,60;12,57;271,00;271,54;271,27
Tesouro IPCA+;15/05/2029;29/12/2025;6,96;6,93;3343,30;3350,00;3346,65
Tesouro IPCA+;15/05/2035;29/12/2025;7,12;7,09;2206,37;2210,79;2208,58
Tesouro IPCA+;15/05/2045;29/12/2025;7,20;7,17;1094,88;1097,07;1095,98
Tesouro IPCA+ com Juros Semestrais;15/08/2032;29/12/2025;7,06;7,03;2672,26;2677,62;2674,94
Tesouro IPCA+ com Juros Semestrais;15/08/2040;29/12/2025;7,22;7,19;1518,69;1521,73;1520,21
Tesouro IPCA+ com Juros Semestrais;15/05/2055;29/12/2025;7,28;7,25;535,95;537,02;536,48
Tesouro Selic;01/03/2029;29/12/2025;0,06;0,03;15577,68;15608,90;15593,29
Tesouro Prefixado;01/01/2027;30/12/2025;13,48;13,45;879,13;880,90;880,02
Tesouro Prefixado;01/01/2029;30/12/2025;13,09;13,06;690,00;691,38;690,69
Tesouro Prefixado;01/01/2031;30/12/2025;12,93;12,90;543,78;544,87;544,32
Tesouro Prefixado com Juros Semestrais;01/01/2033;30/12/2025;12,80;12,77;430,03;430,89;430,46
Tesouro Prefixado com Juros Semestrais;01/01/2035;30/12/2025;12,68;12,65;341,31;341,99;341,65
Tesouro Prefixado com Juros Semestrais;01/01/2037;30/12/2025;12,62;12,59;270,72;271,26;270,99
Tesouro IPCA+;15/05/2029;30/12/2025;6,95;6,92;3344,23;3350,94;3347,58
Tesouro IPCA+;15/05/2035;30/12/2025;7,14;7,11;2202,44;2206,85;2204,64
Tesouro IPCA+;15/05/2045;30/12/2025;7,21;7,18;1093,82;1096,01;1094,91
Tesouro IPCA+ com Juros Semestrais;15/08/2032;30/12/2025;7,11;7,08;2663,28;2668,62;2665,95
Tesouro IPCA+ com Juros Semestrais;15/08/2040;30/12/2025;7,19;7,16;1523,52;1526,57;1525,05
Tesouro IPCA+ com Juros Semestrais;15/05/2055;30/12/2025;7,27;7,24;538,14;539,22;538,68
Tesouro Selic;01/03/2029;30/12/2025;0,05;0,02;15580,78;15612,00;15596,39
Tesouro Prefixado;01/01/2027;31/12/2025;13,47;13,44;879,53;881,30;880,42
Tesouro Prefixado;01/01/2029;31/12/2025;13,11;13,08;689,93;691,31;690,62
Tesouro Prefixado;01/01/2031;31/12/2025;12,94;12,91;543,70;544,78;544,24
Tesouro Prefixado com Juros Semestrais;01/01/2033;31/12/2025;12,83;12,80;429,44;430,30;429,87
Tesouro Prefixado com Juros Semestrais;01/01/2035;31/12/2025;12,70;12,67;340,90;341,58;341,24
Tesouro Prefixado com Juros Semestrais;01/01/2037;31/12/2025;12,64;12,61;270,15;270,69;270,42
Tesouro IPCA+;15/05/2029;31/12/2025;6,97;6,94;3343,52;3350,23;3346,88
Tesouro IPCA+;15/05/2035;31/12/2025;7,15;7,12;2200,84;2205,25;2203,04
Tesouro IPCA+;15/05/2045;31/12/2025;7,26;7,23;1083,40;1085,57;1084,48
Tesouro IPCA+ com Juros Semestrais;15/08/2032;31/12/2025;7,08;7,05;2669,42;2674,77;2672,09
Tesouro IPCA+ com Juros Semestrais;15/08/2040;31/12/2025;7,23;7,20;1515,49;1518,53;1517,01
Tesouro IPCA+ com Juros Semestrais;15/05/2055;31/12/2025;7,25;7,22;540,89;541,98;541,44
Tesouro Selic;01/03/2029;31/12/2025;0,07;0,04;15583,87;15615,10;15599,48
Tesouro Prefixado;01/01/2027;01/01/2026;13,50;13,47;879,64;881,40;880,52
Tesouro Prefixado;01/01/2029;01/01/2026;13,18;13,15;688,90;690,28;689,59
Tesouro Prefixado;01/01/2031;01/01/2026;13,01;12,98;542,12;543,20;542,66
Tesouro Prefixado com Juros Semestrais;01/01/2033;01/01/2026;12,84;12,81;429,10;429,96;429,53
Tesouro Prefixado com Juros Semestrais;01/01/2035;01/01/2026;12,76;12,73;339,38;340,06;339,72
Tesouro Prefixado com Juros Semestrais;01/01/2037;01/01/2026;12,69;12,66;268,86;269,39;269,13
Tesouro IPCA+;15/05/2029;01/01/2026;7,01;6,98;3339,97;3346,67;3343,32
Tesouro IPCA+;15/05/2035;01/01/2026;7,14;7,11;2202,51;2206,93;2204,72
Tesouro IPCA+;15/05/2045;01/01/2026;7,23;7,20;1090,64;1092,82;1091,73
Tesouro IPCA+ com Juros Semestrais;15/08/2032;01/01/2026;7,09;7,06;2669,06;2674,41;2671,73
Tesouro IPCA+ com Juros Semestrais;15/08/2040;01/01/2026;7,20;7,17;1523,99;1527,05;1525,52
Tesouro IPCA+ com Juros Semestrais;15/05/2055;01/01/2026;7,34;7,31;527,90;528,96;528,43
Tesouro Selic;01/03/2029;01/01/2026;0,06;0,03;15586,96;15618,20;15602,58
Tesouro Prefixado;01/01/2027;02/01/2026;13,52;13,49;879,77;881,54;880,66
Tesouro Prefixado;01/01/2029;02/01/2026;13,21;13,18;688,53;689,91;689,22
Tesouro Prefixado;01/01/2031;02/01/2026;12,96;12,93;543,56;544,65;544,11
Tesouro Prefixado com Juros Semestrais;01/01/2033;02/01/2026;12,89;12,86;428,12;428,97;428,54
Tesouro Prefixado com Juros Semestrais;01/01/2035;02/01/2026;12,83;12,80;337,68;338,36;338,02
Tesouro Prefixado com Juros Semestrais;01/01/2037;02/01/2026;12,73;12,70;267,91;268,45;268,18
Tesouro IPCA+;15/05/2029;02/01/2026;6,99;6,96;3342,53;3349,23;3345,88
Tesouro IPCA+;15/05/2035;02/01/2026;7,18;7,15;2196,21;2200,61;2198,41
Tesouro IPCA+;15/05/2045;02/01/2026;7,25;7,22;1087,04;1089,21;1088,12
Tesouro IPCA+ com Juros Semestrais;15/08/2032;02/01/2026;7,10;7,07;2667,51;2672,86;2670,18
Tesouro IPCA+ com Juros Semestrais;15/08/2040;02/01/2026;7,17;7,14;1529,52;1532,59;1531,05
Tesouro IPCA+ com Juros Semestrais;15/05/2055;02/01/2026;7,30;7,27;533,28;534,35;533,82
Tesouro Selic;01/03/2029;02/01/2026;0,06;0,03;15590,06;15621,30;15605,68
Tesouro Prefixado;01/01/2027;05/01/2026;13,54;13,51;880,55;882,31;881,43
Tesouro Prefixado;01/01/2029;05/01/2026;13,17;13,14;689,95;691,34;690,65
Tesouro Prefixado;01/01/2031;05/01/2026;13,06;13,03;541,70;542,79;542,24
Tesouro Prefixado com Juros Semestrais;01/01/2033;05/01/2026;12,91;12,88;427,86;428,72;428,29
Tesouro Prefixado com Juros Semestrais;01/01/2035;05/01/2026;12,84;12,81;337,88;338,56;338,22
Tesouro Prefixado com Juros Semestrais;01/01/2037;05/01/2026;12,76;12,73;267,55;268,09;267,82
Tesouro IPCA+;15/05/2029;05/01/2026;6,96;6,93;3347,60;3354,30;3350,95
Tesouro IPCA+;15/05/2035;05/01/2026;7,13;7,10;2207,32;2211,74;2209,53
Tesouro IPCA+;15/05/2045;05/01/2026;7,21;7,18;1095,47;1097,66;1096,57
Tesouro IPCA+ com Juros Semestrais;15/08/2032;05/01/2026;7,12;7,09;2665,63;2670,97;2668,30
Tesouro IPCA+ com Juros Semestrais;15/08/2040;05/01/2026;7,19;7,16;1525,32;1528,38;1526,85
Tesouro IPCA+ com Juros Semestrais;15/05/2055;05/01/2026;7,28;7,25;537,06;538,13;537,59
Tesouro Selic;01/03/2029;05/01/2026;0,06;0,03;15593,15;15624,40;15608,78
Tesouro Prefixado;01/01/2027;06/01/2026;13,38;13,35;882,05;883,81;882,93
Tesouro Prefixado;01/01/2029;06/01/2026;13,06;13,03;692,30;693,68;692,99
Tesouro Prefixado;01/01/2031;06/01/2026;12,93;12,90;545,06;546,16;545,61
Tesouro Prefixado com Juros Semestrais;01/01/2033;06/01/2026;12,78;12,75;431,54;432,40;431,97
Tesouro Prefixado com Juros Semestrais;01/01/2035;06/01/2026;12,71;12,68;341,52;342,21;341,86
Tesouro Prefixado com Juros Semestrais;01/01/2037;06/01/2026;12,64;12,61;270,59;271,14;270,86
Tesouro IPCA+;15/05/2029;06/01/2026;6,95;6,92;3349,51;3356,23;3352,87
Tesouro IPCA+;15/05/2035;06/01/2026;7,11;7,08;2210,27;2214,70;2212,49
Tesouro IPCA+;15/05/2045;06/01/2026;7,25;7,22;1086,63;1088,81;1087,72
Tesouro IPCA+ com Juros Semestrais;15/08/2032;06/01/2026;7,09;7,06;2670,94;2676,30;2673,62
Tesouro IPCA+ com Juros Semestrais;15/08/2040;06/01/2026;7,21;7,18;1523,37;1526,42;1524,89
Tesouro IPCA+ com Juros Semestrais;15/05/2055;06/01/2026;7,30;7,27;534,64;535,72;535,18
Tesouro Selic;01/03/2029;06/01/2026;0,06;0,03;15596,25;15627,50;15611,87
Tesouro Prefixado;01/01/2027;07/01/2026;13,43;13,40;882,00;883,76;882,88
Tesouro Prefixado;01/01/2029;07/01/2026;13,08;13,05;692,09;693,48;692,79
Tesouro Prefixado;01/01/2031;07/01/2026;12,85;12,82;547,06;548,15;547,61
Tesouro Prefixado com Juros Semestrais;01/01/2033;07/01/2026;12,78;12,75;431,56;432,42;431,99
Tesouro Prefixado com Juros Semestrais;01/01/2035;07/01/2026;12,67;12,64;342,61;343,30;342,96
Tesouro Prefixado com Juros Semestrais;01/01/2037;07/01/2026;12,60;12,57;271,94;272,49;272,22
Tesouro IPCA+;15/05/2029;07/01/2026;6,94;6,91;3350,19;3356,90;3353,55
Tesouro IPCA+;15/05/2035;07/01/2026;7,05;7,02;2222,51;2226,97;2224,74
Tesouro IPCA+;15/05/2045;07/01/2026;7,19;7,16;1099,83;1102,03;1100,93
Tesouro IPCA+ com Juros Semestrais;15/08/2032;07/01/2026;7,06;7,03;2676,75;2682,11;2679,43
Tesouro IPCA+ com Juros Semestrais;15/08/2040;07/01/2026;7,18;7,15;1529,15;1532,22;1530,68
Tesouro IPCA+ com Juros Semestrais;15/05/2055;07/01/2026;7,24;7,21;542,75;543,84;543,29
Tesouro Selic;01/03/2029;07/01/2026;0,06;0,03;15599,34;15630,60;15614,97
Tesouro Prefixado;01/01/2027;08/01/2026;13,44;13,41;882,16;883,93;883,04
Tesouro Prefixado;01/01/2029;08/01/2026;13,08;13,05;692,39;693,78;693,09
Tesouro Prefixado;01/01/2031;08/01/2026;12,89;12,86;546,33;547,42;546,87
Tesouro Prefixado com Juros Semestrais;01/01/2033;08/01/2026;12,80;12,77;431,33;432,19;431,76
Tesouro Prefixado com Juros Semestrais;01/01/2035;08/01/2026;12,68;12,65;342,43;343,12;342,78
Tesouro Prefixado com Juros Semestrais;01/01/2037;08/01/2026;12,60;12,57;271,97;272,51;272,24
Tesouro IPCA+;15/05/2029;08/01/2026;6,92;6,89;3353,28;3360,00;3356,64
Tesouro IPCA+;15/05/2035;08/01/2026;7,11;7,08;2212,13;2216,56;2214,34
Tesouro IPCA+;15/05/2045;08/01/2026;7,16;7,13;1106,26;1108,48;1107,37
Tesouro IPCA+ com Juros Semestrais;15/08/2032;08/01/2026;7,06;7,03;2677,44;2682,81;2680,13
Tesouro IPCA+ com Juros Semestrais;15/08/2040;08/01/2026;7,15;7,12;1535,58;1538,66;1537,12
Tesouro IPCA+ com Juros Semestrais;15/05/2055;08/01/2026;7,30;7,27;534,78;535,85;535,31
Tesouro Selic;01/03/2029;08/01/2026;0,06;0,03;15602,43;15633,70;15618,07
Tesouro Prefixado;01/01/2027;09/01/2026;13,40;13,37;882,78;884,55;883,67
Tesouro Prefixado;01/01/2029;09/01/2026;13,00;12,97;693,96;695,35;694,65
Tesouro Prefixado;01/01/2031;09/01/2026;12,86;12,83;547,14;548,24;547,69
Tesouro Prefixado com Juros Semestrais;01/01/2033;09/01/2026;12,75;12,72;432,65;433,52;433,09
Tesouro Prefixado com Juros Semestrais;01/01/2035;09/01/2026;12,66;12,63;343,14;343,83;343,48
Tesouro Prefixado com Juros Semestrais;01/01/2037;09/01/2026;12,57;12,54;272,81;273,36;273,09
Tesouro IPCA+;15/05/2029;09/01/2026;6,91;6,88;3354,82;3361,54;3358,18
Tesouro IPCA+;15/05/2035;09/01/2026;7,10;7,07;2214,61;2219,05;2216,83
Tesouro IPCA+;15/05/2045;09/01/2026;7,20;7,17;1098,49;1100,69;1099,59
Tesouro IPCA+ com Juros Semestrais;15/08/2032;09/01/2026;7,05;7,02;2678,88;2684,25;2681,56
Tesouro IPCA+ com Juros Semestrais;15/08/2040;09/01/2026;7,19;7,16;1527,89;1530,95;1529,42
Tesouro IPCA+ com Juros Semestrais;15/05/2055;09/01/2026;7,23;7,20;545,12;546,22;545,67
Tesouro Selic;01/03/2029;09/01/2026;0,06;0,03;15605,53;15636,80;15621,16
Tesouro Prefixado;01/01/2027;12/01/2026;13,52;13,49;882,78;884,55;883,66
Tesouro Prefixado;01/01/2029;12/01/2026;13,07;13,04;693,49;694,88;694,18
Tesouro Prefixado;01/01/2031;12/01/2026;12,93;12,90;546,03;547,12;546,57
Tesouro Prefixado com Juros Semestrais;01/01/2033;12/01/2026;12,77;12,74;432,50;433,37;432,93
Tesouro Prefixado com Juros Semestrais;01/01/2035;12/01/2026;12,67;12,64;343,28;343,97;343,62
Tesouro Prefixado com Juros Semestrais;01/01/2037;12/01/2026;12,62;12,59;271,73;272,28;272,01
Tesouro IPCA+;15/05/2029;12/01/2026;6,92;6,89;3355,73;3362,46;3359,09
Tesouro IPCA+;15/05/2035;12/01/2026;7,06;7,03;2222,79;2227,25;2225,02
Tesouro IPCA+;15/05/2045;12/01/2026;7,16;7,13;1107,50;1109,71;1108,60
Tesouro IPCA+ com Juros Semestrais;15/08/2032;12/01/2026;6,99;6,96;2689,91;2695,30;2692,61
Tesouro IPCA+ com Juros Semestrais;15/08/2040;12/01/2026;7,09;7,06;1548,21;1551,32;1549,77
Tesouro IPCA+ com Juros Semestrais;15/05/2055;12/01/2026;7,21;7,18;547,53;548,63;548,08
Tesouro Selic;01/03/2029;12/01/2026;0,06;0,03;15608,62;15639,90;15624,26
Tesouro Prefixado;01/01/2027;13/01/2026;13,44;13,41;883,75;885,52;884,64
Tesouro Prefixado;01/01/2029;13/01/2026;13,02;12,99;694,65;696,05;695,35
Tesouro Prefixado;01/01/2031;13/01/2026;12,89;12,86;547,37;548,47;547,92
Tesouro Prefixado com Juros Semestrais;01/01/2033;13/01/2026;12,71;12,68;434,42;435,30;434,86
Tesouro Prefixado com Juros Semestrais;01/01/2035;13/01/2026;12,61;12,58;344,82;345,51;345,16
Tesouro Prefixado com Juros Semestrais;01/01/2037;13/01/2026;12,57;12,54;273,22;273,77;273,50
Tesouro IPCA+;15/05/2029;13/01/2026;6,94;6,91;3353,97;3360,69;3357,33
Tesouro IPCA+;15/05/2035;13/01/2026;7,07;7,04;2220,38;2224,83;2222,61
Tesouro IPCA+;15/05/2045;13/01/2026;7,19;7,16;1099,88;1102,08;1100,98
Tesouro IPCA+ com Juros Semestrais;15/08/2032;13/01/2026;7,04;7,01;2683,25;2688,63;2685,94
Tesouro IPCA+ com Juros Semestrais;15/08/2040;13/01/2026;7,15;7,12;1537,12;1540,20;1538,66
Tesouro IPCA+ com Juros Semestrais;15/05/2055;13/01/2026;7,26;7,23;541,07;542,16;541,62
Tesouro Selic;01/03/2029;13/01/2026;0,06;0,03;15611,71;15643,00;15627,36
Tesouro Prefixado;01/01/2027;14/01/2026;13,47;13,44;883,81;885,58;884,69
Tesouro Prefixado;01/01/2029;14/01/2026;13,09;13,06;693,57;694,96;694,26
Tesouro Prefixado;01/01/2031;14/01/2026;12,84;12,81;548,71;549,81;549,26
Tesouro Prefixado com Juros Semestrais;01/01/2033;14/01/2026;12,74;12,71;433,80;434,67;434,23
Tesouro Prefixado com Juros Semestrais;01/01/2035;14/01/2026;12,63;12,60;344,34;345,03;344,69
Tesouro Prefixado com Juros Semestrais;01/01/2037;14/01/2026;12,55;12,52;273,83;274,38;274,11
Tesouro IPCA+;15/05/2029;14/01/2026;6,94;6,91;3355,24;3361,97;3358,60
Tesouro IPCA+;15/05/2035;14/01/2026;7,12;7,09;2212,20;2216,63;2214,42
Tesouro IPCA+;15/05/2045;14/01/2026;7,14;7,11;1111,40;1113,63;1112,52
Tesouro IPCA+ com Juros Semestrais;15/08/2032;14/01/2026;7,05;7,02;2681,38;2686,75;2684,07
Tesouro IPCA+ com Juros Semestrais;15/08/2040;14/01/2026;7,18;7,15;1530,89;1533,96;1532,43
Tesouro IPCA+ com Juros Semestrais;15/05/2055;14/01/2026;7,30;7,27;535,03;536,10;535,56
Tesouro Selic;01/03/2029;14/01/2026;0,07;0,04;15614,81;15646,10;15630,45
Tesouro Prefixado;01/01/2027;15/01/2026;13,45;13,42;884,24;886,02;885,13
Tesouro Prefixado;01/01/2029;15/01/2026;13,02;12,99;694,95;696,34;695,65
Tesouro Prefixado;01/01/2031;15/01/2026;12,87;12,84;548,00;549,10;548,55
Tesouro Prefixado com Juros Semestrais;01/01/2033;15/01/2026;12,73;12,70;434,08;434,95;434,51
Tesouro Prefixado com Juros Semestrais;01/01/2035;15/01/2026;12,61;12,58;345,13;345,82;345,47
Tesouro Prefixado com Juros Semestrais;01/01/2037;15/01/2026;12,55;12,52;273,84;274,39;274,11
Tesouro IPCA+;15/05/2029;15/01/2026;6,94;6,91;3355,55;3362,27;3358,91
Tesouro IPCA+;15/05/2035;15/01/2026;7,10;7,07;2215,60;2220,04;2217,82
Tesouro IPCA+;15/05/2045;15/01/2026;7,21;7,18;1097,16;1099,36;1098,26
Tesouro IPCA+ com Juros Semestrais;15/08/2032;15/01/2026;7,06;7,03;2680,92;2686,29;2683,60
Tesouro IPCA+ com Juros Semestrais;15/08/2040;15/01/2026;7,18;7,15;1531,78;1534,85;1533,31
Tesouro IPCA+ com Juros Semestrais;15/05/2055;15/01/2026;7,24;7,21;543,60;544,69;544,15
Tesouro Selic;01/03/2029;15/01/2026;0,06;0,03;15617,90;15649,20;15633,55
Tesouro Prefixado;01/01/2027;16/01/2026;13,41;13,38;884,85;886,62;885,73
Tesouro Prefixado;01/01/2029;16/01/2026;13,07;13,04;694,40;695,79;695,09
Tesouro Prefixado;01/01/2031;16/01/2026;12,85;12,82;548,88;549,98;549,43
Tesouro Prefixado com Juros Semestrais;01/01/2033;16/01/2026;12,73;12,70;434,20;435,07;434,64
Tesouro Prefixado com Juros Semestrais;01/01/2035;16/01/2026;12,62;12,59;345,00;345,69;345,34
Tesouro Prefixado com Juros Semestrais;01/01/2037;16/01/2026;12,56;12,53;273,80;274,35;274,07
Tesouro IPCA+;15/05/2029;16/01/2026;6,93;6,90;3357,13;3363,85;3360,49
Tesouro IPCA+;15/05/2035;16/01/2026;7,10;7,07;2217,28;2221,72;2219,50
Tesouro IPCA+;15/05/2045;16/01/2026;7,20;7,17;1099,55;1101,75;1100,65
Tesouro IPCA+ com Juros Semestrais;15/08/2032;16/01/2026;7,05;7,02;2683,02;2688,40;2685,71
Tesouro IPCA+ com Juros Semestrais;15/08/2040;16/01/2026;7,16;7,13;1536,60;1539,68;1538,14
Tesouro IPCA+ com Juros Semestrais;15/05/2055;16/01/2026;7,25;7,22;542,18;543,26;542,72
Tesouro Selic;01/03/2029;16/01/2026;0,06;0,03;15621,00;15652,30;15636,65
Tesouro Prefixado;01/01/2027;19/01/2026;13,47;13,44;885,36;887,13;886,24
Tesouro Prefixado;01/01/2029;19/01/2026;13,11;13,08;694,27;695,66;694,96
Tesouro Prefixado;01/01/2031;19/01/2026;12,90;12,87;548,05;549,15;548,60
Tesouro Prefixado com Juros Semestrais;01/01/2033;19/01/2026;12,79;12,76;432,97;433,83;433,40
Tesouro Prefixado com Juros Semestrais;01/01/2035;19/01/2026;12,74;12,71;342,09;342,78;342,44
Tesouro Prefixado com Juros Semestrais;01/01/2037;19/01/2026;12,64;12,61;271,92;272,47;272,20
Tesouro IPCA+;15/05/2029;19/01/2026;6,91;6,88;3360,94;3367,68;3364,31
Tesouro IPCA+;15/05/2035;19/01/2026;7,10;7,07;2217,57;2222,01;2219,79
Tesouro IPCA+;15/05/2045;19/01/2026;7,17;7,14;1105,88;1108,10;1106,99
Tesouro IPCA+ com Juros Semestrais;15/08/2032;19/01/2026;7,04;7,01;2685,75;2691,13;2688,44
Tesouro IPCA+ com Juros Semestrais;15/08/2040;19/01/2026;7,16;7,13;1536,09;1539,17;1537,63
Tesouro IPCA+ com Juros Semestrais;15/05/2055;19/01/2026;7,29;7,26;536,81;537,89;537,35
Tesouro Selic;01/03/2029;19/01/2026;0,06;0,03;15624,09;15655,40;15639,74
Tesouro Prefixado;01/01/2027;20/01/2026;13,49;13,46;885,50;887,27;886,39
Tesouro Prefixado;01/01/2029;20/01/2026;13,10;13,07;694,83;696,23;695,53
Tesouro Prefixado;01/01/2031;20/01/2026;12,95;12,92;547,11;548,20;547,65
Tesouro Prefixado com Juros Semestrais;01/01/2033;20/01/2026;12,82;12,79;432,50;433,37;432,94
Tesouro Prefixado com Juros Semestrais;01/01/2035;20/01/2026;12,72;12,69;342,62;343,31;342,96
Tesouro Prefixado com Juros Semestrais;01/01/2037;20/01/2026;12,68;12,65;270,78;271,32;271,05
Tesouro IPCA+;15/05/2029;20/01/2026;6,96;6,93;3356,70;3363,42;3360,06
Tesouro IPCA+;15/05/2035;20/01/2026;7,13;7,10;2213,15;2217,59;2215,37
Tesouro IPCA+;15/05/2045;20/01/2026;7,21;7,18;1098,57;1100,77;1099,67
Tesouro IPCA+ com Juros Semestrais;15/08/2032;20/01/2026;7,10;7,07;2676,26;2681,62;2678,94
Tesouro IPCA+ com Juros Semestrais;15/08/2040;20/01/2026;7,15;7,12;1539,56;1542,65;1541,11
Tesouro IPCA+ com Juros Semestrais;15/05/2055;20/01/2026;7,22;7,19;548,16;549,25;548,70
Tesouro Selic;01/03/2029;20/01/2026;0,06;0,03;15627,18;15658,50;15642,84
Tesouro Prefixado;01/01/2027;21/01/2026;13,49;13,46;885,76;887,53;886,65
Tesouro Prefixado;01/01/2029;21/01/2026;13,10;13,07;694,98;696,37;695,67
Tesouro Prefixado;01/01/2031;21/01/2026;12,94;12,91;547,50;548,59;548,05
Tesouro Prefixado com Juros Semestrais;01/01/2033;21/01/2026;12,76;12,73;434,19;435,06;434,63
Tesouro Prefixado com Juros Semestrais;01/01/2035;21/01/2026;12,75;12,72;342,03;342,71;342,37
Tesouro Prefixado com Juros Semestrais;01/01/2037;21/01/2026;12,65;12,62;271,68;272,22;271,95
Tesouro IPCA+;15/05/2029;21/01/2026;6,96;6,93;3357,36;3364,08;3360,72
Tesouro IPCA+;15/05/2035;21/01/2026;7,11;7,08;2216,99;2221,44;2219,22
Tesouro IPCA+;15/05/2045;21/01/2026;7,24;7,21;1092,47;1094,66;1093,57
Tesouro IPCA+ com Juros Semestrais;15/08/2032;21/01/2026;7,05;7,02;2684,65;2690,03;2687,34
Tesouro IPCA+ com Juros Semestrais;15/08/2040;21/01/2026;7,19;7,16;1531,01;1534,08;1532,55
Tesouro IPCA+ com Juros Semestrais;15/05/2055;21/01/2026;7,26;7,23;541,20;542,29;541,75
Tesouro Selic;01/03/2029;21/01/2026;0,05;0,02;15630,28;15661,60;15645,94
Tesouro Prefixado;01/01/2027;22/01/2026;13,39;13,36;886,85;888,63;887,74
Tesouro Prefixado;01/01/2029;22/01/2026;13,00;12,97;697,11;698,51;697,81
Tesouro Prefixado;01/01/2031;22/01/2026;12,87;12,84;549,31;550,41;549,86
Tesouro Prefixado com Juros Semestrais;01/01/2033;22/01/2026;12,72;12,69;435,39;436,26;435,82
Tesouro Prefixado com Juros Semestrais;01/01/2035;22/01/2026;12,64;12,61;345,01;345,70;345,36
Tesouro Prefixado com Juros Semestrais;01/01/2037;22/01/2026;12,60;12,57;273,14;273,69;273,41
Tesouro IPCA+;15/05/2029;22/01/2026;7,00;6,97;3354,01;3360,73;3357,37
Tesouro IPCA+;15/05/2035;22/01/2026;7,14;7,11;2211,69;2216,12;2213,90
Tesouro IPCA+;15/05/2045;22/01/2026;7,26;7,23;1088,95;1091,13;1090,04
Tesouro IPCA+ com Juros Semestrais;15/08/2032;22/01/2026;7,11;7,08;2675,98;2681,35;2678,66
Tesouro IPCA+ com Juros Semestrais;15/08/2040;22/01/2026;7,19;7,16;1530,65;1533,71;1532,18
Tesouro IPCA+ com Juros Semestrais;15/05/2055;22/01/2026;7,26;7,23;541,08;542,16;541,62
Tesouro Selic;01/03/2029;22/01/2026;0,06;0,03;15633,37;15664,70;15649,04
Tesouro Prefixado;01/01/2027;23/01/2026;13,28;13,25;887,92;889,70;888,81
Tesouro Prefixado;01/01/2029;23/01/2026;12,96;12,93;698,01;699,41;698,71
Tesouro Prefixado;01/01/2031;23/01/2026;12,75;12,72;552,50;553,61;553,05
Tesouro Prefixado com Juros Semestrais;01/01/2033;23/01/2026;12,66;12,63;437,03;437,90;437,46
Tesouro Prefixado com Juros Semestrais;01/01/2035;23/01/2026;12,59;12,56;346,68;347,37;347,02
Tesouro Prefixado com Juros Semestrais;01/01/2037;23/01/2026;12,51;12,48;275,62;276,17;275,89
Tesouro IPCA+;15/05/2029;23/01/2026;6,96;6,93;3358,91;3365,64;3362,27
Tesouro IPCA+;15/05/2035;23/01/2026;7,17;7,14;2206,20;2210,63;2208,41
Tesouro IPCA+;15/05/2045;23/01/2026;7,27;7,24;1086,44;1088,61;1087,53
Tesouro IPCA+ com Juros Semestrais;15/08/2032;23/01/2026;7,13;7,10;2673,24;2678,60;2675,92
Tesouro IPCA+ com Juros Semestrais;15/08/2040;23/01/2026;7,22;7,19;1525,86;1528,91;1527,38
Tesouro IPCA+ com Juros Semestrais;15/05/2055;23/01/2026;7,30;7,27;535,39;536,46;535,93
Tesouro Selic;01/03/2029;23/01/2026;0,06;0,03;15636,46;15667,80;15652,13
Tesouro Prefixado;01/01/2027;26/01/2026;13,44;13,41;887,71;889,49;888,60
Tesouro Prefixado;01/01/2029;26/01/2026;13,11;13,08;695,99;697,38;696,68
Tesouro Prefixado;01/01/2031;26/01/2026;12,93;12,90;548,76;549,86;549,31
Tesouro Prefixado com Juros Semestrais;01/01/2033;26/01/2026;12,81;12,78;433,46;434,33;433,90
Tesouro Prefixado com Juros Semestrais;01/01/2035;26/01/2026;12,73;12,70;343,04;343,73;343,39
Tesouro Prefixado com Juros Semestrais;01/01/2037;26/01/2026;12,72;12,69;270,46;271,00;270,73
Tesouro IPCA+;15/05/2029;26/01/2026;7,07;7,04;3348,95;3355,66;3352,31
Tesouro IPCA+;15/05/2035;26/01/2026;7,22;7,19;2197,26;2201,67;2199,47
Tesouro IPCA+;15/05/2045;26/01/2026;7,31;7,28;1079,81;1081,98;1080,90
Tesouro IPCA+ com Juros Semestrais;15/08/2032;26/01/2026;7,12;7,09;2675,45;2680,81;2678,13
Tesouro IPCA+ com Juros Semestrais;15/08/2040;26/01/2026;7,25;7,22;1519,80;1522,85;1521,32
Tesouro IPCA+ com Juros Semestrais;15/05/2055;26/01/2026;7,37;7,34;526,41;527,47;526,94
Tesouro Selic;01/03/2029;26/01/2026;0,05;0,02;15639,56;15670,90;15655,23
Tesouro Prefixado;01/01/2027;27/01/2026;13,35;13,32;888,66;890,44;889,55
Tesouro Prefixado;01/01/2029;27/01/2026;13,01;12,98;698,04;699,44;698,74
Tesouro Prefixado;01/01/2031;27/01/2026;12,83;12,80;551,36;552,47;551,91
Tesouro Prefixado com Juros Semestrais;01/01/2033;27/01/2026;12,73;12,70;435,73;436,60;436,16
Tesouro Prefixado com Juros Semestrais;01/01/2035;27/01/2026;12,65;12,62;345,32;346,01;345,66
Tesouro Prefixado com Juros Semestrais;01/01/2037;27/01/2026;12,57;12,54;274,47;275,02;274,74
Tesouro IPCA+;15/05/2029;27/01/2026;7,02;6,99;3354,41;3361,13;3357,77
Tesouro IPCA+;15/05/2035;27/01/2026;7,21;7,18;2200,45;2204,86;2202,66
Tesouro IPCA+;15/05/2045;27/01/2026;7,30;7,27;1081,16;1083,33;1082,24
Tesouro IPCA+ com Juros Semestrais;15/08/2032;27/01/2026;7,14;7,11;2673,69;2679,04;2676,36
Tesouro IPCA+ com Juros Semestrais;15/08/2040;27/01/2026;7,27;7,24;1515,86;1518,90;1517,38
Tesouro IPCA+ com Juros Semestrais;15/05/2055;27/01/2026;7,36;7,33;527,65;528,71;528,18
Tesouro Selic;01/03/2029;27/01/2026;0,07;0,04;15642,65;15674,00;15658,33
Tesouro Prefixado;01/01/2027;28/01/2026;13,35;13,32;888,93;890,71;889,82
Tesouro Prefixado;01/01/2029;28/01/2026;12,99;12,96;698,61;700,01;699,31
Tesouro Prefixado;01/01/2031;28/01/2026;12,84;12,81;551,28;552,38;551,83
Tesouro Prefixado com Juros Semestrais;01/01/2033;28/01/2026;12,77;12,74;435,00;435,87;435,44
Tesouro Prefixado com Juros Semestrais;01/01/2035;28/01/2026;12,67;12,64;344,98;345,67;345,33
Tesouro Prefixado com Juros Semestrais;01/01/2037;28/01/2026;12,62;12,59;273,23;273,78;273,50
Tesouro IPCA+;15/05/2029;28/01/2026;7,04;7,01;3353,08;3359,80;3356,44
Tesouro IPCA+;15/05/2035;28/01/2026;7,19;7,16;2203,90;2208,32;2206,11
Tesouro IPCA+;15/05/2045;28/01/2026;7,28;7,25;1085,50;1087,68;1086,59
Tesouro IPCA+ com Juros Semestrais;15/08/2032;28/01/2026;7,14;7,11;2672,91;2678,27;2675,59
Tesouro IPCA+ com Juros Semestrais;15/08/2040;28/01/2026;7,24;7,21;1522,06;1525,11;1523,58
Tesouro IPCA+ com Juros Semestrais;15/05/2055;28/01/2026;7,33;7,30;531,47;532,53;532,00
Tesouro Selic;01/03/2029;28/01/2026;0,06;0,03;15645,75;15677,10;15661,42
Tesouro Prefixado;01/01/2027;29/01/2026;13,39;13,36;888,99;890,77;889,88
Tesouro Prefixado;01/01/2029;29/01/2026;13,05;13,02;697,73;699,13;698,43
Tesouro Prefixado;01/01/2031;29/01/2026;12,92;12,89;549,49;550,59;550,04
Tesouro Prefixado com Juros Semestrais;01/01/2033;29/01/2026;12,81;12,78;433,94;434,81;434,38
Tesouro Prefixado com Juros Semestrais;01/01/2035;29/01/2026;12,77;12,74;342,23;342,92;342,58
Tesouro Prefixado com Juros Semestrais;01/01/2037;29/01/2026;12,69;12,66;271,48;272,03;271,75
Tesouro IPCA+;15/05/2029;29/01/2026;7,05;7,02;3353,30;3360,02;3356,66
Tesouro IPCA+;15/05/2035;29/01/2026;7,23;7,20;2196,43;2200,83;2198,63
Tesouro IPCA+;15/05/2045;29/01/2026;7,33;7,30;1076,71;1078,86;1077,78
Tesouro IPCA+ com Juros Semestrais;15/08/2032;29/01/2026;7,24;7,21;2657,98;2663,30;2660,64
Tesouro IPCA+ com Juros Semestrais;15/08/2040;29/01/2026;7,31;7,28;1507,93;1510,95;1509,44
Tesouro IPCA+ com Juros Semestrais;15/05/2055;29/01/2026;7,37;7,34;526,71;527,77;527,24
Tesouro Selic;01/03/2029;29/01/2026;0,07;0,04;15648,84;15680,20;15664,52
Tesouro Prefixado;01/01/2027;30/01/2026;13,45;13,42;888,82;890,60;889,71
Tesouro Prefixado;01/01/2029;30/01/2026;13,10;13,07;697,14;698,54;697,84
Tesouro Prefixado;01/01/2031;30/01/2026;12,97;12,94;548,52;549,62;549,07
Tesouro Prefixado com Juros Semestrais;01/01/2033;30/01/2026;12,88;12,85;432,16;433,02;432,59
Tesouro Prefixado com Juros Semestrais;01/01/2035;30/01/2026;12,82;12,79;341,16;341,84;341,50
Tesouro Prefixado com Juros Semestrais;01/01/2037;30/01/2026;12,75;12,72;269,82;270,36;270,09
Tesouro IPCA+;15/05/2029;30/01/2026;7,12;7,09;3346,44;3353,14;3349,79
Tesouro IPCA+;15/05/2035;30/01/2026;7,29;7,26;2186,74;2191,12;2188,93
Tesouro IPCA+;15/05/2045;30/01/2026;7,39;7,36;1065,98;1068,11;1067,05
Tesouro IPCA+ com Juros Semestrais;15/08/2032;30/01/2026;7,25;7,22;2657,20;2662,53;2659,87
Tesouro IPCA+ com Juros Semestrais;15/08/2040;30/01/2026;7,38;7,35;1495,22;1498,21;1496,72
Tesouro IPCA+ com Juros Semestrais;15/05/2055;30/01/2026;7,44;7,41;516,16;517,20;516,68
Tesouro Selic;01/03/2029;30/01/2026;0,07;0,04;15651,93;15683,30;15667,62
Tesouro Prefixado;01/01/2027;02/02/2026;13,50;13,47;889,42;891,20;890,31
Tesouro Prefixado;01/01/2029;02/02/2026;13,16;13,13;696,66;698,05;697,36
Tesouro Prefixado;01/01/2031;02/02/2026;13,00;12,97;548,15;549,25;548,70
Tesouro Prefixado com Juros Semestrais;01/01/2033;02/02/2026;12,90;12,87;432,09;432,96;432,52
Tesouro Prefixado com Juros Semestrais;01/01/2035;02/02/2026;12,82;12,79;341,34;342,02;341,68
Tesouro Prefixado com Juros Semestrais;01/01/2037;02/02/2026;12,76;12,73;269,99;270,53;270,26
Tesouro IPCA+;15/05/2029;02/02/2026;7,19;7,16;3340,74;3347,43;3344,08
Tesouro IPCA+;15/05/2035;02/02/2026;7,30;7,27;2185,05;2189,43;2187,24
Tesouro IPCA+;15/05/2045;02/02/2026;7,45;7,42;1053,91;1056,02;1054,96
Tesouro IPCA+ com Juros Semestrais;15/08/2032;02/02/2026;7,28;7,25;2654,08;2659,40;2656,74
Tesouro IPCA+ com Juros Semestrais;15/08/2040;02/02/2026;7,39;7,36;1494,27;1497,26;1495,77
Tesouro IPCA+ com Juros Semestrais;15/05/2055;02/02/2026;7,45;7,42;516,19;517,23;516,71
Tesouro Selic;01/03/2029;02/02/2026;0,06;0,03;15655,03;15686,40;15670,71
Tesouro Prefixado;01/01/2027;03/02/2026;13,60;13,57;888,97;890,75;889,86
Tesouro Prefixado;01/01/2029;03/02/2026;13,26;13,23;695,15;696,54;695,85
Tesouro Prefixado;01/01/2031;03/02/2026;13,11;13,08;545,88;546,97;546,42
Tesouro Prefixado com Juros Semestrais;01/01/2033;03/02/2026;13,04;13,01;428,59;429,44;429,01
Tesouro Prefixado com Juros Semestrais;01/01/2035;03/02/2026;12,99;12,96;336,97;337,65;337,31
Tesouro Prefixado com Juros Semestrais;01/01/2037;03/02/2026;12,88;12,85;266,79;267,33;267,06
Tesouro IPCA+;15/05/2029;03/02/2026;7,13;7,10;3347,46;3354,16;3350,81
Tesouro IPCA+;15/05/2035;03/02/2026;7,30;7,27;2185,48;2189,86;2187,67
Tesouro IPCA+;15/05/2045;03/02/2026;7,41;7,38;1062,93;1065,06;1064,00
Tesouro IPCA+ com Juros Semestrais;15/08/2032;03/02/2026;7,23;7,20;2661,45;2666,78;2664,12
Tesouro IPCA+ com Juros Semestrais;15/08/2040;03/02/2026;7,33;7,30;1505,36;1508,38;1506,87
Tesouro IPCA+ com Juros Semestrais;15/05/2055;03/02/2026;7,45;7,42;515,40;516,44;515,92
Tesouro Selic;01/03/2029;03/02/2026;0,06;0,03;15658,12;15689,50;15673,81
Tesouro Prefixado;01/01/2027;04/02/2026;13,60;13,57;889,33;891,12;890,23
Tesouro Prefixado;01/01/2029;04/02/2026;13,33;13,30;694,14;695,54;694,84
Tesouro Prefixado;01/01/2031;04/02/2026;13,14;13,11;545,29;546,38;545,83
Tesouro Prefixado com Juros Semestrais;01/01/2033;04/02/2026;13,08;13,05;427,68;428,53;428,10
Tesouro Prefixado com Juros Semestrais;01/01/2035;04/02/2026;13,01;12,98;336,60;337,27;336,94
Tesouro Prefixado com Juros Semestrais;01/01/2037;04/02/2026;12,98;12,95;264,52;265,05;264,79
Tesouro IPCA+;15/05/2029;04/02/2026;7,10;7,07;3351,00;3357,72;3354,36
Tesouro IPCA+;15/05/2035;04/02/2026;7,27;7,24;2192,08;2196,47;2194,27
Tesouro IPCA+;15/05/2045;04/02/2026;7,41;7,38;1062,42;1064,55;1063,48
Tesouro IPCA+ com Juros Semestrais;15/08/2032;04/02/2026;7,25;7,22;2659,50;2664,83;2662,17
Tesouro IPCA+ com Juros Semestrais;15/08/2040;04/02/2026;7,30;7,27;1512,43;1515,46;1513,95
Tesouro IPCA+ com Juros Semestrais;15/05/2055;04/02/2026;7,47;7,44;513,15;514,18;513,66
Tesouro Selic;01/03/2029;04/02/2026;0,06;0,03;15661,21;15692,60;15676,91
Tesouro Prefixado;01/01/2027;05/02/2026;13,57;13,54;889,80;891,58;890,69
Tesouro Prefixado;01/01/2029;05/02/2026;13,28;13,25;695,23;696,62;695,93
Tesouro Prefixado;01/01/2031;05/02/2026;13,12;13,09;545,88;546,97;546,42
Tesouro Prefixado com Juros Semestrais;01/01/2033;05/02/2026;12,99;12,96;430,14;431,00;430,57
Tesouro Prefixado com Juros Semestrais;01/01/2035;05/02/2026;12,97;12,94;337,64;338,32;337,98
Tesouro Prefixado com Juros Semestrais;01/01/2037;05/02/2026;12,87;12,84;267,27;267,80;267,53
Tesouro IPCA+;15/05/2029;05/02/2026;7,17;7,14;3344,79;3351,49;3348,14
Tesouro IPCA+;15/05/2035;05/02/2026;7,35;7,32;2177,78;2182,15;2179,97
Tesouro IPCA+;15/05/2045;05/02/2026;7,42;7,39;1061,21;1063,34;1062,28
Tesouro IPCA+ com Juros Semestrais;15/08/2032;05/02/2026;7,32;7,29;2649,20;2654,51;2651,86
Tesouro IPCA+ com Juros Semestrais;15/08/2040;05/02/2026;7,42;7,39;1488,43;1491,42;1489,93
Tesouro IPCA+ com Juros Semestrais;15/05/2055;05/02/2026;7,49;7,46;510,49;511,51;511,00
Tesouro Selic;01/03/2029;05/02/2026;0,06;0,03;15664,31;15695,70;15680,00
Tesouro Prefixado;01/01/2027;06/02/2026;13,60;13,57;889,95;891,74;890,85
Tesouro Prefixado;01/01/2029;06/02/2026;13,27;13,24;695,69;697,09;696,39
Tesouro Prefixado;01/01/2031;06/02/2026;13,13;13,10;545,95;547,04;546,50
Tesouro Prefixado com Juros Semestrais;01/01/2033;06/02/2026;13,02;12,99;429,54;430,40;429,97
Tesouro Prefixado com Juros Semestrais;01/01/2035;06/02/2026;12,98;12,95;337,59;338,26;337,93
Tesouro Prefixado com Juros Semestrais;01/01/2037;06/02/2026;12,92;12,89;266,05;266,59;266,32
Tesouro IPCA+;15/05/2029;06/02/2026;7,16;7,13;3346,22;3352,93;3349,57
Tesouro IPCA+;15/05/2035;06/02/2026;7,32;7,29;2183,76;2188,14;2185,95
Tesouro IPCA+;15/05/2045;06/02/2026;7,42;7,39;1060,59;1062,72;1061,65
Tesouro IPCA+ com Juros Semestrais;15/08/2032;06/02/2026;7,29;7,26;2653,12;2658,44;2655,78
Tesouro IPCA+ com Juros Semestrais;15/08/2040;06/02/2026;7,37;7,34;1499,34;1502,34;1500,84
Tesouro IPCA+ com Juros Semestrais;15/05/2055;06/02/2026;7,48;7,45;512,02;513,05;512,54
Tesouro Selic;01/03/2029;06/02/2026;0,05;0,02;15667,40;15698,80;15683,10
Tesouro Prefixado;01/01/2027;09/02/2026;13,68;13,65;890,32;892,10;891,21
Tesouro Prefixado;01/01/2029;09/02/2026;13,34;13,31;695,10;696,50;695,80
Tesouro Prefixado;01/01/2031;09/02/2026;13,20;13,17;544,86;545,95;545,41
Tesouro Prefixado com Juros Semestrais;01/01/2033;09/02/2026;13,08;13,05;428,38;429,24;428,81
Tesouro Prefixado com Juros Semestrais;01/01/2035;09/02/2026;13,03;13,00;336,64;337,32;336,98
Tesouro Prefixado com Juros Semestrais;01/01/2037;09/02/2026;12,96;12,93;265,34;265,88;265,61
Tesouro IPCA+;15/05/2029;09/02/2026;7,09;7,06;3355,35;3362,07;3358,71
Tesouro IPCA+;15/05/2035;09/02/2026;7,28;7,25;2192,69;2197,08;2194,89
Tesouro IPCA+;15/05/2045;09/02/2026;7,41;7,38;1064,52;1066,65;1065,58
Tesouro IPCA+ com Juros Semestrais;15/08/2032;09/02/2026;7,21;7,18;2667,77;2673,11;2670,44
Tesouro IPCA+ com Juros Semestrais;15/08/2040;09/02/2026;7,35;7,32;1503,53;1506,55;1505,04
Tesouro IPCA+ com Juros Semestrais;15/05/2055;09/02/2026;7,44;7,41;517,28;518,32;517,80
Tesouro Selic;01/03/2029;09/02/2026;0,06;0,03;15670,50;15701,90;15686,20
Tesouro Prefixado;01/01/2027;10/02/2026;13,75;13,72;890,15;891,93;891,04
Tesouro Prefixado;01/01/2029;10/02/2026;13,38;13,35;694,75;696,14;695,45
Tesouro Prefixado;01/01/2031;10/02/2026;13,25;13,22;543,84;544,93;544,39
Tesouro Prefixado com Juros Semestrais;01/01/2033;10/02/2026;13,16;13,13;426,61;427,46;427,04
Tesouro Prefixado com Juros Semestrais;01/01/2035;10/02/2026;13,08;13,05;335,40;336,07;335,73
Tesouro Prefixado com Juros Semestrais;01/01/2037;10/02/2026;13,04;13,01;263,50;264,03;263,77
Tesouro IPCA+;15/05/2029;10/02/2026;7,16;7,13;3349,59;3356,30;3352,95
Tesouro IPCA+;15/05/2035;10/02/2026;7,29;7,26;2191,54;2195,93;2193,73
Tesouro IPCA+;15/05/2045;10/02/2026;7,44;7,41;1058,86;1060,98;1059,92
Tesouro IPCA+ com Juros Semestrais;15/08/2032;10/02/2026;7,27;7,24;2659,82;2665,15;2662,49
Tesouro IPCA+ com Juros Semestrais;15/08/2040;10/02/2026;7,39;7,36;1495,87;1498,86;1497,37
Tesouro IPCA+ com Juros Semestrais;15/05/2055;10/02/2026;7,49;7,46;510,53;511,55;511,04
Tesouro Selic;01/03/2029;10/02/2026;0,06;0,03;15673,59;15705,00;15689,30
Tesouro Prefixado;01/01/2027;11/02/2026;13,72;13,69;890,67;892,45;891,56
Tesouro Prefixado;01/01/2029;11/02/2026;13,46;13,43;693,56;694,95;694,25
Tesouro Prefixado;01/01/2031;11/02/2026;13,28;13,25;543,39;544,48;543,94
Tesouro Prefixado com Juros Semestrais;01/01/2033;11/02/2026;13,17;13,14;426,35;427,20;426,78
Tesouro Prefixado com Juros Semestrais;01/01/2035;11/02/2026;13,10;13,07;335,08;335,75;335,41
Tesouro Prefixado com Juros Semestrais;01/01/2037;11/02/2026;13,07;13,04;262,78;263,31;263,05
Tesouro IPCA+;15/05/2029;11/02/2026;7,05;7,02;3361,19;3367,92;3364,56
Tesouro IPCA+;15/05/2035;11/02/2026;7,23;7,20;2203,25;2207,66;2205,46
Tesouro IPCA+;15/05/2045;11/02/2026;7,33;7,30;1079,34;1081,50;1080,42
Tesouro IPCA+ com Juros Semestrais;15/08/2032;11/02/2026;7,18;7,15;2674,20;2679,56;2676,88
Tesouro IPCA+ com Juros Semestrais;15/08/2040;11/02/2026;7,27;7,24;1520,82;1523,87;1522,35
Tesouro IPCA+ com Juros Semestrais;15/05/2055;11/02/2026;7,41;7,38;521,86;522,91;522,39
Tesouro Selic;01/03/2029;11/02/2026;0,06;0,03;15676,68;15708,10;15692,39
Tesouro Prefixado;01/01/2027;12/02/2026;13,78;13,75;890,51;892,29;891,40
Tesouro Prefixado;01/01/2029;12/02/2026;13,48;13,45;693,35;694,73;694,04
Tesouro Prefixado;01/01/2031;12/02/2026;13,30;13,27;542,92;544,01;543,46
Tesouro Prefixado com Juros Semestrais;01/01/2033;12/02/2026;13,25;13,22;424,45;425,30;424,88
Tesouro Prefixado com Juros Semestrais;01/01/2035;12/02/2026;13,17;13,14;333,24;333,90;333,57
Tesouro Prefixado com Juros Semestrais;01/01/2037;12/02/2026;13,13;13,10;261,25;261,77;261,51
Tesouro IPCA+;15/05/2029;12/02/2026;7,08;7,05;3358,56;3365,29;3361,92
Tesouro IPCA+;15/05/2035;12/02/2026;7,28;7,25;2194,05;2198,44;2196,25
Tesouro IPCA+;15/05/2045;12/02/2026;7,37;7,34;1072,05;1074,20;1073,12
Tesouro IPCA+ com Juros Semestrais;15/08/2032;12/02/2026;7,20;7,17;2671,39;2676,75;2674,07
Tesouro IPCA+ com Juros Semestrais;15/08/2040;12/02/2026;7,36;7,33;1503,17;1506,19;1504,68
Tesouro IPCA+ com Juros Semestrais;15/05/2055;12/02/2026;7,43;7,40;519,05;520,09;519,57
Tesouro Selic;01/03/2029;12/02/2026;0,06;0,03;15679,78;15711,20;15695,49
Tesouro Prefixado;01/01/2027;13/02/2026;13,80;13,77;890,68;892,46;891,57
Tesouro Prefixado;01/01/2029;13/02/2026;13,50;13,47;693,28;694,67;693,98
Tesouro Prefixado;01/01/2031;13/02/2026;13,34;13,31;542,34;543,43;542,88
Tesouro Prefixado com Juros Semestrais;01/01/2033;13/02/2026;13,24;13,21;424,78;425,63;425,20
Tesouro Prefixado com Juros Semestrais;01/01/2035;13/02/2026;13,13;13,10;334,41;335,08;334,74
Tesouro Prefixado com Juros Semestrais;01/01/2037;13/02/2026;13,10;13,07;262,14;262,67;262,40
Tesouro IPCA+;15/05/2029;13/02/2026;7,05;7,02;3362,22;3368,96;3365,59
Tesouro IPCA+;15/05/2035;13/02/2026;7,27;7,24;2195,91;2200,31;2198,11
Tesouro IPCA+;15/05/2045;13/02/2026;7,33;7,30;1080,30;1082,47;1081,38
Tesouro IPCA+ com Juros Semestrais;15/08/2032;13/02/2026;7,19;7,16;2674,12;2679,48;2676,80
Tesouro IPCA+ com Juros Semestrais;15/08/2040;13/02/2026;7,29;7,26;1515,94;1518,97;1517,45
Tesouro IPCA+ com Juros Semestrais;15/05/2055;13/02/2026;7,42;7,39;521,48;522,52;522,00
Tesouro Selic;01/03/2029;13/02/2026;0,06;0,03;15682,87;15714,30;15698,59
Tesouro Prefixado;01/01/2027;16/02/2026;13,73;13,70;892,13;893,91;893,02
Tesouro Prefixado;01/01/2029;16/02/2026;13,43;13,40;695,22;696,62;695,92
Tesouro Prefixado;01/01/2031;16/02/2026;13,30;13,27;543,81;544,90;544,36
Tesouro Prefixado com Juros Semestrais;01/01/2033;16/02/2026;13,21;13,18;425,94;426,80;426,37
Tesouro Prefixado com Juros Semestrais;01/01/2035;16/02/2026;13,17;13,14;333,59;334,26;333,93
Tesouro Prefixado com Juros Semestrais;01/01/2037;16/02/2026;13,06;13,03;263,39;263,92;263,65
Tesouro IPCA+;15/05/2029;16/02/2026;7,06;7,03;3363,20;3369,94;3366,57
Tesouro IPCA+;15/05/2035;16/02/2026;7,27;7,24;2197,50;2201,90;2199,70
Tesouro IPCA+;15/05/2045;16/02/2026;7,37;7,34;1072,95;1075,10;1074,03
Tesouro IPCA+ com Juros Semestrais;15/08/2032;16/02/2026;7,19;7,16;2675,21;2680,57;2677,89
Tesouro IPCA+ com Juros Semestrais;15/08/2040;16/02/2026;7,34;7,31;1507,92;1510,94;1509,43
Tesouro IPCA+ com Juros Semestrais;15/05/2055;16/02/2026;7,43;7,40;519,94;520,98;520,46
Tesouro Selic;01/03/2029;16/02/2026;0,07;0,04;15685,97;15717,40;15701,68
Tesouro Prefixado;01/01/2027;17/02/2026;13,79;13,76;892,05;893,83;892,94
Tesouro Prefixado;01/01/2029;17/02/2026;13,47;13,44;694,77;696,16;695,46
Tesouro Prefixado;01/01/2031;17/02/2026;13,31;13,28;543,80;544,89;544,35
Tesouro Prefixado com Juros Semestrais;01/01/2033;17/02/2026;13,27;13,24;424,72;425,57;425,15
Tesouro Prefixado com Juros Semestrais;01/01/2035;17/02/2026;13,14;13,11;334,68;335,36;335,02
Tesouro Prefixado com Juros Semestrais;01/01/2037;17/02/2026;13,14;13,11;261,62;262,15;261,88
Tesouro IPCA+;15/05/2029;17/02/2026;7,09;7,06;3360,84;3367,58;3364,21
Tesouro IPCA+;15/05/2035;17/02/2026;7,25;7,22;2201,90;2206,32;2204,11
Tesouro IPCA+;15/05/2045;17/02/2026;7,34;7,31;1078,35;1080,51;1079,43
Tesouro IPCA+ com Juros Semestrais;15/08/2032;17/02/2026;7,21;7,18;2672,82;2678,18;2675,50
Tesouro IPCA+ com Juros Semestrais;15/08/2040;17/02/2026;7,28;7,25;1519,43;1522,47;1520,95
Tesouro IPCA+ com Juros Semestrais;15/05/2055;17/02/2026;7,38;7,35;527,05;528,11;527,58
Tesouro Selic;01/03/2029;17/02/2026;0,06;0,03;15689,06;15720,50;15704,78
Tesouro Prefixado;01/01/2027;18/02/2026;13,83;13,80;892,06;893,84;892,95
Tesouro Prefixado;01/01/2029;18/02/2026;13,50;13,47;694,43;695,82;695,13
Tesouro Prefixado;01/01/2031;18/02/2026;13,36;13,33;542,64;543,73;543,19
Tesouro Prefixado com Juros Semestrais;01/01/2033;18/02/2026;13,26;13,23;424,97;425,82;425,39
Tesouro Prefixado com Juros Semestrais;01/01/2035;18/02/2026;13,19;13,16;333,41;334,08;333,74
Tesouro Prefixado com Juros Semestrais;01/01/2037;18/02/2026;13,09;13,06;262,76;263,29;263,02
Tesouro IPCA+;15/05/2029;18/02/2026;7,09;7,06;3361,55;3368,29;3364,92
Tesouro IPCA+;15/05/2035;18/02/2026;7,22;7,19;2206,62;2211,04;2208,83
Tesouro IPCA+;15/05/2045;18/02/2026;7,33;7,30;1081,25;1083,41;1082,33
Tesouro IPCA+ com Juros Semestrais;15/08/2032;18/02/2026;7,15;7,12;2683,14;2688,52;2685,83
Tesouro IPCA+ com Juros Semestrais;15/08/2040;18/02/2026;7,28;7,25;1520,27;1523,32;1521,79
Tesouro IPCA+ com Juros Semestrais;15/05/2055;18/02/2026;7,38;7,35;527,47;528,53;528,00
Tesouro Selic;01/03/2029;18/02/2026;0,06;0,03;15692,15;15723,60;15707,88
Tesouro Prefixado;01/01/2027;19/02/2026;13,75;13,72;892,94;894,73;893,83
Tesouro Prefixado;01/01/2029;19/02/2026;13,38;13,35;696,88;698,27;697,57
Tesouro Prefixado;01/01/2031;19/02/2026;13,27;13,24;545,13;546,23;545,68
Tesouro Prefixado com Juros Semestrais;01/01/2033;19/02/2026;13,17;13,14;427,64;428,50;428,07
Tesouro Prefixado com Juros Semestrais;01/01/2035;19/02/2026;13,07;13,04;336,67;337,34;337,00
Tesouro Prefixado com Juros Semestrais;01/01/2037;19/02/2026;13,02;12,99;264,64;265,17;264,91
Tesouro IPCA+;15/05/2029;19/02/2026;7,14;7,11;3357,07;3363,80;3360,44
Tesouro IPCA+;15/05/2035;19/02/2026;7,30;7,27;2193,75;2198,15;2195,95
Tesouro IPCA+;15/05/2045;19/02/2026;7,36;7,33;1074,80;1076,95;1075,87
Tesouro IPCA+ com Juros Semestrais;15/08/2032;19/02/2026;7,26;7,23;2665,63;2670,98;2668,30
Tesouro IPCA+ com Juros Semestrais;15/08/2040;19/02/2026;7,37;7,34;1501,70;1504,71;1503,21
Tesouro IPCA+ com Juros Semestrais;15/05/2055;19/02/2026;7,43;7,40;519,87;520,91;520,39
Tesouro Selic;01/03/2029;19/02/2026;0,07;0,04;15695,25;15726,70;15710,97
Tesouro Prefixado;01/01/2027;20/02/2026;13,71;13,68;893,50;895,29;894,39
Tesouro Prefixado;01/01/2029;20/02/2026;13,39;13,36;696,94;698,34;697,64
Tesouro Prefixado;01/01/2031;20/02/2026;13,23;13,20;546,23;547,32;546,78
Tesouro Prefixado com Juros Semestrais;01/01/2033;20/02/2026;13,10;13,07;429,43;430,29;429,86
Tesouro Prefixado com Juros Semestrais;01/01/2035;20/02/2026;13,03;13,00;337,79;338,46;338,12
Tesouro Prefixado com Juros Semestrais;01/01/2037;20/02/2026;12,97;12,94;266,02;266,55;266,28
Tesouro IPCA+;15/05/2029;20/02/2026;7,10;7,07;3361,02;3367,76;3364,39
Tesouro IPCA+;15/05/2035;20/02/2026;7,28;7,25;2197,62;2202,02;2199,82
Tesouro IPCA+;15/05/2045;20/02/2026;7,39;7,36;1070,55;1072,69;1071,62
Tesouro IPCA+ com Juros Semestrais;15/08/2032;20/02/2026;7,25;7,22;2666,95;2672,29;2669,62
Tesouro IPCA+ com Juros Semestrais;15/08/2040;20/02/2026;7,32;7,29;1512,75;1515,78;1514,27
Tesouro IPCA+ com Juros Semestrais;15/05/2055;20/02/2026;7,42;7,39;521,61;522,65;522,13
Tesouro Selic;01/03/2029;20/02/2026;0,06;0,03;15698,34;15729,80;15714,07
Tesouro Prefixado;01/01/2027;23/02/2026;13,77;13,74;894,08;895,88;894,98
Tesouro Prefixado;01/01/2029;23/02/2026;13,44;13,41;696,71;698,11;697,41
Tesouro Prefixado;01/01/2031;23/02/2026;13,31;13,28;544,87;545,97;545,42
Tesouro Prefixado com Juros Semestrais;01/01/2033;23/02/2026;13,17;13,14;428,19;429,05;428,62
Tesouro Prefixado com Juros Semestrais;01/01/2035;23/02/2026;13,12;13,09;335,79;336,47;336,13
Tesouro Prefixado com Juros Semestrais;01/01/2037;23/02/2026;13,03;13,00;264,75;265,28;265,02
Tesouro IPCA+;15/05/2029;23/02/2026;7,18;7,15;3355,51;3362,23;3358,87
Tesouro IPCA+;15/05/2035;23/02/2026;7,33;7,30;2189,23;2193,61;2191,42
Tesouro IPCA+;15/05/2045;23/02/2026;7,42;7,39;1064,79;1066,93;1065,86
Tesouro IPCA+ com Juros Semestrais;15/08/2032;23/02/2026;7,26;7,23;2666,88;2672,23;2669,56
Tesouro IPCA+ com Juros Semestrais;15/08/2040;23/02/2026;7,37;7,34;1503,25;1506,27;1504,76
Tesouro IPCA+ com Juros Semestrais;15/05/2055;23/02/2026;7,46;7,43;516,75;517,78;517,27
Tesouro Selic;01/03/2029;23/02/2026;0,06;0,03;15701,43;15732,90;15717,17
Tesouro Prefixado;01/01/2027;24/02/2026;13,88;13,85;893,66;895,45;894,56
Tesouro Prefixado;01/01/2029;24/02/2026;13,48;13,45;696,26;697,66;696,96
Tesouro Prefixado;01/01/2031;24/02/2026;13,35;13,32;544,16;545,25;544,71
Tesouro Prefixado com Juros Semestrais;01/01/2033;24/02/2026;13,29;13,26;425,17;426,03;425,60
Tesouro Prefixado com Juros Semestrais;01/01/2035;24/02/2026;13,20;13,17;333,95;334,62;334,29
Tesouro Prefixado com Juros Semestrais;01/01/2037;24/02/2026;13,13;13,10;262,35;262,88;262,61
Tesouro IPCA+;15/05/2029;24/02/2026;7,13;7,10;3361,29;3368,03;3364,66
Tesouro IPCA+;15/05/2035;24/02/2026;7,29;7,26;2196,08;2200,48;2198,28
Tesouro IPCA+;15/05/2045;24/02/2026;7,41;7,38;1067,59;1069,73;1068,66
Tesouro IPCA+ com Juros Semestrais;15/08/2032;24/02/2026;7,29;7,26;2663,25;2668,59;2665,92
Tesouro IPCA+ com Juros Semestrais;15/08/2040;24/02/2026;7,35;7,32;1508,22;1511,24;1509,73
Tesouro IPCA+ com Juros Semestrais;15/05/2055;24/02/2026;7,50;7,47;511,28;512,31;511,79
Tesouro Selic;01/03/2029;24/02/2026;0,06;0,03;15704,53;15736,00;15720,26
Tesouro Prefixado;01/01/2027;25/02/2026;13,82;13,79;894,37;896,16;895,26
Tesouro Prefixado;01/01/2029;25/02/2026;13,52;13,49;695,74;697,14;696,44
Tesouro Prefixado;01/01/2031;25/02/2026;13,35;13,32;544,20;545,29;544,75
Tesouro Prefixado com Juros Semestrais;01/01/2033;25/02/2026;13,29;13,26;425,33;426,18;425,76
Tesouro Prefixado com Juros Semestrais;01/01/2035;25/02/2026;13,16;13,13;335,08;335,76;335,42
Tesouro Prefixado com Juros Semestrais;01/01/2037;25/02/2026;13,13;13,10;262,42;262,95;262,69
Tesouro IPCA+;15/05/2029;25/02/2026;7,14;7,11;3360,98;3367,71;3364,35
Tesouro IPCA+;15/05/2035;25/02/2026;7,31;7,28;2193,19;2197,59;2195,39
Tesouro IPCA+;15/05/2045;25/02/2026;7,40;7,37;1068,68;1070,82;1069,75
Tesouro IPCA+ com Juros Semestrais;15/08/2032;25/02/2026;7,27;7,24;2667,30;2672,64;2669,97
Tesouro IPCA+ com Juros Semestrais;15/08/2040;25/02/2026;7,36;7,33;1505,18;1508,20;1506,69
Tesouro IPCA+ com Juros Semestrais;15/05/2055;25/02/2026;7,42;7,39;522,26;523,30;522,78
Tesouro Selic;01/03/2029;25/02/2026;0,06;0,03;15707,62;15739,10;15723,36
Tesouro Prefixado;01/01/2027;26/02/2026;13,80;13,77;894,84;896,63;895,73
Tesouro Prefixado;01/01/2029;26/02/2026;13,44;13,41;697,52;698,92;698,22
Tesouro Prefixado;01/01/2031;26/02/2026;13,29;13,26;545,97;547,06;546,51
Tesouro Prefixado com Juros Semestrais;01/01/2033;26/02/2026;13,21;13,18;427,40;428,26;427,83
Tesouro Prefixado com Juros Semestrais;01/01/2035;26/02/2026;13,10;13,07;336,58;337,26;336,92
Tesouro Prefixado com Juros Semestrais;01/01/2037;26/02/2026;13,05;13,02;264,68;265,21;264,94
Tesouro IPCA+;15/05/2029;26/02/2026;7,17;7,14;3358,61;3365,34;3361,97
Tesouro IPCA+;15/05/2035;26/02/2026;7,30;7,27;2195,29;2199,69;2197,49
Tesouro IPCA+;15/05/2045;26/02/2026;7,44;7,41;1060,66;1062,79;1061,72
Tesouro IPCA+ com Juros Semestrais;15/08/2032;26/02/2026;7,26;7,23;2668,36;2673,70;2671,03
Tesouro IPCA+ com Juros Semestrais;15/08/2040;26/02/2026;7,39;7,36;1500,10;1503,10;1501,60
Tesouro IPCA+ com Juros Semestrais;15/05/2055;26/02/2026;7,48;7,45;514,26;515,29;514,78
Tesouro Selic;01/03/2029;26/02/2026;0,06;0,03;15710,72;15742,20;15726,46
Tesouro Prefixado;01/01/2027;27/02/2026;13,84;13,81;894,84;896,63;895,74
Tesouro Prefixado;01/01/2029;27/02/2026;13,58;13,55;695,20;696,59;695,89
Tesouro Prefixado;01/01/2031;27/02/2026;13,42;13,39;543,07;544,16;543,62
Tesouro Prefixado com Juros Semestrais;01/01/2033;27/02/2026;13,31;13,28;425,16;426,02;425,59
Tesouro Prefixado com Juros Semestrais;01/01/2035;27/02/2026;13,28;13,25;332,10;332,76;332,43
Tesouro Prefixado com Juros Semestrais;01/01/2037;27/02/2026;13,23;13,20;260,16;260,68;260,42
Tesouro IPCA+;15/05/2029;27/02/2026;7,21;7,18;3354,70;3361,42;3358,06
Tesouro IPCA+;15/05/2035;27/02/2026;7,39;7,36;2179,69;2184,06;2181,87
Tesouro IPCA+;15/05/2045;27/02/2026;7,46;7,43;1057,93;1060,05;1058,99
Tesouro IPCA+ com Juros Semestrais;15/08/2032;27/02/2026;7,30;7,27;2662,96;2668,29;2665,63
Tesouro IPCA+ com Juros Semestrais;15/08/2040;27/02/2026;7,46;7,43;1487,03;1490,01;1488,52
Tesouro IPCA+ com Juros Semestrais;15/05/2055;27/02/2026;7,54;7,51;504,92;505,93;505,43
Tesouro Selic;01/03/2029;27/02/2026;0,06;0,03;15713,81;15745,30;15729,55
Tesouro Prefixado;01/01/2027;02/03/2026;13,89;13,86;895,46;897,26;896,36
Tesouro Prefixado;01/01/2029;02/03/2026;13,60;13,57;695,62;697,02;696,32
Tesouro Prefixado;01/01/2031;02/03/2026;13,46;13,43;542,55;543,63;543,09
Tesouro Prefixado com Juros Semestrais;01/01/2033;02/03/2026;13,39;13,36;423,37;424,22;423,79
Tesouro Prefixado com Juros Semestrais;01/01/2035;02/03/2026;13,33;13,30;331,09;331,76;331,43
Tesouro Prefixado com Juros Semestrais;01/01/2037;02/03/2026;13,26;13,23;259,66;260,18;259,92
Tesouro IPCA+;15/05/2029;02/03/2026;7,19;7,16;3359,06;3365,80;3362,43
Tesouro IPCA+;15/05/2035;02/03/2026;7,38;7,35;2183,19;2187,56;2185,38
Tesouro IPCA+;15/05/2045;02/03/2026;7,47;7,44;1056,19;1058,31;1057,25
Tesouro IPCA+ com Juros Semestrais;15/08/2032;02/03/2026;7,33;7,30;2660,40;2665,73;2663,06
Tesouro IPCA+ com Juros Semestrais;15/08/2040;02/03/2026;7,42;7,39;1496,09;1499,09;1497,59
Tesouro IPCA+ com Juros Semestrais;15/05/2055;02/03/2026;7,50;7,47;510,74;511,76;511,25
Tesouro Selic;01/03/2029;02/03/2026;0,06;0,03;15716,90;15748,40;15732,65
Tesouro Prefixado;01/01/2027;03/03/2026;13,97;13,94;895,31;897,10;896,20
Tesouro Prefixado;01/01/2029;03/03/2026;13,60;13,57;695,96;697,35;696,66
Tesouro Prefixado;01/01/2031;03/03/2026;13,49;13,46;542,24;543,32;542,78
Tesouro Prefixado com Juros Semestrais;01/01/2033;03/03/2026;13,43;13,40;422,64;423,49;423,07
Tesouro Prefixado com Juros Semestrais;01/01/2035;03/03/2026;13,33;13,30;331,14;331,80;331,47
Tesouro Prefixado com Juros Semestrais;01/01/2037;03/03/2026;13,27;13,24;259,48;260,00;259,74
Tesouro IPCA+;15/05/2029;03/03/2026;7,22;7,19;3356,41;3363,13;3359,77
Tesouro IPCA+;15/05/2035;03/03/2026;7,36;7,33;2187,48;2191,87;2189,68
Tesouro IPCA+;15/05/2045;03/03/2026;7,44;7,41;1062,25;1064,38;1063,31
Tesouro IPCA+ com Juros Semestrais;15/08/2032;03/03/2026;7,32;7,29;2661,90;2667,24;2664,57
Tesouro IPCA+ com Juros Semestrais;15/08/2040;03/03/2026;7,43;7,40;1493,03;1496,02;1494,53
Tesouro IPCA+ com Juros Semestrais;15/05/2055;03/03/2026;7,53;7,50;506,69;507,70;507,19
Tesouro Selic;01/03/2029;03/03/2026;0,06;0,03;15720,00;15751,50;15735,75
Tesouro Prefixado;01/01/2027;04/03/2026;13,92;13,89;895,91;897,71;896,81
Tesouro Prefixado;01/01/2029;04/03/2026;13,61;13,58;696,01;697,40;696,70
Tesouro Prefixado;01/01/2031;04/03/2026;13,45;13,42;543,36;544,45;543,90
Tesouro Prefixado com Juros Semestrais;01/01/2033;04/03/2026;13,38;13,35;423,96;424,81;424,39
Tesouro Prefixado com Juros Semestrais;01/01/2035;04/03/2026;13,33;13,30;331,43;332,10;331,77
Tesouro Prefixado com Juros Semestrais;01/01/2037;04/03/2026;13,27;13,24;259,67;260,19;259,93
Tesouro IPCA+;15/05/2029;04/03/2026;7,26;7,23;3352,58;3359,30;3355,94
Tesouro IPCA+;15/05/2035;04/03/2026;7,43;7,40;2174,40;2178,76;2176,58
Tesouro IPCA+;15/05/2045;04/03/2026;7,54;7,51;1043,28;1045,37;1044,32
Tesouro IPCA+ com Juros Semestrais;15/08/2032;04/03/2026;7,39;7,36;2650,67;2655,99;2653,33
Tesouro IPCA+ com Juros Semestrais;15/08/2040;04/03/2026;7,48;7,45;1484,11;1487,08;1485,60
Tesouro IPCA+ com Juros Semestrais;15/05/2055;04/03/2026;7,62;7,59;494,86;495,85;495,36
Tesouro Selic;01/03/2029;04/03/2026;0,08;0,05;15723,09;15754,60;15738,85
Tesouro Prefixado;01/01/2027;05/03/2026;13,80;13,77;897,05;898,84;897,94
Tesouro Prefixado;01/01/2029;05/03/2026;13,50;13,47;698,15;699,55;698,85
Tesouro Prefixado;01/01/2031;05/03/2026;13,38;13,35;545,13;546,22;545,67
Tesouro Prefixado com Juros Semestrais;01/01/2033;05/03/2026;13,29;13,26;426,53;427,39;426,96
Tesouro Prefixado com Juros Semestrais;01/01/2035;05/03/2026;13,20;13,17;334,84;335,51;335,18
Tesouro Prefixado com Juros Semestrais;01/01/2037;05/03/2026;13,16;13,13;262,36;262,89;262,63
Tesouro IPCA+;15/05/2029;05/03/2026;7,33;7,30;3346,56;3353,27;3349,91
Tesouro IPCA+;15/05/2035;05/03/2026;7,50;7,47;2161,63;2165,96;2163,80
Tesouro IPCA+;15/05/2045;05/03/2026;7,59;7,56;1034,28;1036,35;1035,31
Tesouro IPCA+ com Juros Semestrais;15/08/2032;05/03/2026;7,44;7,41;2643,33;2648,63;2645,98
Tesouro IPCA+ com Juros Semestrais;15/08/2040;05/03/2026;7,55;7,52;1470,60;1473,55;1472,08
Tesouro IPCA+ com Juros Semestrais;15/05/2055;05/03/2026;7,65;7,62;491,24;492,22;491,73
Tesouro Selic;01/03/2029;05/03/2026;0,06;0,03;15726,18;15757,70;15741,94
Tesouro Prefixado;01/01/2027;06/03/2026;13,75;13,72;897,68;899,48;898,58
Tesouro Prefixado;01/01/2029;06/03/2026;13,42;13,39;699,67;701,07;700,37
Tesouro Prefixado;01/01/2031;06/03/2026;13,30;13,27;547,17;548,27;547,72
Tesouro Prefixado com Juros Semestrais;01/01/2033;06/03/2026;13,22;13,19;428,37;429,23;428,80
Tesouro Prefixado com Juros Semestrais;01/01/2035;06/03/2026;13,14;13,11;336,43;337,11;336,77
Tesouro Prefixado com Juros Semestrais;01/01/2037;06/03/2026;13,11;13,08;263,69;264,22;263,95
Tesouro IPCA+;15/05/2029;06/03/2026;7,31;7,28;3349,50;3356,21;3352,86
Tesouro IPCA+;15/05/2035;06/03/2026;7,52;7,49;2158,91;2163,23;2161,07
Tesouro IPCA+;15/05/2045;06/03/2026;7,58;7,55;1036,58;1038,66;1037,62
Tesouro IPCA+ com Juros Semestrais;15/08/2032;06/03/2026;7,44;7,41;2644,97;2650,27;2647,62
Tesouro IPCA+ com Juros Semestrais;15/08/2040;06/03/2026;7,52;7,49;1476,25;1479,20;1477,72
Tesouro IPCA+ com Juros Semestrais;15/05/2055;06/03/2026;7,62;7,59;495,24;496,23;495,73
Tesouro Selic;01/03/2029;06/03/2026;0,06;0,03;15729,28;15760,80;15745,04
Tesouro Prefixado;01/01/2027;09/03/2026;13,76;13,73;898,53;900,33;899,43
Tesouro Prefixado;01/01/2029;09/03/2026;13,47;13,44;699,57;700,97;700,27
Tesouro Prefixado;01/01/2031;09/03/2026;13,34;13,31;546,76;547,86;547,31
Tesouro Prefixado com Juros Semestrais;01/01/2033;09/03/2026;13,23;13,20;428,47;429,33;428,90
Tesouro Prefixado com Juros Semestrais;01/01/2035;09/03/2026;13,16;13,13;336,39;337,06;336,73
Tesouro Prefixado com Juros Semestrais;01/01/2037;09/03/2026;13,14;13,11;263,20;263,72;263,46
Tesouro IPCA+;15/05/2029;09/03/2026;7,37;7,34;3344,93;3351,64;3348,28
Tesouro IPCA+;15/05/2035;09/03/2026;7,52;7,49;2159,92;2164,25;2162,09
Tesouro IPCA+;15/05/2045;09/03/2026;7,63;7,60;1027,99;1030,05;1029,02
Tesouro IPCA+ com Juros Semestrais;15/08/2032;09/03/2026;7,49;7,46;2637,87;2643,16;2640,52
Tesouro IPCA+ com Juros Semestrais;15/08/2040;09/03/2026;7,56;7,53;1470,02;1472,96;1471,49
Tesouro IPCA+ com Juros Semestrais;15/05/2055;09/03/2026;7,71;7,68;483,23;484,19;483,71
Tesouro Selic;01/03/2029;09/03/2026;0,07;0,04;15732,37;15763,90;15748,14
Tesouro Prefixado;01/01/2027;10/03/2026;13,82;13,79;898,46;900,26;899,36
Tesouro Prefixado;01/01/2029;10/03/2026;13,51;13,48;699,18;700,58;699,88
Tesouro Prefixado;01/01/2031;10/03/2026;13,37;13,34;546,19;547,28;546,73
Tesouro Prefixado com Juros Semestrais;01/01/2033;10/03/2026;13,29;13,26;427,24;428,09;427,67
Tesouro Prefixado com Juros Semestrais;01/01/2035;10/03/2026;13,19;13,16;335,64;336,32;335,98
Tesouro Prefixado com Juros Semestrais;01/01/2037;10/03/2026;13,17;13,14;262,65;263,17;262,91
Tesouro IPCA+;15/05/2029;10/03/2026;7,36;7,33;3346,70;3353,41;3350,05
Tesouro IPCA+;15/05/2035;10/03/2026;7,51;7,48;2162,30;2166,63;2164,46
Tesouro IPCA+;15/05/2045;10/03/2026;7,64;7,61;1026,73;1028,79;1027,76
Tesouro IPCA+ com Juros Semestrais;15/08/2032;10/03/2026;7,48;7,45;2640,67;2645,96;2643,31
Tesouro IPCA+ com Juros Semestrais;15/08/2040;10/03/2026;7,58;7,55;1466,77;1469,71;1468,24
Tesouro IPCA+ com Juros Semestrais;15/05/2055;10/03/2026;7,69;7,66;486,41;487,39;486,90
Tesouro Selic;01/03/2029;10/03/2026;0,06;0,03;15735,47;15767,00;15751,23
Tesouro Prefixado;01/01/2027;11/03/2026;13,80;13,77;898,95;900,75;899,85
Tesouro Prefixado;01/01/2029;11/03/2026;13,51;13,48;699,36;700,76;700,06
Tesouro Prefixado;01/01/2031;11/03/2026;13,35;13,32;546,85;547,95;547,40
Tesouro Prefixado com Juros Semestrais;01/01/2033;11/03/2026;13,29;13,26;427,45;428,30;427,88
Tesouro Prefixado com Juros Semestrais;01/01/2035;11/03/2026;13,23;13,20;334,78;335,45;335,11
Tesouro Prefixado com Juros Semestrais;01/01/2037;11/03/2026;13,16;13,13;262,89;263,42;263,15
Tesouro IPCA+;15/05/2029;11/03/2026;7,36;7,33;3347,11;3353,82;3350,46
Tesouro IPCA+;15/05/2035;11/03/2026;7,51;7,48;2161,96;2166,29;2164,12
Tesouro IPCA+;15/05/2045;11/03/2026;7,61;7,58;1031,93;1034,00;1032,97
Tesouro IPCA+ com Juros Semestrais;15/08/2032;11/03/2026;7,45;7,42;2644,83;2650,13;2647,48
Tesouro IPCA+ com Juros Semestrais;15/08/2040;11/03/2026;7,57;7,54;1467,86;1470,80;1469,33
Tesouro IPCA+ com Juros Semestrais;15/05/2055;11/03/2026;7,67;7,64;488,87;489,85;489,36
Tesouro Selic;01/03/2029;11/03/2026;0,06;0,03;15738,56;15770,10;15754,33
Tesouro Prefixado;01/01/2027;12/03/2026;13,82;13,79;899,09;900,89;899,99
Tesouro Prefixado;01/01/2029;12/03/2026;13,54;13,51;699,18;700,58;699,88
Tesouro Prefixado;01/01/2031;12/03/2026;13,38;13,35;546,35;547,45;546,90
Tesouro Prefixado com Juros Semestrais;01/01/2033;12/03/2026;13,31;13,28;426,93;427,79;427,36
Tesouro Prefixado com Juros Semestrais;01/01/2035;12/03/2026;13,28;13,25;333,59;334,26;333,92
Tesouro Prefixado com Juros Semestrais;01/01/2037;12/03/2026;13,24;13,21;261,00;261,52;261,26
Tesouro IPCA+;15/05/2029;12/03/2026;7,35;7,32;3349,35;3356,06;3352,71
Tesouro IPCA+;15/05/2035;12/03/2026;7,52;7,49;2160,93;2165,26;2163,09
Tesouro IPCA+;15/05/2045;12/03/2026;7,60;7,57;1034,47;1036,54;1035,51
Tesouro IPCA+ com Juros Semestrais;15/08/2032;12/03/2026;7,44;7,41;2647,18;2652,48;2649,83
Tesouro IPCA+ com Juros Semestrais;15/08/2040;12/03/2026;7,61;7,58;1460,09;1463,02;1461,55
Tesouro IPCA+ com Juros Semestrais;15/05/2055;12/03/2026;7,67;7,64;488,92;489,90;489,41
Tesouro Selic;01/03/2029;12/03/2026;0,06;0,03;15741,65;15773,20;15757,43
Tesouro Prefixado;01/01/2027;13/03/2026;13,75;13,72;899,91;901,72;900,81
Tesouro Prefixado;01/01/2029;13/03/2026;13,48;13,45;700,39;701,79;701,09
Tesouro Prefixado;01/01/2031;13/03/2026;13,32;13,29;547,89;548,99;548,44
Tesouro Prefixado com Juros Semestrais;01/01/2033;13/03/2026;13,27;13,24;428,14;429,00;428,57
Tesouro Prefixado com Juros Semestrais;01/01/2035;13/03/2026;13,17;13,14;336,48;337,15;336,81
Tesouro Prefixado com Juros Semestrais;01/01/2037;13/03/2026;13,13;13,10;263,94;264,47;264,21
Tesouro IPCA+;15/05/2029;13/03/2026;7,35;7,32;3349,39;3356,10;3352,74
Tesouro IPCA+;15/05/2035;13/03/2026;7,55;7,52;2155,03;2159,35;2157,19
Tesouro IPCA+;15/05/2045;13/03/2026;7,62;7,59;1030,62;1032,69;1031,66
Tesouro IPCA+ com Juros Semestrais;15/08/2032;13/03/2026;7,52;7,49;2635,53;2640,82;2638,17
Tesouro IPCA+ com Juros Semestrais;15/08/2040;13/03/2026;7,61;7,58;1460,73;1463,65;1462,19
Tesouro IPCA+ com Juros Semestrais;15/05/2055;13/03/2026;7,71;7,68;483,54;484,51;484,02
Tesouro Selic;01/03/2029;13/03/2026;0,06;0,03;15744,75;15776,30;15760,52
Tesouro Prefixado;01/01/2027;16/03/2026;13,81;13,78;900,47;902,28;901,38
Tesouro Prefixado;01/01/2029;16/03/2026;13,56;13,53;699,75;701,16;700,46
Tesouro Prefixado;01/01/2031;16/03/2026;13,38;13,35;547,11;548,21;547,66
Tesouro Prefixado com Juros Semestrais;01/01/2033;16/03/2026;13,28;13,25;428,24;429,10;428,67
Tesouro Prefixado com Juros Semestrais;01/01/2035;16/03/2026;13,18;13,15;336,73;337,40;337,06
Tesouro Prefixado com Juros Semestrais;01/01/2037;16/03/2026;13,19;13,16;262,69;263,22;262,95
Tesouro IPCA+;15/05/2029;16/03/2026;7,40;7,37;3346,70;3353,40;3350,05
Tesouro IPCA+;15/05/2035;16/03/2026;7,53;7,50;2161,21;2165,55;2163,38
Tesouro IPCA+;15/05/2045;16/03/2026;7,65;7,62;1025,58;1027,63;1026,60
Tesouro IPCA+ com Juros Semestrais;15/08/2032;16/03/2026;7,51;7,48;2638,20;2643,49;2640,85
Tesouro IPCA+ com Juros Semestrais;15/08/2040;16/03/2026;7,63;7,60;1457,59;1460,51;1459,05
Tesouro IPCA+ com Juros Semestrais;15/05/2055;16/03/2026;7,68;7,65;488,46;489,44;488,95
Tesouro Selic;01/03/2029;16/03/2026;0,05;0,02;15747,84;15779,40;15763,62
Tesouro Prefixado;01/01/2027;17/03/2026;13,90;13,87;900,21;902,01;901,11
Tesouro Prefixado;01/01/2029;17/03/2026;13,56;13,53;700,04;701,44;700,74
Tesouro Prefixado;01/01/2031;17/03/2026;13,44;13,41;546,04;547,13;546,59
Tesouro Prefixado com Juros Semestrais;01/01/2033;17/03/2026;13,37;13,34;426,13;426,99;426,56
Tesouro Prefixado com Juros Semestrais;01/01/2035;17/03/2026;13,31;13,28;333,29;333,96;333,62
Tesouro Prefixado com Juros Semestrais;01/01/2037;17/03/2026;13,26;13,23;261,06;261,58;261,32
Tesouro IPCA+;15/05/2029;17/03/2026;7,39;7,36;3348,32;3355,03;3351,68
Tesouro IPCA+;15/05/2035;17/03/2026;7,56;7,53;2156,11;2160,43;2158,27
Tesouro IPCA+;15/05/2045;17/03/2026;7,65;7,62;1025,44;1027,50;1026,47
Tesouro IPCA+ com Juros Semestrais;15/08/2032;17/03/2026;7,53;7,50;2636,09;2641,38;2638,73
Tesouro IPCA+ com Juros Semestrais;15/08/2040;17/03/2026;7,62;7,59;1460,19;1463,11;1461,65
Tesouro IPCA+ com Juros Semestrais;15/05/2055;17/03/2026;7,71;7,68;484,84;485,81;485,32
Tesouro Selic;01/03/2029;17/03/2026;0,07;0,04;15750,93;15782,50;15766,72
Tesouro Prefixado;01/01/2027;18/03/2026;13,83;13,80;900,96;902,76;901,86
Tesouro Prefixado;01/01/2029;18/03/2026;13,56;13,53;700,14;701,55;700,84
Tesouro Prefixado;01/01/2031;18/03/2026;13,39;13,36;547,25;548,34;547,79
Tesouro Prefixado com Juros Semestrais;01/01/2033;18/03/2026;13,32;13,29;427,53;428,38;427,95
Tesouro Prefixado com Juros Semestrais;01/01/2035;18/03/2026;13,27;13,24;334,50;335,17;334,84
Tesouro Prefixado com Juros Semestrais;01/01/2037;18/03/2026;13,20;13,17;262,56;263,08;262,82
Tesouro IPCA+;15/05/2029;18/03/2026;7,43;7,40;3345,09;3351,80;3348,45
Tesouro IPCA+;15/05/2035;18/03/2026;7,56;7,53;2156,42;2160,74;2158,58
Tesouro IPCA+;15/05/2045;18/03/2026;7,71;7,68;1016,24;1018,28;1017,26
Tesouro IPCA+ com Juros Semestrais;15/08/2032;18/03/2026;7,53;7,50;2636,53;2641,82;2639,17
Tesouro IPCA+ com Juros Semestrais;15/08/2040;18/03/2026;7,64;7,61;1457,45;1460,37;1458,91
Tesouro IPCA+ com Juros Semestrais;15/05/2055;18/03/2026;7,76;7,73;478,40;479,36;478,88
Tesouro Selic;01/03/2029;18/03/2026;0,06;0,03;15754,03;15785,60;15769,81
Tesouro Prefixado;01/01/2027;19/03/2026;13,79;13,76;901,55;903,36;902,46
Tesouro Prefixado;01/01/2029;19/03/2026;13,53;13,50;701,00;702,41;701,71
Tesouro Prefixado;01/01/2031;19/03/2026;13,34;13,31;548,67;549,77;549,22
Tesouro Prefixado com Juros Semestrais;01/01/2033;19/03/2026;13,29;13,26;428,43;429,29;428,86
Tesouro Prefixado com Juros Semestrais;01/01/2035;19/03/2026;13,22;13,19;335,92;336,60;336,26
Tesouro Prefixado com Juros Semestrais;01/01/2037;19/03/2026;13,17;13,14;263,38;263,91;263,65
Tesouro IPCA+;15/05/2029;19/03/2026;7,44;7,41;3345,16;3351,86;3348,51
Tesouro IPCA+;15/05/2035;19/03/2026;7,60;7,57;2148,66;2152,96;2150,81
Tesouro IPCA+;15/05/2045;19/03/2026;7,73;7,70;1011,38;1013,41;1012,40
Tesouro IPCA+ com Juros Semestrais;15/08/2032;19/03/2026;7,57;7,54;2631,00;2636,27;2633,63
Tesouro IPCA+ com Juros Semestrais;15/08/2040;19/03/2026;7,69;7,66;1447,93;1450,83;1449,38
Tesouro IPCA+ com Juros Semestrais;15/05/2055;19/03/2026;7,78;7,75;475,68;476,64;476,16
Tesouro Selic;01/03/2029;19/03/2026;0,06;0,03;15757,12;15788,70;15772,91
Tesouro Prefixado;01/01/2027;20/03/2026;13,78;13,75;901,89;903,69;902,79
Tesouro Prefixado;01/01/2029;20/03/2026;13,49;13,46;701,94;703,35;702,65
Tesouro Prefixado;01/01/2031;20/03/2026;13,35;13,32;548,46;549,55;549,00
Tesouro Prefixado com Juros Semestrais;01/01/2033;20/03/2026;13,25;13,22;429,69;430,55;430,12
Tesouro Prefixado com Juros Semestrais;01/01/2035;20/03/2026;13,20;13,17;336,46;337,14;336,80
Tesouro Prefixado com Juros Semestrais;01/01/2037;20/03/2026;13,17;13,14;263,37;263,90;263,63
Tesouro IPCA+;15/05/2029;20/03/2026;7,34;7,31;3355,38;3362,10;3358,74
Tesouro IPCA+;15/05/2035;20/03/2026;7,51;7,48;2166,54;2170,89;2168,71
Tesouro IPCA+;15/05/2045;20/03/2026;7,66;7,63;1025,57;1027,62;1026,59
Tesouro IPCA+ com Juros Semestrais;15/08/2032;20/03/2026;7,51;7,48;2639,86;2645,15;2642,50
Tesouro IPCA+ com Juros Semestrais;15/08/2040;20/03/2026;7,59;7,56;1466,01;1468,95;1467,48
Tesouro IPCA+ com Juros Semestrais;15/05/2055;20/03/2026;7,71;7,68;485,17;486,15;485,66
Tesouro Selic;01/03/2029;20/03/2026;0,06;0,03;15760,22;15791,80;15776,01
Tesouro Prefixado;01/01/2027;23/03/2026;13,81;13,78;902,70;904,51;903,60
Tesouro Prefixado;01/01/2029;23/03/2026;13,45;13,42;703,31;704,72;704,02
Tesouro Prefixado;01/01/2031;23/03/2026;13,35;13,32;549,24;550,34;549,79
Tesouro Prefixado com Juros Semestrais;01/01/2033;23/03/2026;13,29;13,26;429,03;429,89;429,46
Tesouro Prefixado com Juros Semestrais;01/01/2035;23/03/2026;13,24;13,21;335,78;336,45;336,11
Tesouro Prefixado com Juros Semestrais;01/01/2037;23/03/2026;13,19;13,16;263,25;263,77;263,51
Tesouro IPCA+;15/05/2029;23/03/2026;7,42;7,39;3349,01;3355,72;3352,37
Tesouro IPCA+;15/05/2035;23/03/2026;7,52;7,49;2165,19;2169,53;2167,36
Tesouro IPCA+;15/05/2045;23/03/2026;7,67;7,64;1023,61;1025,66;1024,64
Tesouro IPCA+ com Juros Semestrais;15/08/2032;23/03/2026;7,47;7,44;2647,63;2652,94;2650,28
Tesouro IPCA+ com Juros Semestrais;15/08/2040;23/03/2026;7,66;7,63;1454,46;1457,37;1455,92
Tesouro IPCA+ com Juros Semestrais;15/05/2055;23/03/2026;7,74;7,71;481,65;482,61;482,13
Tesouro Selic;01/03/2029;23/03/2026;0,06;0,03;15763,31;15794,90;15779,11
Tesouro Prefixado;01/01/2027;24/03/2026;13,78;13,75;903,18;904,99;904,08
Tesouro Prefixado;01/01/2029;24/03/2026;13,49;13,46;702,88;704,29;703,58
Tesouro Prefixado;01/01/2031;24/03/2026;13,32;13,29;550,04;551,14;550,59
Tesouro Prefixado com Juros Semestrais;01/01/2033;24/03/2026;13,25;13,22;430,33;431,19;430,76
Tesouro Prefixado com Juros Semestrais;01/01/2035;24/03/2026;13,21;13,18;336,78;337,46;337,12
Tesouro Prefixado com Juros Semestrais;01/01/2037;24/03/2026;13,15;13,12;264,38;264,91;264,64
Tesouro IPCA+;15/05/2029;24/03/2026;7,33;7,30;3359,01;3365,74;3362,37
Tesouro IPCA+;15/05/2035;24/03/2026;7,49;7,46;2170,54;2174,89;2172,71
Tesouro IPCA+;15/05/2045;24/03/2026;7,60;7,57;1037,05;1039,13;1038,09
Tesouro IPCA+ com Juros Semestrais;15/08/2032;24/03/2026;7,43;7,40;2654,97;2660,29;2657,63
Tesouro IPCA+ com Juros Semestrais;15/08/2040;24/03/2026;7,55;7,52;1476,02;1478,97;1477,49
Tesouro IPCA+ com Juros Semestrais;15/05/2055;24/03/2026;7,65;7,62;493,11;494,10;493,61
Tesouro Selic;01/03/2029;24/03/2026;0,07;0,04;15766,40;15798,00;15782,20
Tesouro Prefixado;01/01/2027;25/03/2026;13,79;13,76;903,47;905,28;904,37
Tesouro Prefixado;01/01/2029;25/03/2026;13,48;13,45;703,35;704,76;704,06
Tesouro Prefixado;01/01/2031;25/03/2026;13,33;13,30;549,99;551,09;550,54
Tesouro Prefixado com Juros Semestrais;01/01/2033;25/03/2026;13,25;13,22;430,40;431,27;430,84
Tesouro Prefixado com Juros Semestrais;01/01/2035;25/03/2026;13,17;13,14;337,88;338,56;338,22
Tesouro Prefixado com Juros Semestrais;01/01/2037;25/03/2026;13,11;13,08;265,49;266,02;265,76
Tesouro IPCA+;15/05/2029;25/03/2026;7,27;7,24;3365,62;3372,37;3368,99
Tesouro IPCA+;15/05/2035;25/03/2026;7,47;7,44;2176,31;2180,67;2178,49
Tesouro IPCA+;15/05/2045;25/03/2026;7,55;7,52;1046,81;1048,91;1047,86
Tesouro IPCA+ com Juros Semestrais;15/08/2032;25/03/2026;7,42;7,39;2658,03;2663,36;2660,70
Tesouro IPCA+ com Juros Semestrais;15/08/2040;25/03/2026;7,47;7,44;1491,31;1494,30;1492,80
Tesouro IPCA+ com Juros Semestrais;15/05/2055;25/03/2026;7,58;7,55;502,89;503,89;503,39
Tesouro Selic;01/03/2029;25/03/2026;0,06;0,03;15769,50;15801,10;15785,30
Tesouro Prefixado;01/01/2027;26/03/2026;13,79;13,76;903,78;905,59;904,68
Tesouro Prefixado;01/01/2029;26/03/2026;13,50;13,47;703,22;704,63;703,92
Tesouro Prefixado;01/01/2031;26/03/2026;13,38;13,35;549,03;550,13;549,58
Tesouro Prefixado com Juros Semestrais;01/01/2033;26/03/2026;13,21;13,18;431,64;432,51;432,07
Tesouro Prefixado com Juros Semestrais;01/01/2035;26/03/2026;13,18;13,15;337,86;338,54;338,20
Tesouro Prefixado com Juros Semestrais;01/01/2037;26/03/2026;13,13;13,10;265,14;265,67;265,41
Tesouro IPCA+;15/05/2029;26/03/2026;7,22;7,19;3371,05;3377,80;3374,43
Tesouro IPCA+;15/05/2035;26/03/2026;7,43;7,40;2183,56;2187,93;2185,74
Tesouro IPCA+;15/05/2045;26/03/2026;7,54;7,51;1047,59;1049,69;1048,64
Tesouro IPCA+ com Juros Semestrais;15/08/2032;26/03/2026;7,37;7,34;2665,76;2671,10;2668,43
Tesouro IPCA+ com Juros Semestrais;15/08/2040;26/03/2026;7,51;7,48;1484,05;1487,02;1485,53
Tesouro IPCA+ com Juros Semestrais;15/05/2055;26/03/2026;7,59;7,56;501,73;502,74;502,23
Tesouro Selic;01/03/2029;26/03/2026;0,06;0,03;15772,59;15804,20;15788,40
Tesouro Prefixado;01/01/2027;27/03/2026;13,73;13,70;904,44;906,25;905,35
Tesouro Prefixado;01/01/2029;27/03/2026;13,40;13,37;705,13;706,54;705,84
Tesouro Prefixado;01/01/2031;27/03/2026;13,25;13,22;552,18;553,29;552,73
Tesouro Prefixado com Juros Semestrais;01/01/2033;27/03/2026;13,13;13,10;433,69;434,56;434,12
Tesouro Prefixado com Juros Semestrais;01/01/2035;27/03/2026;13,09;13,06;340,31;340,99;340,65
Tesouro Prefixado com Juros Semestrais;01/01/2037;27/03/2026;13,05;13,02;267,22;267,76;267,49
Tesouro IPCA+;15/05/2029;27/03/2026;7,29;7,26;3364,47;3371,21;3367,84
Tesouro IPCA+;15/05/2035;27/03/2026;7,46;7,43;2179,07;2183,44;2181,26
Tesouro IPCA+;15/05/2045;27/03/2026;7,49;7,46;1057,90;1060,02;1058,96
Tesouro IPCA+ com Juros Semestrais;15/08/2032;27/03/2026;7,38;7,35;2664,07;2669,41;2666,74
Tesouro IPCA+ com Juros Semestrais;15/08/2040;27/03/2026;7,49;7,46;1489,20;1492,19;1490,69
Tesouro IPCA+ com Juros Semestrais;15/05/2055;27/03/2026;7,61;7,58;499,46;500,46;499,96
Tesouro Selic;01/03/2029;27/03/2026;0,06;0,03;15775,69;15807,30;15791,49
Tesouro Prefixado;01/01/2027;30/03/2026;13,73;13,70;905,38;907,19;906,28
Tesouro Prefixado;01/01/2029;30/03/2026;13,46;13,43;704,93;706,34;705,64
Tesouro Prefixado;01/01/2031;30/03/2026;13,27;13,24;552,33;553,43;552,88
Tesouro Prefixado com Juros Semestrais;01/01/2033;30/03/2026;13,23;13,20;431,58;432,44;432,01
Tesouro Prefixado com Juros Semestrais;01/01/2035;30/03/2026;13,09;13,06;340,69;341,38;341,03
Tesouro Prefixado com Juros Semestrais;01/01/2037;30/03/2026;13,03;13,00;267,81;268,35;268,08
Tesouro IPCA+;15/05/2029;30/03/2026;7,21;7,18;3375,11;3381,87;3378,49
Tesouro IPCA+;15/05/2035;30/03/2026;7,42;7,39;2187,06;2191,44;2189,25
Tesouro IPCA+;15/05/2045;30/03/2026;7,50;7,47;1057,41;1059,53;1058,47
Tesouro IPCA+ com Juros Semestrais;15/08/2032;30/03/2026;7,37;7,34;2667,64;2672,98;2670,31
Tesouro IPCA+ com Juros Semestrais;15/08/2040;30/03/2026;7,46;7,43;1495,17;1498,17;1496,67
Tesouro IPCA+ com Juros Semestrais;15/05/2055;30/03/2026;7,57;7,54;504,62;505,63;505,12
Tesouro Selic;01/03/2029;30/03/2026;0,06;0,03;15778,78;15810,40;15794,59
Tesouro Prefixado;01/01/2027;31/03/2026;13,68;13,65;906,00;907,81;906,91
Tesouro Prefixado;01/01/2029;31/03/2026;13,36;13,33;706,84;708,25;707,55
Tesouro Prefixado;01/01/2031;31/03/2026;13,23;13,20;553,52;554,63;554,08
Tesouro Prefixado com Juros Semestrais;01/01/2033;31/03/2026;13,15;13,12;433,85;434,72;434,29
Tesouro Prefixado com Juros Semestrais;01/01/2035;31/03/2026;13,07;13,04;341,35;342,03;341,69
Tesouro Prefixado com Juros Semestrais;01/01/2037;31/03/2026;13,00;12,97;268,79;269,33;269,06
Tesouro IPCA+;15/05/2029;31/03/2026;7,21;7,18;3375,19;3381,95;3378,57
Tesouro IPCA+;15/05/2035;31/03/2026;7,42;7,39;2186,94;2191,33;2189,13
Tesouro IPCA+;15/05/2045;31/03/2026;7,52;7,49;1052,70;1054,81;1053,76
Tesouro IPCA+ com Juros Semestrais;15/08/2032;31/03/2026;7,38;7,35;2666,99;2672,33;2669,66
Tesouro IPCA+ com Juros Semestrais;15/08/2040;31/03/2026;7,47;7,44;1493,90;1496,89;1495,39
Tesouro IPCA+ com Juros Semestrais;15/05/2055;31/03/2026;7,58;7,55;502,94;503,95;503,44
Tesouro Selic;01/03/2029;31/03/2026;0,05;0,02;15781,87;15813,50;15797,69
Tesouro Prefixado;01/01/2027;01/04/2026;13,62;13,59;906,69;908,51;907,60
Tesouro Prefixado;01/01/2029;01/04/2026;13,33;13,30;707,61;709,02;708,32
Tesouro Prefixado;01/01/2031;01/04/2026;13,17;13,14;555,11;556,22;555,66
Tesouro Prefixado com Juros Semestrais;01/01/2033;01/04/2026;13,07;13,04;436,12;437,00;436,56
Tesouro Prefixado com Juros Semestrais;01/01/2035;01/04/2026;13,04;13,01;342,26;342,94;342,60
Tesouro Prefixado com Juros Semestrais;01/01/2037;01/04/2026;12,94;12,91;270,51;271,05;270,78
Tesouro IPCA+;15/05/2029;01/04/2026;7,25;7,22;3372,25;3379,01;3375,63
Tesouro IPCA+;15/05/2035;01/04/2026;7,44;7,41;2184,29;2188,67;2186,48
Tesouro IPCA+;15/05/2045;01/04/2026;7,56;7,53;1046,69;1048,79;1047,74
Tesouro IPCA+ com Juros Semestrais;15/08/2032;01/04/2026;7,39;7,36;2665,23;2670,57;2667,90
Tesouro IPCA+ com Juros Semestrais;15/08/2040;01/04/2026;7,50;7,47;1487,67;1490,65;1489,16
Tesouro IPCA+ com Juros Semestrais;15/05/2055;01/04/2026;7,58;7,55;502,80;503,81;503,30
Tesouro Selic;01/03/2029;01/04/2026;0,06;0,03;15784,97;15816,60;15800,78
Tesouro Prefixado;01/01/2027;02/04/2026;13,59;13,56;907,20;909,02;908,11
Tesouro Prefixado;01/01/2029;02/04/2026;13,29;13,26;708,53;709,95;709,24
Tesouro Prefixado;01/01/2031;02/04/2026;13,19;13,16;554,80;555,91;555,36
Tesouro Prefixado com Juros Semestrais;01/01/2033;02/04/2026;13,07;13,04;436,27;437,14;436,70
Tesouro Prefixado com Juros Semestrais;01/01/2035;02/04/2026;13,00;12,97;343,22;343,91;343,57
Tesouro Prefixado com Juros Semestrais;01/01/2037;02/04/2026;12,99;12,96;269,33;269,87;269,60
Tesouro IPCA+;15/05/2029;02/04/2026;7,31;7,28;3367,23;3373,98;3370,60
Tesouro IPCA+;15/05/2035;02/04/2026;7,44;7,41;2183,95;2188,33;2186,14
Tesouro IPCA+;15/05/2045;02/04/2026;7,54;7,51;1049,61;1051,71;1050,66
Tesouro IPCA+ com Juros Semestrais;15/08/2032;02/04/2026;7,39;7,36;2666,58;2671,93;2669,26
Tesouro IPCA+ com Juros Semestrais;15/08/2040;02/04/2026;7,52;7,49;1484,16;1487,13;1485,65
Tesouro IPCA+ com Juros Semestrais;15/05/2055;02/04/2026;7,60;7,57;500,33;501,33;500,83
Tesouro Selic;01/03/2029;02/04/2026;0,05;0,02;15788,06;15819,70;15803,88
Tesouro Prefixado;01/01/2027;03/04/2026;13,51;13,48;908,01;909,83;908,92
Tesouro Prefixado;01/01/2029;03/04/2026;13,23;13,20;709,76;711,18;710,47
Tesouro Prefixado;01/01/2031;03/04/2026;13,14;13,11;556,05;557,17;556,61
Tesouro Prefixado com Juros Semestrais;01/01/2033;03/04/2026;12,97;12,94;438,97;439,85;439,41
Tesouro Prefixado com Juros Semestrais;01/01/2035;03/04/2026;12,93;12,90;345,28;345,97;345,63
Tesouro Prefixado com Juros Semestrais;01/01/2037;03/04/2026;12,89;12,86;271,79;272,33;272,06
Tesouro IPCA+;15/05/2029;03/04/2026;7,27;7,24;3371,03;3377,79;3374,41
Tesouro IPCA+;15/05/2035;03/04/2026;7,41;7,38;2189,79;2194,18;2191,98
Tesouro IPCA+;15/05/2045;03/04/2026;7,53;7,50;1052,52;1054,63;1053,57
Tesouro IPCA+ com Juros Semestrais;15/08/2032;03/04/2026;7,36;7,33;2671,99;2677,34;2674,66
Tesouro IPCA+ com Juros Semestrais;15/08/2040;03/04/2026;7,50;7,47;1488,16;1491,15;1489,66
Tesouro IPCA+ com Juros Semestrais;15/05/2055;03/04/2026;7,57;7,54;505,12;506,13;505,62
Tesouro Selic;01/03/2029;03/04/2026;0,05;0,02;15791,15;15822,80;15806,98
Tesouro Prefixado;01/01/2027;06/04/2026;13,58;13,55;908,54;910,36;909,45
Tesouro Prefixado;01/01/2029;06/04/2026;13,22;13,19;710,73;712,15;711,44
Tesouro Prefixado;01/01/2031;06/04/2026;13,07;13,04;558,26;559,38;558,82
Tesouro Prefixado com Juros Semestrais;01/01/2033;06/04/2026;12,96;12,93;439,58;440,46;440,02
Tesouro Prefixado com Juros Semestrais;01/01/2035;06/04/2026;12,91;12,88;346,30;346,99;346,64
Tesouro Prefixado com Juros Semestrais;01/01/2037;06/04/2026;12,89;12,86;272,25;272,80;272,53
Tesouro IPCA+;15/05/2029;06/04/2026;7,26;7,23;3374,27;3381,03;3377,65
Tesouro IPCA+;15/05/2035;06/04/2026;7,41;7,38;2191,37;2195,76;2193,57
Tesouro IPCA+;15/05/2045;06/04/2026;7,51;7,48;1057,23;1059,35;1058,29
Tesouro IPCA+ com Juros Semestrais;15/08/2032;06/04/2026;7,37;7,34;2671,96;2677,32;2674,64
Tesouro IPCA+ com Juros Semestrais;15/08/2040;06/04/2026;7,48;7,45;1493,92;1496,92;1495,42
Tesouro IPCA+ com Juros Semestrais;15/05/2055;06/04/2026;7,58;7,55;503,79;504,80;504,29
Tesouro Selic;01/03/2029;06/04/2026;0,06;0,03;15794,25;15825,90;15810,07
Tesouro Prefixado;01/01/2027;07/04/2026;13,60;13,57;908,70;910,52;909,61
Tesouro Prefixado;01/01/2029;07/04/2026;13,22;13,19;710,87;712,29;711,58
Tesouro Prefixado;01/01/2031;07/04/2026;13,14;13,11;556,86;557,98;557,42
Tesouro Prefixado com Juros Semestrais;01/01/2033;07/04/2026;13,00;12,97;438,87;439,75;439,31
Tesouro Prefixado com Juros Semestrais;01/01/2035;07/04/2026;12,97;12,94;344,79;345,48;345,14
Tesouro Prefixado com Juros Semestrais;01/01/2037;07/04/2026;12,94;12,91;270,94;271,49;271,22
Tesouro IPCA+;15/05/2029;07/04/2026;7,27;7,24;3373,55;3380,31;3376,93
Tesouro IPCA+;15/05/2035;07/04/2026;7,50;7,47;2174,74;2179,10;2176,92
Tesouro IPCA+;15/05/2045;07/04/2026;7,59;7,56;1042,01;1044,09;1043,05
Tesouro IPCA+ com Juros Semestrais;15/08/2032;07/04/2026;7,44;7,41;2660,25;2665,58;2662,91
Tesouro IPCA+ com Juros Semestrais;15/08/2040;07/04/2026;7,55;7,52;1479,15;1482,11;1480,63
Tesouro IPCA+ com Juros Semestrais;15/05/2055;07/04/2026;7,66;7,63;493,29;494,28;493,78
Tesouro Selic;01/03/2029;07/04/2026;0,06;0,03;15797,34;15829,00;15813,17
Tesouro Prefixado;01/01/2027;08/04/2026;13,66;13,63;908,71;910,53;909,62
Tesouro Prefixado;01/01/2029;08/04/2026;13,39;13,36;708,28;709,70;708,99
Tesouro Prefixado;01/01/2031;08/04/2026;13,18;13,15;555,98;557,09;556,54
Tesouro Prefixado com Juros Semestrais;01/01/2033;08/04/2026;13,09;13,06;436,49;437,37;436,93
Tesouro Prefixado com Juros Semestrais;01/01/2035;08/04/2026;13,06;13,03;342,31;342,99;342,65
Tesouro Prefixado com Juros Semestrais;01/01/2037;08/04/2026;12,98;12,95;270,09;270,63;270,36
Tesouro IPCA+;15/05/2029;08/04/2026;7,37;7,34;3364,55;3371,30;3367,92
Tesouro IPCA+;15/05/2035;08/04/2026;7,50;7,47;2175,99;2180,35;2178,17
Tesouro IPCA+;15/05/2045;08/04/2026;7,60;7,57;1039,87;1041,95;1040,91
Tesouro IPCA+ com Juros Semestrais;15/08/2032;08/04/2026;7,42;7,39;2664,20;2669,54;2666,87
Tesouro IPCA+ com Juros Semestrais;15/08/2040;08/04/2026;7,56;7,53;1478,21;1481,17;1479,69
Tesouro IPCA+ com Juros Semestrais;15/05/2055;08/04/2026;7,65;7,62;495,18;496,17;495,67
Tesouro Selic;01/03/2029;08/04/2026;0,05;0,02;15800,44;15832,10;15816,27
Tesouro Prefixado;01/01/2027;09/04/2026;13,70;13,67;908,79;910,61;909,70
Tesouro Prefixado;01/01/2029;09/04/2026;13,39;13,36;708,55;709,97;709,26
Tesouro Prefixado;01/01/2031;09/04/2026;13,27;13,24;554,18;555,29;554,74
Tesouro Prefixado com Juros Semestrais;01/01/2033;09/04/2026;13,15;13,12;435,13;436,01;435,57
Tesouro Prefixado com Juros Semestrais;01/01/2035;09/04/2026;13,10;13,07;341,57;342,25;341,91
Tesouro Prefixado com Juros Semestrais;01/01/2037;09/04/2026;13,03;13,00;268,91;269,45;269,18
Tesouro IPCA+;15/05/2029;09/04/2026;7,29;7,26;3373,38;3380,14;3376,76
Tesouro IPCA+;15/05/2035;09/04/2026;7,47;7,44;2181,54;2185,92;2183,73
Tesouro IPCA+;15/05/2045;09/04/2026;7,58;7,55;1044,11;1046,20;1045,16
Tesouro IPCA+ com Juros Semestrais;15/08/2032;09/04/2026;7,45;7,42;2660,43;2665,76;2663,09
Tesouro IPCA+ com Juros Semestrais;15/08/2040;09/04/2026;7,53;7,50;1483,80;1486,77;1485,29
Tesouro IPCA+ com Juros Semestrais;15/05/2055;09/04/2026;7,61;7,58;500,32;501,32;500,82
Tesouro Selic;01/03/2029;09/04/2026;0,06;0,03;15803,53;15835,20;15819,36
Tesouro Prefixado;01/01/2027;10/04/2026;13,73;13,70;908,90;910,73;909,81
Tesouro Prefixado;01/01/2029;10/04/2026;13,35;13,32;709,41;710,83;710,12
Tesouro Prefixado;01/01/2031;10/04/2026;13,22;13,19;555,49;556,60;556,04
Tesouro Prefixado com Juros Semestrais;01/01/2033;10/04/2026;13,10;13,07;436,70;437,58;437,14
Tesouro Prefixado com Juros Semestrais;01/01/2035;10/04/2026;13,04;13,01;343,14;343,83;343,48
Tesouro Prefixado com Juros Semestrais;01/01/2037;10/04/2026;13,01;12,98;269,41;269,94;269,68
Tesouro IPCA+;15/05/2029;10/04/2026;7,35;7,32;3367,58;3374,33;3370,96
Tesouro IPCA+;15/05/2035;10/04/2026;7,55;7,52;2166,90;2171,24;2169,07
Tesouro IPCA+;15/05/2045;10/04/2026;7,61;7,58;1038,27;1040,35;1039,31
Tesouro IPCA+ com Juros Semestrais;15/08/2032;10/04/2026;7,48;7,45;2655,45;2660,77;2658,11
Tesouro IPCA+ com Juros Semestrais;15/08/2040;10/04/2026;7,61;7,58;1468,61;1471,55;1470,08
Tesouro IPCA+ com Juros Semestrais;15/05/2055;10/04/2026;7,68;7,65;490,76;491,74;491,25
Tesouro Selic;01/03/2029;10/04/2026;0,06;0,03;15806,62;15838,30;15822,46
Tesouro Prefixado;01/01/2027;13/04/2026;13,77;13,74;909,62;911,44;910,53
Tesouro Prefixado;01/01/2029;13/04/2026;13,41;13,38;709,06;710,48;709,77
Tesouro Prefixado;01/01/2031;13/04/2026;13,29;13,26;554,51;555,62;555,06
Tesouro Prefixado com Juros Semestrais;01/01/2033;13/04/2026;13,18;13,15;434,99;435,87;435,43
Tesouro Prefixado com Juros Semestrais;01/01/2035;13/04/2026;13,12;13,09;341,50;342,18;341,84
Tesouro Prefixado com Juros Semestrais;01/01/2037;13/04/2026;13,08;13,05;267,91;268,44;268,17
Tesouro IPCA+;15/05/2029;13/04/2026;7,27;7,24;3377,51;3384,28;3380,90
Tesouro IPCA+;15/05/2035;13/04/2026;7,47;7,44;2184,02;2188,40;2186,21
Tesouro IPCA+;15/05/2045;13/04/2026;7,59;7,56;1043,14;1045,23;1044,18
Tesouro IPCA+ com Juros Semestrais;15/08/2032;13/04/2026;7,45;7,42;2663,00;2668,34;2665,67
Tesouro IPCA+ com Juros Semestrais;15/08/2040;13/04/2026;7,55;7,52;1481,91;1484,88;1483,40
Tesouro IPCA+ com Juros Semestrais;15/05/2055;13/04/2026;7,63;7,60;497,69;498,69;498,19
Tesouro Selic;01/03/2029;13/04/2026;0,06;0,03;15809,72;15841,40;15825,56
Tesouro Prefixado;01/01/2027;14/04/2026;13,76;13,73;910,03;911,86;910,94
Tesouro Prefixado;01/01/2029;14/04/2026;13,38;13,35;709,94;711,36;710,65
Tesouro Prefixado;01/01/2031;14/04/2026;13,22;13,19;556,36;557,48;556,92
Tesouro Prefixado com Juros Semestrais;01/01/2033;14/04/2026;13,12;13,09;436,60;437,47;437,04
Tesouro Prefixado com Juros Semestrais;01/01/2035;14/04/2026;13,08;13,05;342,53;343,22;342,87
Tesouro Prefixado com Juros Semestrais;01/01/2037;14/04/2026;13,03;13,00;269,39;269,93;269,66
Tesouro IPCA+;15/05/2029;14/04/2026;7,29;7,26;3376,06;3382,83;3379,45
Tesouro IPCA+;15/05/2035;14/04/2026;7,52;7,49;2175,72;2180,08;2177,90
Tesouro IPCA+;15/05/2045;14/04/2026;7,57;7,54;1046,68;1048,78;1047,73
Tesouro IPCA+ com Juros Semestrais;15/08/2032;14/04/2026;7,47;7,44;2659,15;2664,47;2661,81
Tesouro IPCA+ com Juros Semestrais;15/08/2040;14/04/2026;7,56;7,53;1479,90;1482,87;1481,39
Tesouro IPCA+ com Juros Semestrais;15/05/2055;14/04/2026;7,64;7,61;496,83;497,83;497,33
Tesouro Selic;01/03/2029;14/04/2026;0,07;0,04;15812,81;15844,50;15828,66
Tesouro Prefixado;01/01/2027;15/04/2026;13,82;13,79;910,01;911,84;910,92
Tesouro Prefixado;01/01/2029;15/04/2026;13,49;13,46;708,23;709,65;708,94
Tesouro Prefixado;01/01/2031;15/04/2026;13,34;13,31;553,69;554,80;554,24
Tesouro Prefixado com Juros Semestrais;01/01/2033;15/04/2026;13,22;13,19;434,37;435,24;434,80
Tesouro Prefixado com Juros Semestrais;01/01/2035;15/04/2026;13,12;13,09;341,57;342,25;341,91
Tesouro Prefixado com Juros Semestrais;01/01/2037;15/04/2026;13,08;13,05;268,01;268,55;268,28
Tesouro IPCA+;15/05/2029;15/04/2026;7,31;7,28;3375,18;3381,94;3378,56
Tesouro IPCA+;15/05/2035;15/04/2026;7,47;7,44;2183,79;2188,16;2185,98
Tesouro IPCA+;15/05/2045;15/04/2026;7,57;7,54;1046,49;1048,59;1047,54
Tesouro IPCA+ com Juros Semestrais;15/08/2032;15/04/2026;7,44;7,41;2664,96;2670,30;2667,63
Tesouro IPCA+ com Juros Semestrais;15/08/2040;15/04/2026;7,52;7,49;1488,34;1491,32;1489,83
Tesouro IPCA+ com Juros Semestrais;15/05/2055;15/04/2026;7,67;7,64;492,83;493,82;493,32
Tesouro Selic;01/03/2029;15/04/2026;0,06;0,03;15815,90;15847,60;15831,75
Tesouro Prefixado;01/01/2027;16/04/2026;13,73;13,70;910,83;912,66;911,74
Tesouro Prefixado;01/01/2029;16/04/2026;13,41;13,38;709,76;711,18;710,47
Tesouro Prefixado;01/01/2031;16/04/2026;13,23;13,20;556,49;557,61;557,05
Tesouro Prefixado com Juros Semestrais;01/01/2033;16/04/2026;13,14;13,11;436,50;437,37;436,94
Tesouro Prefixado com Juros Semestrais;01/01/2035;16/04/2026;13,03;13,00;344,16;344,85;344,50
Tesouro Prefixado com Juros Semestrais;01/01/2037;16/04/2026;13,04;13,01;269,26;269,80;269,53
Tesouro IPCA+;15/05/2029;16/04/2026;7,35;7,32;3372,15;3378,91;3375,53
Tesouro IPCA+;15/05/2035;16/04/2026;7,52;7,49;2176,33;2180,69;2178,51
Tesouro IPCA+;15/05/2045;16/04/2026;7,61;7,58;1040,48;1042,56;1041,52
Tesouro IPCA+ com Juros Semestrais;15/08/2032;16/04/2026;7,46;7,43;2661,67;2667,01;2664,34
Tesouro IPCA+ com Juros Semestrais;15/08/2040;16/04/2026;7,59;7,56;1473,98;1476,93;1475,46
Tesouro IPCA+ com Juros Semestrais;15/05/2055;16/04/2026;7,68;7,65;491,63;492,61;492,12
Tesouro Selic;01/03/2029;16/04/2026;0,06;0,03;15819,00;15850,70;15834,85
Tesouro Prefixado;01/01/2027;17/04/2026;13,76;13,73;910,97;912,80;911,88
Tesouro Prefixado;01/01/2029;17/04/2026;13,43;13,40;709,69;711,11;710,40
Tesouro Prefixado;01/01/2031;17/04/2026;13,23;13,20;556,63;557,75;557,19
Tesouro Prefixado com Juros Semestrais;01/01/2033;17/04/2026;13,14;13,11;436,66;437,54;437,10
Tesouro Prefixado com Juros Semestrais;01/01/2035;17/04/2026;13,05;13,02;343,67;344,36;344,02
Tesouro Prefixado com Juros Semestrais;01/01/2037;17/04/2026;13,02;12,99;269,78;270,32;270,05
Tesouro IPCA+;15/05/2029;17/04/2026;7,39;7,36;3368,61;3375,36;3371,98
Tesouro IPCA+;15/05/2035;17/04/2026;7,58;7,55;2165,30;2169,64;2167,47
Tesouro IPCA+;15/05/2045;17/04/2026;7,65;7,62;1032,10;1034,17;1033,14
Tesouro IPCA+ com Juros Semestrais;15/08/2032;17/04/2026;7,54;7,51;2650,34;2655,66;2653,00
Tesouro IPCA+ com Juros Semestrais;15/08/2040;17/04/2026;7,63;7,60;1466,85;1469,79;1468,32
Tesouro IPCA+ com Juros Semestrais;15/05/2055;17/04/2026;7,73;7,70;485,07;486,04;485,56
Tesouro Selic;01/03/2029;17/04/2026;0,05;0,02;15822,09;15853,80;15837,95
Tesouro Prefixado;01/01/2027;20/04/2026;13,79;13,76;911,77;913,60;912,69
Tesouro Prefixado;01/01/2029;20/04/2026;13,38;13,35;711,32;712,75;712,04
Tesouro Prefixado;01/01/2031;20/04/2026;13,24;13,21;557,04;558,15;557,60
Tesouro Prefixado com Juros Semestrais;01/01/2033;20/04/2026;13,15;13,12;436,78;437,65;437,21
Tesouro Prefixado com Juros Semestrais;01/01/2035;20/04/2026;13,05;13,02;343,98;344,67;344,33
Tesouro Prefixado com Juros Semestrais;01/01/2037;20/04/2026;13,01;12,98;270,21;270,75;270,48
Tesouro IPCA+;15/05/2029;20/04/2026;7,45;7,42;3365,28;3372,03;3368,65
Tesouro IPCA+;15/05/2035;20/04/2026;7,62;7,59;2159,37;2163,69;2161,53
Tesouro IPCA+;15/05/2045;20/04/2026;7,70;7,67;1024,49;1026,54;1025,52
Tesouro IPCA+ com Juros Semestrais;15/08/2032;20/04/2026;7,54;7,51;2651,90;2657,21;2654,56
Tesouro IPCA+ com Juros Semestrais;15/08/2040;20/04/2026;7,67;7,64;1460,14;1463,07;1461,61
Tesouro IPCA+ com Juros Semestrais;15/05/2055;20/04/2026;7,78;7,75;479,02;479,98;479,50
Tesouro Selic;01/03/2029;20/04/2026;0,06;0,03;15825,19;15856,90;15841,04
Tesouro Prefixado;01/01/2027;21/04/2026;13,80;13,77;912,07;913,90;912,98
Tesouro Prefixado;01/01/2029;21/04/2026;13,45;13,42;710,35;711,77;711,06
Tesouro Prefixado;01/01/2031;21/04/2026;13,29;13,26;555,97;557,08;556,53
Tesouro Prefixado com Juros Semestrais;01/01/2033;21/04/2026;13,19;13,16;436,00;436,87;436,44
Tesouro Prefixado com Juros Semestrais;01/01/2035;21/04/2026;13,11;13,08;342,66;343,35;343,01
Tesouro Prefixado com Juros Semestrais;01/01/2037;21/04/2026;13,06;13,03;269,09;269,63;269,36
Tesouro IPCA+;15/05/2029;21/04/2026;7,42;7,39;3368,38;3375,13;3371,76
Tesouro IPCA+;15/05/2035;21/04/2026;7,56;7,53;2170,14;2174,49;2172,31
Tesouro IPCA+;15/05/2045;21/04/2026;7,67;7,64;1029,81;1031,88;1030,84
Tesouro IPCA+ com Juros Semestrais;15/08/2032;21/04/2026;7,58;7,55;2646,67;2651,97;2649,32
Tesouro IPCA+ com Juros Semestrais;15/08/2040;21/04/2026;7,63;7,60;1468,69;1471,64;1470,16
Tesouro IPCA+ com Juros Semestrais;15/05/2055;21/04/2026;7,75;7,72;482,15;483,12;482,63
Tesouro Selic;01/03/2029;21/04/2026;0,04;0,01;15828,28;15860,00;15844,14
Tesouro Prefixado;01/01/2027;22/04/2026;13,77;13,74;912,55;914,38;913,46
Tesouro Prefixado;01/01/2029;22/04/2026;13,44;13,41;710,86;712,28;711,57
Tesouro Prefixado;01/01/2031;22/04/2026;13,32;13,29;555,41;556,52;555,97
Tesouro Prefixado com Juros Semestrais;01/01/2033;22/04/2026;13,12;13,09;437,85;438,73;438,29
Tesouro Prefixado com Juros Semestrais;01/01/2035;22/04/2026;13,08;13,05;343,54;344,23;343,88
Tesouro Prefixado com Juros Semestrais;01/01/2037;22/04/2026;13,08;13,05;268,79;269,33;269,06
Tesouro IPCA+;15/05/2029;22/04/2026;7,43;7,40;3367,87;3374,62;3371,25
Tesouro IPCA+;15/05/2035;22/04/2026;7,58;7,55;2166,71;2171,05;2168,88
Tesouro IPCA+;15/05/2045;22/04/2026;7,70;7,67;1024,95;1027,00;1025,98
Tesouro IPCA+ com Juros Semestrais;15/08/2032;22/04/2026;7,53;7,50;2654,87;2660,19;2657,53
Tesouro IPCA+ com Juros Semestrais;15/08/2040;22/04/2026;7,68;7,65;1459,53;1462,46;1460,99
Tesouro IPCA+ com Juros Semestrais;15/05/2055;22/04/2026;7,75;7,72;482,21;483,18;482,70
Tesouro Selic;01/03/2029;22/04/2026;0,07;0,04;15831,37;15863,10;15847,24
Tesouro Prefixado;01/01/2027;23/04/2026;13,76;13,73;912,92;914,75;913,84
Tesouro Prefixado;01/01/2029;23/04/2026;13,42;13,39;711,43;712,85;712,14
Tesouro Prefixado;01/01/2031;23/04/2026;13,27;13,24;556,77;557,89;557,33
Tesouro Prefixado com Juros Semestrais;01/01/2033;23/04/2026;13,17;13,14;436,75;437,62;437,18
Tesouro Prefixado com Juros Semestrais;01/01/2035;23/04/2026;13,12;13,09;342,59;343,27;342,93
Tesouro Prefixado com Juros Semestrais;01/01/2037;23/04/2026;13,05;13,02;269,53;270,07;269,80
Tesouro IPCA+;15/05/2029;23/04/2026;7,35;7,32;3376,43;3383,19;3379,81
Tesouro IPCA+;15/05/2035;23/04/2026;7,56;7,53;2171,12;2175,47;2173,29
Tesouro IPCA+;15/05/2045;23/04/2026;7,66;7,63;1032,14;1034,21;1033,17
Tesouro IPCA+ com Juros Semestrais;15/08/2032;23/04/2026;7,49;7,46;2661,58;2666,92;2664,25
Tesouro IPCA+ com Juros Semestrais;15/08/2040;23/04/2026;7,63;7,60;1469,96;1472,91;1471,44
Tesouro IPCA+ com Juros Semestrais;15/05/2055;23/04/2026;7,75;7,72;482,40;483,37;482,89
Tesouro Selic;01/03/2029;23/04/2026;0,06;0,03;15834,47;15866,20;15850,33
Tesouro Prefixado;01/01/2027;24/04/2026;13,71;13,68;913,48;915,31;914,40
Tesouro Prefixado;01/01/2029;24/04/2026;13,37;13,34;712,46;713,89;713,18
Tesouro Prefixado;01/01/2031;24/04/2026;13,21;13,18;558,38;559,50;558,94
Tesouro Prefixado com Juros Semestrais;01/01/2033;24/04/2026;13,12;13,09;438,22;439,10;438,66
Tesouro Prefixado com Juros Semestrais;01/01/2035;24/04/2026;13,03;13,00;345,12;345,81;345,46
Tesouro Prefixado com Juros Semestrais;01/01/2037;24/04/2026;12,97;12,94;271,77;272,32;272,05
Tesouro IPCA+;15/05/2029;24/04/2026;7,38;7,35;3374,21;3380,97;3377,59
Tesouro IPCA+;15/05/2035;24/04/2026;7,55;7,52;2174,07;2178,43;2176,25
Tesouro IPCA+;15/05/2045;24/04/2026;7,65;7,62;1033,78;1035,85;1034,81
Tesouro IPCA+ com Juros Semestrais;15/08/2032;24/04/2026;7,51;7,48;2659,37;2664,69;2662,03
Tesouro IPCA+ com Juros Semestrais;15/08/2040;24/04/2026;7,61;7,58;1472,70;1475,65;1474,18
Tesouro IPCA+ com Juros Semestrais;15/05/2055;24/04/2026;7,72;7,69;486,66;487,63;487,14
Tesouro Selic;01/03/2029;24/04/2026;0,05;0,02;15837,56;15869,30;15853,43
Tesouro Prefixado;01/01/2027;27/04/2026;13,75;13,72;914,23;916,06;915,15
Tesouro Prefixado;01/01/2029;27/04/2026;13,41;13,38;712,46;713,89;713,17
Tesouro Prefixado;01/01/2031;27/04/2026;13,24;13,21;558,36;559,48;558,92
Tesouro Prefixado com Juros Semestrais;01/01/2033;27/04/2026;13,08;13,05;439,78;440,66;440,22
Tesouro Prefixado com Juros Semestrais;01/01/2035;27/04/2026;13,05;13,02;344,84;345,53;345,18
Tesouro Prefixado com Juros Semestrais;01/01/2037;27/04/2026;12,96;12,93;272,31;272,85;272,58
Tesouro IPCA+;15/05/2029;27/04/2026;7,37;7,34;3377,00;3383,76;3380,38
Tesouro IPCA+;15/05/2035;27/04/2026;7,53;7,50;2178,77;2183,14;2180,95
Tesouro IPCA+;15/05/2045;27/04/2026;7,62;7,59;1040,56;1042,64;1041,60
Tesouro IPCA+ com Juros Semestrais;15/08/2032;27/04/2026;7,50;7,47;2662,62;2667,96;2665,29
Tesouro IPCA+ com Juros Semestrais;15/08/2040;27/04/2026;7,64;7,61;1467,39;1470,33;1468,86
Tesouro IPCA+ com Juros Semestrais;15/05/2055;27/04/2026;7,68;7,65;492,12;493,11;492,62
Tesouro Selic;01/03/2029;27/04/2026;0,06;0,03;15840,66;15872,40;15856,53
Tesouro Prefixado;01/01/2027;28/04/2026;13,79;13,76;914,34;916,17;915,25
Tesouro Prefixado;01/01/2029;28/04/2026;13,45;13,42;712,17;713,59;712,88
Tesouro Prefixado;01/01/2031;28/04/2026;13,27;13,24;557,71;558,83;558,27
Tesouro Prefixado com Juros Semestrais;01/01/2033;28/04/2026;13,18;13,15;437,13;438,01;437,57
Tesouro Prefixado com Juros Semestrais;01/01/2035;28/04/2026;13,14;13,11;342,63;343,31;342,97
Tesouro Prefixado com Juros Semestrais;01/01/2037;28/04/2026;13,02;12,99;270,76;271,31;271,03
Tesouro IPCA+;15/05/2029;28/04/2026;7,38;7,35;3377,33;3384,10;3380,71
Tesouro IPCA+;15/05/2035;28/04/2026;7,55;7,52;2174,48;2178,84;2176,66
Tesouro IPCA+;15/05/2045;28/04/2026;7,63;7,60;1039,34;1041,42;1040,38
Tesouro IPCA+ com Juros Semestrais;15/08/2032;28/04/2026;7,49;7,46;2663,70;2669,04;2666,37
Tesouro IPCA+ com Juros Semestrais;15/08/2040;28/04/2026;7,61;7,58;1475,07;1478,02;1476,54
Tesouro IPCA+ com Juros Semestrais;15/05/2055;28/04/2026;7,73;7,70;486,41;487,38;486,89
Tesouro Selic;01/03/2029;28/04/2026;0,06;0,03;15843,75;15875,50;15859,62
Tesouro Prefixado;01/01/2027;29/04/2026;13,85;13,82;914,32;916,16;915,24
Tesouro Prefixado;01/01/2029;29/04/2026;13,48;13,45;711,92;713,34;712,63
Tesouro Prefixado;01/01/2031;29/04/2026;13,31;13,28;557,16;558,28;557,72
Tesouro Prefixado com Juros Semestrais;01/01/2033;29/04/2026;13,24;13,21;435,82;436,70;436,26
Tesouro Prefixado com Juros Semestrais;01/01/2035;29/04/2026;13,12;13,09;343,16;343,85;343,51
Tesouro Prefixado com Juros Semestrais;01/01/2037;29/04/2026;13,06;13,03;269,99;270,53;270,26
Tesouro IPCA+;15/05/2029;29/04/2026;7,32;7,29;3383,52;3390,30;3386,91
Tesouro IPCA+;15/05/2035;29/04/2026;7,44;7,41;2195,80;2200,20;2198,00
Tesouro IPCA+;15/05/2045;29/04/2026;7,61;7,58;1042,79;1044,88;1043,83
Tesouro IPCA+ com Juros Semestrais;15/08/2032;29/04/2026;7,45;7,42;2670,38;2675,73;2673,05
Tesouro IPCA+ com Juros Semestrais;15/08/2040;29/04/2026;7,53;7,50;1490,74;1493,73;1492,23
Tesouro IPCA+ com Juros Semestrais;15/05/2055;29/04/2026;7,68;7,65;492,99;493,98;493,48
Tesouro Selic;01/03/2029;29/04/2026;0,06;0,03;15846,84;15878,60;15862,72
Tesouro Prefixado;01/01/2027;30/04/2026;13,82;13,79;914,81;916,65;915,73
Tesouro Prefixado;01/01/2029;30/04/2026;13,52;13,49;711,47;712,90;712,18
Tesouro Prefixado;01/01/2031;30/04/2026;13,31;13,28;557,18;558,30;557,74
Tesouro Prefixado com Juros Semestrais;01/01/2033;30/04/2026;13,17;13,14;437,74;438,62;438,18
Tesouro Prefixado com Juros Semestrais;01/01/2035;30/04/2026;13,11;13,08;343,66;344,35;344,00
Tesouro Prefixado com Juros Semestrais;01/01/2037;30/04/2026;13,07;13,04;269,66;270,20;269,93
Tesouro IPCA+;15/05/2029;30/04/2026;7,33;7,30;3383,44;3390,22;3386,83
Tesouro IPCA+;15/05/2035;30/04/2026;7,52;7,49;2181,15;2185,52;2183,33
Tesouro IPCA+;15/05/2045;30/04/2026;7,62;7,59;1040,58;1042,67;1041,63
Tesouro IPCA+ com Juros Semestrais;15/08/2032;30/04/2026;7,45;7,42;2670,69;2676,04;2673,36
Tesouro IPCA+ com Juros Semestrais;15/08/2040;30/04/2026;7,58;7,55;1481,39;1484,36;1482,87
Tesouro IPCA+ com Juros Semestrais;15/05/2055;30/04/2026;7,68;7,65;492,46;493,44;492,95
Tesouro Selic;01/03/2029;30/04/2026;0,06;0,03;15849,94;15881,70;15865,82
Tesouro Prefixado;01/01/2027;01/05/2026;13,79;13,76;915,32;917,16;916,24
Tesouro Prefixado;01/01/2029;01/05/2026;13,46;13,43;712,72;714,15;713,43
Tesouro Prefixado;01/01/2031;01/05/2026;13,26;13,23;558,58;559,70;559,14
Tesouro Prefixado com Juros Semestrais;01/01/2033;01/05/2026;13,17;13,14;438,04;438,92;438,48
Tesouro Prefixado com Juros Semestrais;01/01/2035;01/05/2026;13,12;13,09;343,61;344,30;343,95
Tesouro Prefixado com Juros Semestrais;01/01/2037;01/05/2026;13,03;13,00;270,89;271,43;271,16
Tesouro IPCA+;15/05/2029;01/05/2026;7,35;7,32;3382,08;3388,86;3385,47
Tesouro IPCA+;15/05/2035;01/05/2026;7,56;7,53;2174,76;2179,12;2176,94
Tesouro IPCA+;15/05/2045;01/05/2026;7,63;7,60;1038,98;1041,06;1040,02
Tesouro IPCA+ com Juros Semestrais;15/08/2032;01/05/2026;7,46;7,43;2669,63;2674,98;2672,31
Tesouro IPCA+ com Juros Semestrais;15/08/2040;01/05/2026;7,61;7,58;1474,39;1477,35;1475,87
Tesouro IPCA+ com Juros Semestrais;15/05/2055;01/05/2026;7,70;7,67;490,82;491,81;491,32
Tesouro Selic;01/03/2029;01/05/2026;0,06;0,03;15853,03;15884,80;15868,92
Tesouro Prefixado;01/01/2027;04/05/2026;13,77;13,74;916,39;918,23;917,31
Tesouro Prefixado;01/01/2029;04/05/2026;13,39;13,36;714,63;716,06;715,35
Tesouro Prefixado;01/01/2031;04/05/2026;13,19;13,16;560,80;561,92;561,36
Tesouro Prefixado com Juros Semestrais;01/01/2033;04/05/2026;13,01;12,98;442,41;443,29;442,85
Tesouro Prefixado com Juros Semestrais;01/01/2035;04/05/2026;12,95;12,92;348,32;349,02;348,67
Tesouro Prefixado com Juros Semestrais;01/01/2037;04/05/2026;12,88;12,85;274,95;275,50;275,23
Tesouro IPCA+;15/05/2029;04/05/2026;7,35;7,32;3383,40;3390,18;3386,79
Tesouro IPCA+;15/05/2035;04/05/2026;7,52;7,49;2183,68;2188,05;2185,86
Tesouro IPCA+;15/05/2045;04/05/2026;7,65;7,62;1035,74;1037,82;1036,78
Tesouro IPCA+ com Juros Semestrais;15/08/2032;04/05/2026;7,45;7,42;2673,29;2678,65;2675,97
Tesouro IPCA+ com Juros Semestrais;15/08/2040;04/05/2026;7,63;7,60;1472,56;1475,51;1474,03
Tesouro IPCA+ com Juros Semestrais;15/05/2055;04/05/2026;7,71;7,68;489,16;490,14;489,65
Tesouro Selic;01/03/2029;04/05/2026;0,05;0,02;15856,12;15887,90;15872,01
Tesouro Prefixado;01/01/2027;05/05/2026;13,76;13,73;916,76;918,60;917,68
Tesouro Prefixado;01/01/2029;05/05/2026;13,40;13,37;714,65;716,08;715,36
Tesouro Prefixado;01/01/2031;05/05/2026;13,20;13,17;560,79;561,92;561,36
Tesouro Prefixado com Juros Semestrais;01/01/2033;05/05/2026;13,09;13,06;440,62;441,51;441,07
Tesouro Prefixado com Juros Semestrais;01/01/2035;05/05/2026;12,99;12,96;347,28;347,97;347,63
Tesouro Prefixado com Juros Semestrais;01/01/2037;05/05/2026;12,91;12,88;274,14;274,69;274,42
Tesouro IPCA+;15/05/2029;05/05/2026;7,37;7,34;3382,24;3389,02;3385,63
Tesouro IPCA+;15/05/2035;05/05/2026;7,54;7,51;2180,23;2184,60;2182,42
Tesouro IPCA+;15/05/2045;05/05/2026;7,64;7,61;1037,59;1039,67;1038,63
Tesouro IPCA+ com Juros Semestrais;15/08/2032;05/05/2026;7,49;7,46;2668,26;2673,61;2670,93
Tesouro IPCA+ com Juros Semestrais;15/08/2040;05/05/2026;7,61;7,58;1477,23;1480,19;1478,71
Tesouro IPCA+ com Juros Semestrais;15/05/2055;05/05/2026;7,69;7,66;492,38;493,36;492,87
Tesouro Selic;01/03/2029;05/05/2026;0,05;0,02;15859,22;15891,00;15875,11
Tesouro Prefixado;01/01/2027;06/05/2026;13,63;13,60;917,78;919,62;918,70
Tesouro Prefixado;01/01/2029;06/05/2026;13,31;13,28;716,40;717,84;717,12
Tesouro Prefixado;01/01/2031;06/05/2026;13,14;13,11;562,30;563,43;562,87
Tesouro Prefixado com Juros Semestrais;01/01/2033;06/05/2026;13,04;13,01;442,05;442,94;442,50
Tesouro Prefixado com Juros Semestrais;01/01/2035;06/05/2026;12,94;12,91;348,84;349,54;349,19
Tesouro Prefixado com Juros Semestrais;01/01/2037;06/05/2026;12,86;12,83;275,56;276,11;275,83
Tesouro IPCA+;15/05/2029;06/05/2026;7,41;7,38;3378,96;3385,73;3382,34
Tesouro IPCA+;15/05/2035;06/05/2026;7,55;7,52;2178,36;2182,73;2180,54
Tesouro IPCA+;15/05/2045;06/05/2026;7,70;7,67;1026,87;1028,92;1027,90
Tesouro IPCA+ com Juros Semestrais;15/08/2032;06/05/2026;7,58;7,55;2654,96;2660,28;2657,62
Tesouro IPCA+ com Juros Semestrais;15/08/2040;06/05/2026;7,68;7,65;1463,88;1466,81;1465,35
Tesouro IPCA+ com Juros Semestrais;15/05/2055;06/05/2026;7,77;7,74;482,21;483,18;482,70
Tesouro Selic;01/03/2029;06/05/2026;0,06;0,03;15862,31;15894,10;15878,21
Tesouro Prefixado;01/01/2027;07/05/2026;13,70;13,67;917,76;919,60;918,68
Tesouro Prefixado;01/01/2029;07/05/2026;13,28;13,25;717,14;718,57;717,85
Tesouro Prefixado;01/01/2031;07/05/2026;13,09;13,06;563,58;564,71;564,15
Tesouro Prefixado com Juros Semestrais;01/01/2033;07/05/2026;12,97;12,94;443,92;444,81;444,37
Tesouro Prefixado com Juros Semestrais;01/01/2035;07/05/2026;12,91;12,88;349,71;350,41;350,06
Tesouro Prefixado com Juros Semestrais;01/01/2037;07/05/2026;12,86;12,83;275,80;276,36;276,08
Tesouro IPCA+;15/05/2029;07/05/2026;7,39;7,36;3381,62;3388,39;3385,00
Tesouro IPCA+;15/05/2035;07/05/2026;7,59;7,56;2171,98;2176,33;2174,16
Tesouro IPCA+;15/05/2045;07/05/2026;7,69;7,66;1030,28;1032,34;1031,31
Tesouro IPCA+ com Juros Semestrais;15/08/2032;07/05/2026;7,50;7,47;2666,85;2672,19;2669,52
Tesouro IPCA+ com Juros Semestrais;15/08/2040;07/05/2026;7,63;7,60;1472,34;1475,29;1473,81
Tesouro IPCA+ com Juros Semestrais;15/05/2055;07/05/2026;7,75;7,72;484,45;485,42;484,93
Tesouro Selic;01/03/2029;07/05/2026;0,06;0,03;15865,41;15897,20;15881,30
Tesouro Prefixado;01/01/2027;08/05/2026;13,73;13,70;917,88;919,72;918,80
Tesouro Prefixado;01/01/2029;08/05/2026;13,37;13,34;715,97;717,41;716,69
Tesouro Prefixado;01/01/2031;08/05/2026;13,22;13,19;560,75;561,87;561,31
Tesouro Prefixado com Juros Semestrais;01/01/2033;08/05/2026;13,15;13,12;439,54;440,42;439,98
Tesouro Prefixado com Juros Semestrais;01/01/2035;08/05/2026;13,02;12,99;346,94;347,63;347,28
Tesouro Prefixado com Juros Semestrais;01/01/2037;08/05/2026;13,00;12,97;272,16;272,70;272,43
Tesouro IPCA+;15/05/2029;08/05/2026;7,39;7,36;3382,19;3388,97;3385,58
Tesouro IPCA+;15/05/2035;08/05/2026;7,52;7,49;2185,66;2190,04;2187,85
Tesouro IPCA+;15/05/2045;08/05/2026;7,64;7,61;1039,18;1041,27;1040,22
Tesouro IPCA+ com Juros Semestrais;15/08/2032;08/05/2026;7,54;7,51;2661,17;2666,50;2663,83
Tesouro IPCA+ com Juros Semestrais;15/08/2040;08/05/2026;7,61;7,58;1477,43;1480,39;1478,91
Tesouro IPCA+ com Juros Semestrais;15/05/2055;08/05/2026;7,67;7,64;494,81;495,81;495,31
Tesouro Selic;01/03/2029;08/05/2026;0,06;0,03;15868,50;15900,30;15884,40
Tesouro Prefixado;01/01/2027;11/05/2026;13,78;13,75;918,60;920,44;919,52
Tesouro Prefixado;01/01/2029;11/05/2026;13,42;13,39;715,81;717,25;716,53
Tesouro Prefixado;01/01/2031;11/05/2026;13,21;13,18;561,69;562,81;562,25
Tesouro Prefixado com Juros Semestrais;01/01/2033;11/05/2026;13,15;13,12;439,84;440,72;440,28
Tesouro Prefixado com Juros Semestrais;01/01/2035;11/05/2026;13,08;13,05;345,80;346,49;346,15
Tesouro Prefixado com Juros Semestrais;01/01/2037;11/05/2026;13,01;12,98;272,30;272,84;272,57
Tesouro IPCA+;15/05/2029;11/05/2026;7,41;7,38;3382,50;3389,28;3385,89
Tesouro IPCA+;15/05/2035;11/05/2026;7,55;7,52;2180,14;2184,50;2182,32
Tesouro IPCA+;15/05/2045;11/05/2026;7,69;7,66;1030,70;1032,76;1031,73
Tesouro IPCA+ com Juros Semestrais;15/08/2032;11/05/2026;7,52;7,49;2665,90;2671,24;2668,57
Tesouro IPCA+ com Juros Semestrais;15/08/2040;11/05/2026;7,65;7,62;1470,99;1473,94;1472,46
Tesouro IPCA+ com Juros Semestrais;15/05/2055;11/05/2026;7,74;7,71;485,88;486,85;486,36
Tesouro Selic;01/03/2029;11/05/2026;0,07;0,04;15871,59;15903,40;15887,50
Tesouro Prefixado;01/01/2027;12/05/2026;13,69;13,66;919,40;921,24;920,32
Tesouro Prefixado;01/01/2029;12/05/2026;13,38;13,35;716,72;718,16;717,44
Tesouro Prefixado;01/01/2031;12/05/2026;13,19;13,16;562,37;563,49;562,93
Tesouro Prefixado com Juros Semestrais;01/01/2033;12/05/2026;13,06;13,03;442,50;443,39;442,95
Tesouro Prefixado com Juros Semestrais;01/01/2035;12/05/2026;13,02;12,99;347,36;348,05;347,70
Tesouro Prefixado com Juros Semestrais;01/01/2037;12/05/2026;12,98;12,95;273,00;273,55;273,28
Tesouro IPCA+;15/05/2029;12/05/2026;7,39;7,36;3384,84;3391,62;3388,23
Tesouro IPCA+;15/05/2035;12/05/2026;7,53;7,50;2184,27;2188,64;2186,46
Tesouro IPCA+;15/05/2045;12/05/2026;7,68;7,65;1032,28;1034,35;1033,32
Tesouro IPCA+ com Juros Semestrais;15/08/2032;12/05/2026;7,49;7,46;2670,64;2675,99;2673,31
Tesouro IPCA+ com Juros Semestrais;15/08/2040;12/05/2026;7,65;7,62;1471,52;1474,47;1473,00
Tesouro IPCA+ com Juros Semestrais;15/05/2055;12/05/2026;7,70;7,67;491,27;492,26;491,76
Tesouro Selic;01/03/2029;12/05/2026;0,07;0,04;15874,69;15906,50;15890,59
Tesouro Prefixado;01/01/2027;13/05/2026;13,71;13,68;919,64;921,49;920,57
Tesouro Prefixado;01/01/2029;13/05/2026;13,39;13,36;716,77;718,20;717,48
Tesouro Prefixado;01/01/2031;13/05/2026;13,20;13,17;562,14;563,27;562,71
Tesouro Prefixado com Juros Semestrais;01/01/2033;13/05/2026;13,12;13,09;440,95;441,84;441,40
Tesouro Prefixado com Juros Semestrais;01/01/2035;13/05/2026;13,07;13,04;346,20;346,89;346,54
Tesouro Prefixado com Juros Semestrais;01/01/2037;13/05/2026;13,00;12,97;272,73;273,28;273,00
Tesouro IPCA+;15/05/2029;13/05/2026;7,40;7,37;3384,40;3391,18;3387,79
Tesouro IPCA+;15/05/2035;13/05/2026;7,58;7,55;2176,64;2181,01;2178,82
Tesouro IPCA+;15/05/2045;13/05/2026;7,63;7,60;1042,07;1044,16;1043,11
Tesouro IPCA+ com Juros Semestrais;15/08/2032;13/05/2026;7,53;7,50;2665,23;2670,57;2667,90
Tesouro IPCA+ com Juros Semestrais;15/08/2040;13/05/2026;7,63;7,60;1475,05;1478,01;1476,53
Tesouro IPCA+ com Juros Semestrais;15/05/2055;13/05/2026;7,73;7,70;487,63;488,61;488,12
Tesouro Selic;01/03/2029;13/05/2026;0,05;0,02;15877,78;15909,60;15893,69
Tesouro Prefixado;01/01/2027;14/05/2026;13,74;13,71;919,81;921,65;920,73
Tesouro Prefixado;01/01/2029;14/05/2026;13,35;13,32;717,77;719,21;718,49
Tesouro Prefixado;01/01/2031;14/05/2026;13,23;13,20;561,64;562,77;562,20
Tesouro Prefixado com Juros Semestrais;01/01/2033;14/05/2026;13,12;13,09;441,14;442,02;441,58
Tesouro Prefixado com Juros Semestrais;01/01/2035;14/05/2026;13,08;13,05;346,05;346,74;346,40
Tesouro Prefixado com Juros Semestrais;01/01/2037;14/05/2026;13,03;13,00;272,10;272,65;272,38
Tesouro IPCA+;15/05/2029;14/05/2026;7,37;7,34;3388,36;3395,15;3391,75
Tesouro IPCA+;15/05/2035;14/05/2026;7,58;7,55;2176,98;2181,34;2179,16
Tesouro IPCA+;15/05/2045;14/05/2026;7,65;7,62;1038,93;1041,01;1039,97
Tesouro IPCA+ com Juros Semestrais;15/08/2032;14/05/2026;7,53;7,50;2666,66;2672,00;2669,33
Tesouro IPCA+ com Juros Semestrais;15/08/2040;14/05/2026;7,65;7,62;1471,24;1474,19;1472,72
Tesouro IPCA+ com Juros Semestrais;15/05/2055;14/05/2026;7,73;7,70;487,52;488,50;488,01
Tesouro Selic;01/03/2029;14/05/2026;0,06;0,03;15880,87;15912,70;15896,79
Tesouro Prefixado;01/01/2027;15/05/2026;13,72;13,69;920,19;922,03;921,11
Tesouro Prefixado;01/01/2029;15/05/2026;13,40;13,37;717,12;718,56;717,84
Tesouro Prefixado;01/01/2031;15/05/2026;13,22;13,19;562,25;563,37;562,81
Tesouro Prefixado com Juros Semestrais;01/01/2033;15/05/2026;13,12;13,09;441,26;442,14;441,70
Tesouro Prefixado com Juros Semestrais;01/01/2035;15/05/2026;13,11;13,08;345,33;346,02;345,67
Tesouro Prefixado com Juros Semestrais;01/01/2037;15/05/2026;12,99;12,96;273,20;273,74;273,47
Tesouro IPCA+;15/05/2029;15/05/2026;7,37;7,34;3389,31;3396,10;3392,70
Tesouro IPCA+;15/05/2035;15/05/2026;7,50;7,47;2191,24;2195,63;2193,44
Tesouro IPCA+;15/05/2045;15/05/2026;7,66;7,63;1036,56;1038,63;1037,60
Tesouro IPCA+ com Juros Semestrais;15/08/2032;15/05/2026;7,49;7,46;2673,50;2678,85;2676,18
Tesouro IPCA+ com Juros Semestrais;15/08/2040;15/05/2026;7,62;7,59;1478,34;1481,31;1479,83
Tesouro IPCA+ com Juros Semestrais;15/05/2055;15/05/2026;7,70;7,67;491,94;492,93;492,44
Tesouro Selic;01/03/2029;15/05/2026;0,07;0,04;15883,97;15915,80;15899,88
Tesouro Prefixado;01/01/2027;18/05/2026;13,79;13,76;920,82;922,66;921,74
Tesouro Prefixado;01/01/2029;18/05/2026;13,41;13,38;717,73;719,17;718,45
Tesouro Prefixado;01/01/2031;18/05/2026;13,26;13,23;561,72;562,84;562,28
Tesouro Prefixado com Juros Semestrais;01/01/2033;18/05/2026;13,16;13,13;440,64;441,52;441,08
Tesouro Prefixado com Juros Semestrais;01/01/2035;18/05/2026;13,12;13,09;345,47;346,16;345,81
Tesouro Prefixado com Juros Semestrais;01/01/2037;18/05/2026;13,10;13,07;270,66;271,21;270,93
Tesouro IPCA+;15/05/2029;18/05/2026;7,29;7,26;3398,38;3405,19;3401,78
Tesouro IPCA+;15/05/2035;18/05/2026;7,50;7,47;2193,38;2197,77;2195,57
Tesouro IPCA+;15/05/2045;18/05/2026;7,60;7,57;1047,75;1049,85;1048,80
Tesouro IPCA+ com Juros Semestrais;15/08/2032;18/05/2026;7,45;7,42;2680,00;2685,37;2682,69
Tesouro IPCA+ com Juros Semestrais;15/08/2040;18/05/2026;7,55;7,52;1492,89;1495,88;1494,39
Tesouro IPCA+ com Juros Semestrais;15/05/2055;18/05/2026;7,65;7,62;498,58;499,58;499,08
Tesouro Selic;01/03/2029;18/05/2026;0,06;0,03;15887,06;15918,90;15902,98
Tesouro Prefixado;01/01/2027;19/05/2026;13,90;13,87;920,60;922,45;921,53
Tesouro Prefixado;01/01/2029;19/05/2026;13,56;13,53;715,42;716,85;716,14
Tesouro Prefixado;01/01/2031;19/05/2026;13,37;13,34;559,53;560,65;560,09
Tesouro Prefixado com Juros Semestrais;01/01/2033;19/05/2026;13,28;13,25;437,72;438,60;438,16
Tesouro Prefixado com Juros Semestrais;01/01/2035;19/05/2026;13,21;13,18;343,15;343,84;343,50
Tesouro Prefixado com Juros Semestrais;01/01/2037;19/05/2026;13,15;13,12;269,50;270,04;269,77
Tesouro IPCA+;15/05/2029;19/05/2026;7,31;7,28;3397,56;3404,37;3400,97
Tesouro IPCA+;15/05/2035;19/05/2026;7,49;7,46;2196,23;2200,63;2198,43
Tesouro IPCA+;15/05/2045;19/05/2026;7,63;7,60;1042,12;1044,20;1043,16
Tesouro IPCA+ com Juros Semestrais;15/08/2032;19/05/2026;7,47;7,44;2678,42;2683,79;2681,10
Tesouro IPCA+ com Juros Semestrais;15/08/2040;19/05/2026;7,57;7,54;1489,22;1492,21;1490,71
Tesouro IPCA+ com Juros Semestrais;15/05/2055;19/05/2026;7,68;7,65;494,43;495,42;494,93
Tesouro Selic;01/03/2029;19/05/2026;0,06;0,03;15890,16;15922,00;15906,08
Tesouro Prefixado;01/01/2027;20/05/2026;13,92;13,89;920,84;922,69;921,76
Tesouro Prefixado;01/01/2029;20/05/2026;13,51;13,48;716,48;717,92;717,20
Tesouro Prefixado;01/01/2031;20/05/2026;13,40;13,37;559,12;560,24;559,68
Tesouro Prefixado com Juros Semestrais;01/01/2033;20/05/2026;13,26;13,23;438,41;439,29;438,85
Tesouro Prefixado com Juros Semestrais;01/01/2035;20/05/2026;13,21;13,18;343,33;344,02;343,67
Tesouro Prefixado com Juros Semestrais;01/01/2037;20/05/2026;13,16;13,13;269,30;269,84;269,57
Tesouro IPCA+;15/05/2029;20/05/2026;7,36;7,33;3393,18;3399,98;3396,58
Tesouro IPCA+;15/05/2035;20/05/2026;7,55;7,52;2184,68;2189,06;2186,87
Tesouro IPCA+;15/05/2045;20/05/2026;7,65;7,62;1038,76;1040,84;1039,80
Tesouro IPCA+ com Juros Semestrais;15/08/2032;20/05/2026;7,48;7,45;2677,81;2683,18;2680,49
Tesouro IPCA+ com Juros Semestrais;15/08/2040;20/05/2026;7,61;7,58;1480,15;1483,11;1481,63
Tesouro IPCA+ com Juros Semestrais;15/05/2055;20/05/2026;7,73;7,70;487,65;488,63;488,14
Tesouro Selic;01/03/2029;20/05/2026;0,06;0,03;15893,25;15925,10;15909,17
Tesouro Prefixado;01/01/2027;21/05/2026;13,95;13,92;921,02;922,87;921,95
Tesouro Prefixado;01/01/2029;21/05/2026;13,57;13,54;715,83;717,26;716,54
Tesouro Prefixado;01/01/2031;21/05/2026;13,39;13,36;559,42;560,54;559,98
Tesouro Prefixado com Juros Semestrais;01/01/2033;21/05/2026;13,32;13,29;436,97;437,85;437,41
Tesouro Prefixado com Juros Semestrais;01/01/2035;21/05/2026;13,21;13,18;343,53;344,22;343,88
Tesouro Prefixado com Juros Semestrais;01/01/2037;21/05/2026;13,12;13,09;270,30;270,84;270,57
Tesouro IPCA+;15/05/2029;21/05/2026;7,35;7,32;3395,08;3401,89;3398,49
Tesouro IPCA+;15/05/2035;21/05/2026;7,50;7,47;2194,28;2198,68;2196,48
Tesouro IPCA+;15/05/2045;21/05/2026;7,64;7,61;1041,52;1043,61;1042,56
Tesouro IPCA+ com Juros Semestrais;15/08/2032;21/05/2026;7,47;7,44;2679,71;2685,08;2682,40
Tesouro IPCA+ com Juros Semestrais;15/08/2040;21/05/2026;7,58;7,55;1486,63;1489,61;1488,12
Tesouro IPCA+ com Juros Semestrais;15/05/2055;21/05/2026;7,68;7,65;494,31;495,30;494,80
Tesouro Selic;01/03/2029;21/05/2026;0,06;0,03;15896,34;15928,20;15912,27
Tesouro Prefixado;01/01/2027;22/05/2026;13,89;13,86;921,62;923,47;922,55
Tesouro Prefixado;01/01/2029;22/05/2026;13,53;13,50;716,70;718,13;717,41
Tesouro Prefixado;01/01/2031;22/05/2026;13,30;13,27;561,76;562,89;562,32
Tesouro Prefixado com Juros Semestrais;01/01/2033;22/05/2026;13,19;13,16;440,59;441,48;441,03
Tesouro Prefixado com Juros Semestrais;01/01/2035;22/05/2026;13,13;13,10;345,71;346,40;346,05
Tesouro Prefixado com Juros Semestrais;01/01/2037;22/05/2026;13,12;13,09;270,45;270,99;270,72
Tesouro IPCA+;15/05/2029;22/05/2026;7,31;7,28;3399,75;3406,56;3403,16
Tesouro IPCA+;15/05/2035;22/05/2026;7,46;7,43;2201,43;2205,84;2203,63
Tesouro IPCA+;15/05/2045;22/05/2026;7,53;7,50;1061,52;1063,65;1062,59
Tesouro IPCA+ com Juros Semestrais;15/08/2032;22/05/2026;7,44;7,41;2684,78;2690,16;2687,47
Tesouro IPCA+ com Juros Semestrais;15/08/2040;22/05/2026;7,52;7,49;1498,47;1501,47;1499,97
Tesouro IPCA+ com Juros Semestrais;15/05/2055;22/05/2026;7,63;7,60;501,26;502,26;501,76
Tesouro Selic;01/03/2029;22/05/2026;0,07;0,04;15899,44;15931,30;15915,37
Tesouro Prefixado;01/01/2027;25/05/2026;13,94;13,91;922,36;924,21;923,29
Tesouro Prefixado;01/01/2029;25/05/2026;13,54;13,51;717,30;718,74;718,02
Tesouro Prefixado;01/01/2031;25/05/2026;13,37;13,34;560,73;561,85;561,29
Tesouro Prefixado com Juros Semestrais;01/01/2033;25/05/2026;13,25;13,22;439,36;440,24;439,80
Tesouro Prefixado com Juros Semestrais;01/01/2035;25/05/2026;13,16;13,13;345,08;345,78;345,43
Tesouro Prefixado com Juros Semestrais;01/01/2037;25/05/2026;13,09;13,06;271,42;271,97;271,69
Tesouro IPCA+;15/05/2029;25/05/2026;7,29;7,26;3402,76;3409,58;3406,17
Tesouro IPCA+;15/05/2035;25/05/2026;7,45;7,42;2205,05;2209,46;2207,26
Tesouro IPCA+;15/05/2045;25/05/2026;7,59;7,56;1051,48;1053,59;1052,54
Tesouro IPCA+ com Juros Semestrais;15/08/2032;25/05/2026;7,40;7,37;2691,73;2697,12;2694,42
Tesouro IPCA+ com Juros Semestrais;15/08/2040;25/05/2026;7,52;7,49;1499,19;1502,20;1500,69
Tesouro IPCA+ com Juros Semestrais;15/05/2055;25/05/2026;7,61;7,58;504,95;505,96;505,46
Tesouro Selic;01/03/2029;25/05/2026;0,05;0,02;15902,53;15934,40;15918,47
Tesouro Prefixado;01/01/2027;26/05/2026;13,92;13,89;922,81;924,66;923,73
Tesouro Prefixado;01/01/2029;26/05/2026;13,48;13,45;718,54;719,98;719,26
Tesouro Prefixado;01/01/2031;26/05/2026;13,30;13,27;562,41;563,54;562,97
Tesouro Prefixado com Juros Semestrais;01/01/2033;26/05/2026;13,19;13,16;441,15;442,04;441,60
Tesouro Prefixado com Juros Semestrais;01/01/2035;26/05/2026;13,13;13,10;346,08;346,78;346,43
Tesouro Prefixado com Juros Semestrais;01/01/2037;26/05/2026;13,09;13,06;271,45;271,99;271,72
Tesouro IPCA+;15/05/2029;26/05/2026;7,31;7,28;3402,24;3409,06;3405,65
Tesouro IPCA+;15/05/2035;26/05/2026;7,46;7,43;2203,81;2208,23;2206,02
Tesouro IPCA+;15/05/2045;26/05/2026;7,55;7,52;1059,06;1061,18;1060,12
Tesouro IPCA+ com Juros Semestrais;15/08/2032;26/05/2026;7,42;7,39;2689,95;2695,34;2692,65
Tesouro IPCA+ com Juros Semestrais;15/08/2040;26/05/2026;7,54;7,51;1496,01;1499,01;1497,51
Tesouro IPCA+ com Juros Semestrais;15/05/2055;26/05/2026;7,62;7,59;503,86;504,87;504,36
Tesouro Selic;01/03/2029;26/05/2026;0,07;0,04;15905,62;15937,50;15921,56
Tesouro Prefixado;01/01/2027;27/05/2026;13,85;13,82;923,48;925,33;924,40
Tesouro Prefixado;01/01/2029;27/05/2026;13,45;13,42;719,33;720,77;720,05
Tesouro Prefixado;01/01/2031;27/05/2026;13,28;13,25;563,01;564,14;563,58
Tesouro Prefixado com Juros Semestrais;01/01/2033;27/05/2026;13,12;13,09;442,96;443,84;443,40
Tesouro Prefixado com Juros Semestrais;01/01/2035;27/05/2026;13,05;13,02;348,36;349,05;348,71
Tesouro Prefixado com Juros Semestrais;01/01/2037;27/05/2026;13,00;12,97;274,05;274,60;274,32
Tesouro IPCA+;15/05/2029;27/05/2026;7,29;7,26;3404,57;3411,39;3407,98
Tesouro IPCA+;15/05/2035;27/05/2026;7,47;7,44;2203,38;2207,79;2205,58
Tesouro IPCA+;15/05/2045;27/05/2026;7,61;7,58;1047,58;1049,68;1048,63
Tesouro IPCA+ com Juros Semestrais;15/08/2032;27/05/2026;7,46;7,43;2683,97;2689,35;2686,66
Tesouro IPCA+ com Juros Semestrais;15/08/2040;27/05/2026;7,52;7,49;1501,03;1504,04;1502,54
Tesouro IPCA+ com Juros Semestrais;15/05/2055;27/05/2026;7,65;7,62;499,54;500,55;500,05
Tesouro Selic;01/03/2029;27/05/2026;0,06;0,03;15908,72;15940,60;15924,66
Tesouro Prefixado;01/01/2027;28/05/2026;13,91;13,88;923,49;925,34;924,42
Tesouro Prefixado;01/01/2029;28/05/2026;13,48;13,45;719,08;720,52;719,80
Tesouro Prefixado;01/01/2031;28/05/2026;13,28;13,25;563,19;564,32;563,76
Tesouro Prefixado com Juros Semestrais;01/01/2033;28/05/2026;13,21;13,18;440,80;441,69;441,24
Tesouro Prefixado com Juros Semestrais;01/01/2035;28/05/2026;13,13;13,10;346,48;347,17;346,83
Tesouro Prefixado com Juros Semestrais;01/01/2037;28/05/2026;13,03;13,00;273,26;273,81;273,54
Tesouro IPCA+;15/05/2029;28/05/2026;7,28;7,25;3405,81;3412,63;3409,22
Tesouro IPCA+;15/05/2035;28/05/2026;7,45;7,42;2206,72;2211,14;2208,93
Tesouro IPCA+;15/05/2045;28/05/2026;7,51;7,48;1066,29;1068,43;1067,36
Tesouro IPCA+ com Juros Semestrais;15/08/2032;28/05/2026;7,43;7,40;2689,61;2695,00;2692,31
Tesouro IPCA+ com Juros Semestrais;15/08/2040;28/05/2026;7,54;7,51;1496,92;1499,92;1498,42
Tesouro IPCA+ com Juros Semestrais;15/05/2055;28/05/2026;7,62;7,59;503,90;504,91;504,40
Tesouro Selic;01/03/2029;28/05/2026;0,06;0,03;15911,81;15943,70;15927,76
Tesouro Prefixado;01/01/2027;29/05/2026;13,85;13,82;924,13;925,98;925,06
Tesouro Prefixado;01/01/2029;29/05/2026;13,49;13,46;719,06;720,50;719,78
Tesouro Prefixado;01/01/2031;29/05/2026;13,25;13,22;564,22;565,36;564,79
Tesouro Prefixado com Juros Semestrais;01/01/2033;29/05/2026;13,12;13,09;443,37;444,26;443,82
Tesouro Prefixado com Juros Semestrais;01/01/2035;29/05/2026;13,06;13,03;348,42;349,12;348,77
Tesouro Prefixado com Juros Semestrais;01/01/2037;29/05/2026;12,99;12,96;274,31;274,86;274,58
Tesouro IPCA+;15/05/2029;29/05/2026;7,30;7,27;3404,52;3411,34;3407,93
Tesouro IPCA+;15/05/2035;29/05/2026;7,48;7,45;2202,25;2206,67;2204,46
Tesouro IPCA+;15/05/2045;29/05/2026;7,58;7,55;1054,14;1056,26;1055,20
Tesouro IPCA+ com Juros Semestrais;15/08/2032;29/05/2026;7,44;7,41;2688,75;2694,14;2691,44
Tesouro IPCA+ com Juros Semestrais;15/08/2040;29/05/2026;7,54;7,51;1497,62;1500,63;1499,13
Tesouro IPCA+ com Juros Semestrais;15/05/2055;29/05/2026;7,66;7,63;498,16;499,16;498,66
Tesouro Selic;01/03/2029;29/05/2026;0,06;0,03;15914,91;15946,80;15930,85
Tesouro Prefixado;01/01/2027;01/06/2026;13,90;13,87;924,86;926,71;925,78
Tesouro Prefixado;01/01/2029;01/06/2026;13,53;13,50;719,23;720,67;719,95
Tesouro Prefixado;01/01/2031;01/06/2026;13,37;13,34;562,02;563,14;562,58
Tesouro Prefixado com Juros Semestrais;01/01/2033;01/06/2026;13,17;13,14;442,63;443,51;443,07
Tesouro Prefixado com Juros Semestrais;01/01/2035;01/06/2026;13,15;13,12;346,42;347,11;346,76
Tesouro Prefixado com Juros Semestrais;01/01/2037;01/06/2026;13,08;13,05;272,44;272,98;272,71
Tesouro IPCA+;15/05/2029;01/06/2026;7,36;7,33;3401,34;3408,15;3404,74
Tesouro IPCA+;15/05/2035;01/06/2026;7,52;7,49;2195,03;2199,43;2197,23
Tesouro IPCA+;15/05/2045;01/06/2026;7,66;7,63;1040,60;1042,68;1041,64
Tesouro IPCA+ com Juros Semestrais;15/08/2032;01/06/2026;7,49;7,46;2681,61;2686,99;2684,30
Tesouro IPCA+ com Juros Semestrais;15/08/2040;01/06/2026;7,63;7,60;1480,24;1483,21;1481,72
Tesouro IPCA+ com Juros Semestrais;15/05/2055;01/06/2026;7,70;7,67;493,18;494,17;493,68
Tesouro Selic;01/03/2029;01/06/2026;0,07;0,04;15918,00;15949,90;15933,95
Tesouro Prefixado;01/01/2027;02/06/2026;13,91;13,88;925,16;927,02;926,09
Tesouro Prefixado;01/01/2029;02/06/2026;13,52;13,49;719,66;721,10;720,38
Tesouro Prefixado;01/01/2031;02/06/2026;13,35;13,32;562,55;563,68;563,11
Tesouro Prefixado com Juros Semestrais;01/01/2033;02/06/2026;13,20;13,17;441,79;442,67;442,23
Tesouro Prefixado com Juros Semestrais;01/01/2035;02/06/2026;13,13;13,10;347,06;347,76;347,41
Tesouro Prefixado com Juros Semestrais;01/01/2037;02/06/2026;13,10;13,07;271,86;272,40;272,13
Tesouro IPCA+;15/05/2029;02/06/2026;7,41;7,38;3396,93;3403,74;3400,33
Tesouro IPCA+;15/05/2035;02/06/2026;7,55;7,52;2190,35;2194,74;2192,54
Tesouro IPCA+;15/05/2045;02/06/2026;7,64;7,61;1044,25;1046,35;1045,30
Tesouro IPCA+ com Juros Semestrais;15/08/2032;02/06/2026;7,52;7,49;2677,70;2683,07;2680,39
Tesouro IPCA+ com Juros Semestrais;15/08/2040;02/06/2026;7,59;7,56;1489,56;1492,54;1491,05
Tesouro IPCA+ com Juros Semestrais;15/05/2055;02/06/2026;7,71;7,68;491,84;492,82;492,33
Tesouro Selic;01/03/2029;02/06/2026;0,06;0,03;15921,09;15953,00;15937,05
Tesouro Prefixado;01/01/2027;03/06/2026;13,94;13,91;925,32;927,17;926,24
Tesouro Prefixado;01/01/2029;03/06/2026;13,53;13,50;719,63;721,07;720,35
Tesouro Prefixado;01/01/2031;03/06/2026;13,37;13,34;562,37;563,49;562,93
Tesouro Prefixado com Juros Semestrais;01/01/2033;03/06/2026;13,21;13,18;441,69;442,57;442,13
Tesouro Prefixado com Juros Semestrais;01/01/2035;03/06/2026;13,13;13,10;346,92;347,62;347,27
Tesouro Prefixado com Juros Semestrais;01/01/2037;03/06/2026;13,06;13,03;272,94;273,49;273,21
Tesouro IPCA+;15/05/2029;03/06/2026;7,32;7,29;3405,86;3412,68;3409,27
Tesouro IPCA+;15/05/2035;03/06/2026;7,56;7,53;2188,36;2192,75;2190,55
Tesouro IPCA+;15/05/2045;03/06/2026;7,63;7,60;1046,74;1048,83;1047,79
Tesouro IPCA+ com Juros Semestrais;15/08/2032;03/06/2026;7,48;7,45;2685,17;2690,55;2687,86
Tesouro IPCA+ com Juros Semestrais;15/08/2040;03/06/2026;7,58;7,55;1491,73;1494,72;1493,23
Tesouro IPCA+ com Juros Semestrais;15/05/2055;03/06/2026;7,67;7,64;497,28;498,28;497,78
Tesouro Selic;01/03/2029;03/06/2026;0,07;0,04;15924,19;15956,10;15940,14
Tesouro Prefixado;01/01/2027;04/06/2026;13,85;13,82;926,07;927,93;927,00
Tesouro Prefixado;01/01/2029;04/06/2026;13,47;13,44;720,97;722,41;721,69
Tesouro Prefixado;01/01/2031;04/06/2026;13,31;13,28;564,00;565,13;564,57
Tesouro Prefixado com Juros Semestrais;01/01/2033;04/06/2026;13,20;13,17;442,29;443,18;442,73
Tesouro Prefixado com Juros Semestrais;01/01/2035;04/06/2026;13,14;13,11;346,84;347,54;347,19
Tesouro Prefixado com Juros Semestrais;01/01/2037;04/06/2026;13,05;13,02;273,34;273,88;273,61
Tesouro IPCA+;15/05/2029;04/06/2026;7,33;7,30;3405,72;3412,55;3409,14
Tesouro IPCA+;15/05/2035;04/06/2026;7,55;7,52;2190,96;2195,35;2193,16
Tesouro IPCA+;15/05/2045;04/06/2026;7,57;7,54;1056,99;1059,11;1058,05
Tesouro IPCA+ com Juros Semestrais;15/08/2032;04/06/2026;7,47;7,44;2687,30;2692,68;2689,99
Tesouro IPCA+ com Juros Semestrais;15/08/2040;04/06/2026;7,56;7,53;1494,58;1497,58;1496,08
Tesouro IPCA+ com Juros Semestrais;15/05/2055;04/06/2026;7,66;7,63;498,35;499,35;498,85
Tesouro Selic;01/03/2029;04/06/2026;0,06;0,03;15927,28;15959,20;15943,24
Tesouro Prefixado;01/01/2027;05/06/2026;13,91;13,88;926,15;928,00;927,07
Tesouro Prefixado;01/01/2029;05/06/2026;13,52;13,49;720,38;721,82;721,10
Tesouro Prefixado;01/01/2031;05/06/2026;13,32;13,29;563,90;565,03;564,47
Tesouro Prefixado com Juros Semestrais;01/01/2033;05/06/2026;13,23;13,20;441,55;442,43;441,99
Tesouro Prefixado com Juros Semestrais;01/01/2035;05/06/2026;13,15;13,12;346,66;347,36;347,01
Tesouro Prefixado com Juros Semestrais;01/01/2037;05/06/2026;13,10;13,07;272,31;272,86;272,58
Tesouro IPCA+;15/05/2029;05/06/2026;7,25;7,22;3413,76;3420,60;3417,18
Tesouro IPCA+;15/05/2035;05/06/2026;7,45;7,42;2210,31;2214,74;2212,52
Tesouro IPCA+;15/05/2045;05/06/2026;7,55;7,52;1061,15;1063,28;1062,22
Tesouro IPCA+ com Juros Semestrais;15/08/2032;05/06/2026;7,39;7,36;2699,13;2704,54;2701,83
Tesouro IPCA+ com Juros Semestrais;15/08/2040;05/06/2026;7,52;7,49;1502,93;1505,95;1504,44
Tesouro IPCA+ com Juros Semestrais;15/05/2055;05/06/2026;7,62;7,59;504,82;505,83;505,32
Tesouro Selic;01/03/2029;05/06/2026;0,05;0,02;15930,38;15962,30;15946,34
Tesouro Prefixado;01/01/2027;08/06/2026;13,89;13,86;927,22;929,08;928,15
Tesouro Prefixado;01/01/2029;08/06/2026;13,47;13,44;721,84;723,28;722,56
Tesouro Prefixado;01/01/2031;08/06/2026;13,32;13,29;564,59;565,72;565,16
Tesouro Prefixado com Juros Semestrais;01/01/2033;08/06/2026;13,21;13,18;442,64;443,53;443,08
Tesouro Prefixado com Juros Semestrais;01/01/2035;08/06/2026;13,10;13,07;348,42;349,12;348,77
Tesouro Prefixado com Juros Semestrais;01/01/2037;08/06/2026;13,08;13,05;272,93;273,48;273,21
Tesouro IPCA+;15/05/2029;08/06/2026;7,23;7,20;3418,05;3424,90;3421,47
Tesouro IPCA+;15/05/2035;08/06/2026;7,43;7,40;2216,03;2220,47;2218,25
Tesouro IPCA+;15/05/2045;08/06/2026;7,56;7,53;1060,98;1063,10;1062,04
Tesouro IPCA+ com Juros Semestrais;15/08/2032;08/06/2026;7,38;7,35;2702,49;2707,91;2705,20
Tesouro IPCA+ com Juros Semestrais;15/08/2040;08/06/2026;7,50;7,47;1507,66;1510,68;1509,17
Tesouro IPCA+ com Juros Semestrais;15/05/2055;08/06/2026;7,60;7,57;507,09;508,11;507,60
Tesouro Selic;01/03/2029;08/06/2026;0,06;0,03;15933,47;15965,40;15949,43
Tesouro Prefixado;01/01/2027;09/06/2026;13,86;13,83;927,68;929,54;928,61
Tesouro Prefixado;01/01/2029;09/06/2026;13,49;13,46;721,86;723,31;722,59
Tesouro Prefixado;01/01/2031;09/06/2026;13,35;13,32;563,92;565,05;564,49
Tesouro Prefixado com Juros Semestrais;01/01/2033;09/06/2026;13,21;13,18;442,64;443,52;443,08
Tesouro Prefixado com Juros Semestrais;01/01/2035;09/06/2026;13,16;13,13;346,87;347,56;347,22
Tesouro Prefixado com Juros Semestrais;01/01/2037;09/06/2026;13,07;13,04;273,35;273,90;273,62
Tesouro IPCA+;15/05/2029;09/06/2026;7,22;7,19;3419,55;3426,41;3422,98
Tesouro IPCA+;15/05/2035;09/06/2026;7,44;7,41;2213,49;2217,93;2215,71
Tesouro IPCA+;15/05/2045;09/06/2026;7,51;7,48;1069,24;1071,38;1070,31
Tesouro IPCA+ com Juros Semestrais;15/08/2032;09/06/2026;7,33;7,30;2711,39;2716,82;2714,11
Tesouro IPCA+ com Juros Semestrais;15/08/2040;09/06/2026;7,47;7,44;1514,87;1517,90;1516,39
Tesouro IPCA+ com Juros Semestrais;15/05/2055;09/06/2026;7,55;7,52;513,92;514,95;514,43
Tesouro Selic;01/03/2029;09/06/2026;0,07;0,04;15936,56;15968,50;15952,53
Tesouro Prefixado;01/01/2027;10/06/2026;13,92;13,89;927,73;929,59;928,66
Tesouro Prefixado;01/01/2029;10/06/2026;13,56;13,53;720,98;722,43;721,71
Tesouro Prefixado;01/01/2031;10/06/2026;13,43;13,40;562,29;563,41;562,85
Tesouro Prefixado com Juros Semestrais;01/01/2033;10/06/2026;13,30;13,27;440,66;441,54;441,10
Tesouro Prefixado com Juros Semestrais;01/01/2035;10/06/2026;13,21;13,18;345,69;346,38;346,04
Tesouro Prefixado com Juros Semestrais;01/01/2037;10/06/2026;13,19;13,16;270,51;271,05;270,78
Tesouro IPCA+;15/05/2029;10/06/2026;7,24;7,21;3418,21;3425,07;3421,64
Tesouro IPCA+;15/05/2035;10/06/2026;7,47;7,44;2208,75;2213,18;2210,96
Tesouro IPCA+;15/05/2045;10/06/2026;7,56;7,53;1061,19;1063,32;1062,25
Tesouro IPCA+ com Juros Semestrais;15/08/2032;10/06/2026;7,43;7,40;2696,52;2701,93;2699,23
Tesouro IPCA+ com Juros Semestrais;15/08/2040;10/06/2026;7,54;7,51;1500,32;1503,33;1501,82
Tesouro IPCA+ com Juros Semestrais;15/05/2055;10/06/2026;7,61;7,58;506,92;507,93;507,43
Tesouro Selic;01/03/2029;10/06/2026;0,05;0,02;15939,66;15971,60;15955,63
Tesouro Prefixado;01/01/2027;11/06/2026;13,98;13,95;927,80;929,66;928,73
Tesouro Prefixado;01/01/2029;11/06/2026;13,57;13,54;721,11;722,56;721,83
Tesouro Prefixado;01/01/2031;11/06/2026;13,43;13,40;562,53;563,66;563,10
Tesouro Prefixado com Juros Semestrais;01/01/2033;11/06/2026;13,32;13,29;440,08;440,96;440,52
Tesouro Prefixado com Juros Semestrais;01/01/2035;11/06/2026;13,23;13,20;345,34;346,03;345,69
Tesouro Prefixado com Juros Semestrais;01/01/2037;11/06/2026;13,23;13,20;269,36;269,90;269,63
Tesouro IPCA+;15/05/2029;11/06/2026;7,36;7,33;3407,56;3414,38;3410,97
Tesouro IPCA+;15/05/2035;11/06/2026;7,54;7,51;2196,96;2201,36;2199,16
Tesouro IPCA+;15/05/2045;11/06/2026;7,63;7,60;1047,21;1049,30;1048,25
Tesouro IPCA+ com Juros Semestrais;15/08/2032;11/06/2026;7,48;7,45;2688,91;2694,30;2691,61
Tesouro IPCA+ com Juros Semestrais;15/08/2040;11/06/2026;7,57;7,54;1494,48;1497,47;1495,98
Tesouro IPCA+ com Juros Semestrais;15/05/2055;11/06/2026;7,67;7,64;498,84;499,84;499,34
Tesouro Selic;01/03/2029;11/06/2026;0,06;0,03;15942,75;15974,70;15958,73
Tesouro Prefixado;01/01/2027;12/06/2026;13,94;13,91;928,29;930,15;929,22
Tesouro Prefixado;01/01/2029;12/06/2026;13,49;13,46;722,56;724,01;723,29
Tesouro Prefixado;01/01/2031;12/06/2026;13,37;13,34;564,16;565,30;564,73
Tesouro Prefixado com Juros Semestrais;01/01/2033;12/06/2026;13,25;13,22;442,05;442,94;442,50
Tesouro Prefixado com Juros Semestrais;01/01/2035;12/06/2026;13,18;13,15;346,91;347,61;347,26
Tesouro Prefixado com Juros Semestrais;01/01/2037;12/06/2026;13,11;13,08;272,72;273,27;272,99
Tesouro IPCA+;15/05/2029;12/06/2026;7,29;7,26;3414,54;3421,38;3417,96
Tesouro IPCA+;15/05/2035;12/06/2026;7,49;7,46;2206,41;2210,83;2208,62
Tesouro IPCA+;15/05/2045;12/06/2026;7,55;7,52;1063,73;1065,86;1064,80
Tesouro IPCA+ com Juros Semestrais;15/08/2032;12/06/2026;7,43;7,40;2697,16;2702,57;2699,87
Tesouro IPCA+ com Juros Semestrais;15/08/2040;12/06/2026;7,51;7,48;1508,28;1511,30;1509,79
Tesouro IPCA+ com Juros Semestrais;15/05/2055;12/06/2026;7,64;7,61;503,13;504,13;503,63
Tesouro Selic;01/03/2029;12/06/2026;0,06;0,03;15945,84;15977,80;15961,82
Tesouro Prefixado;01/01/2027;15/06/2026;13,89;13,86;929,51;931,37;930,44
Tesouro Prefixado;01/01/2029;15/06/2026;13,48;13,45;723,47;724,92;724,19
Tesouro Prefixado;01/01/2031;15/06/2026;13,32;13,29;565,95;567,08;566,51
Tesouro Prefixado com Juros Semestrais;01/01/2033;15/06/2026;13,22;13,19;443,25;444,14;443,69
Tesouro Prefixado com Juros Semestrais;01/01/2035;15/06/2026;13,10;13,07;349,22;349,92;349,57
Tesouro Prefixado com Juros Semestrais;01/01/2037;15/06/2026;13,07;13,04;273,86;274,41;274,14
Tesouro IPCA+;15/05/2029;15/06/2026;7,34;7,31;3412,45;3419,29;3415,87
Tesouro IPCA+;15/05/2035;15/06/2026;7,54;7,51;2198,70;2203,11;2200,91
Tesouro IPCA+;15/05/2045;15/06/2026;7,65;7,62;1044,34;1046,44;1045,39
Tesouro IPCA+ com Juros Semestrais;15/08/2032;15/06/2026;7,47;7,44;2692,16;2697,55;2694,85
Tesouro IPCA+ com Juros Semestrais;15/08/2040;15/06/2026;7,60;7,57;1491,25;1494,24;1492,75
Tesouro IPCA+ com Juros Semestrais;15/05/2055;15/06/2026;7,68;7,65;497,78;498,77;498,27
Tesouro Selic;01/03/2029;15/06/2026;0,06;0,03;15948,94;15980,90;15964,92
Tesouro Prefixado;01/01/2027;16/06/2026;13,87;13,84;929,96;931,82;930,89
Tesouro Prefixado;01/01/2029;16/06/2026;13,53;13,50;722,96;724,41;723,68
Tesouro Prefixado;01/01/2031;16/06/2026;13,34;13,31;565,64;566,77;566,20
Tesouro Prefixado com Juros Semestrais;01/01/2033;16/06/2026;13,20;13,17;443,93;444,82;444,38
Tesouro Prefixado com Juros Semestrais;01/01/2035;16/06/2026;13,15;13,12;348,11;348,81;348,46
Tesouro Prefixado com Juros Semestrais;01/01/2037;16/06/2026;13,07;13,04;273,91;274,46;274,19
Tesouro IPCA+;15/05/2029;16/06/2026;7,28;7,25;3418,85;3425,70;3422,28
Tesouro IPCA+;15/05/2035;16/06/2026;7,45;7,42;2214,30;2218,74;2216,52
Tesouro IPCA+;15/05/2045;16/06/2026;7,53;7,50;1066,97;1069,10;1068,04
Tesouro IPCA+ com Juros Semestrais;15/08/2032;16/06/2026;7,40;7,37;2704,41;2709,83;2707,12
Tesouro IPCA+ com Juros Semestrais;15/08/2040;16/06/2026;7,54;7,51;1503,09;1506,11;1504,60
Tesouro IPCA+ com Juros Semestrais;15/05/2055;16/06/2026;7,62;7,59;505,15;506,16;505,65
Tesouro Selic;01/03/2029;16/06/2026;0,06;0,03;15952,03;15984,00;15968,02
Tesouro Prefixado;01/01/2027;17/06/2026;14,00;13,97;929,72;931,59;930,65
Tesouro Prefixado;01/01/2029;17/06/2026;13,58;13,55;722,33;723,78;723,05
Tesouro Prefixado;01/01/2031;17/06/2026;13,44;13,41;563,43;564,56;564,00
Tesouro Prefixado com Juros Semestrais;01/01/2033;17/06/2026;13,35;13,32;440,30;441,18;440,74
Tesouro Prefixado com Juros Semestrais;01/01/2035;17/06/2026;13,28;13,25;344,90;345,59;345,25
Tesouro Prefixado com Juros Semestrais;01/01/2037;17/06/2026;13,19;13,16;271,05;271,60;271,32
Tesouro IPCA+;15/05/2029;17/06/2026;7,23;7,20;3423,42;3430,28;3426,85
Tesouro IPCA+;15/05/2035;17/06/2026;7,45;7,42;2215,30;2219,74;2217,52
Tesouro IPCA+;15/05/2045;17/06/2026;7,51;7,48;1071,93;1074,07;1073,00
Tesouro IPCA+ com Juros Semestrais;15/08/2032;17/06/2026;7,39;7,36;2706,42;2711,84;2709,13
Tesouro IPCA+ com Juros Semestrais;15/08/2040;17/06/2026;7,44;7,41;1522,15;1525,20;1523,67
Tesouro IPCA+ com Juros Semestrais;15/05/2055;17/06/2026;7,60;7,57;508,00;509,01;508,50
Tesouro Selic;01/03/2029;17/06/2026;0,06;0,03;15955,13;15987,10;15971,11
Tesouro Prefixado;01/01/2027;18/06/2026;13,92;13,89;930,40;932,26;931,33
Tesouro Prefixado;01/01/2029;18/06/2026;13,57;13,54;722,80;724,25;723,53
Tesouro Prefixado;01/01/2031;18/06/2026;13,42;13,39;564,23;565,36;564,80
Tesouro Prefixado com Juros Semestrais;01/01/2033;18/06/2026;13,28;13,25;442,36;443,25;442,80
Tesouro Prefixado com Juros Semestrais;01/01/2035;18/06/2026;13,24;13,21;345,85;346,55;346,20
Tesouro Prefixado com Juros Semestrais;01/01/2037;18/06/2026;13,16;13,13;271,91;272,45;272,18
Tesouro IPCA+;15/05/2029;18/06/2026;7,25;7,22;3422,76;3429,62;3426,19
Tesouro IPCA+;15/05/2035;18/06/2026;7,40;7,37;2224,37;2228,83;2226,60
Tesouro IPCA+;15/05/2045;18/06/2026;7,53;7,50;1068,36;1070,50;1069,43
Tesouro IPCA+ com Juros Semestrais;15/08/2032;18/06/2026;7,36;7,33;2710,39;2715,82;2713,11
Tesouro IPCA+ com Juros Semestrais;15/08/2040;18/06/2026;7,46;7,43;1518,79;1521,83;1520,31
Tesouro IPCA+ com Juros Semestrais;15/05/2055;18/06/2026;7,60;7,57;508,02;509,03;508,53
Tesouro Selic;01/03/2029;18/06/2026;0,06;0,03;15958,22;15990,20;15974,21
Tesouro Prefixado;01/01/2027;19/06/2026;13,94;13,91;930,61;932,48;931,55
Tesouro Prefixado;01/01/2029;19/06/2026;13,57;13,54;722,99;724,44;723,71
Tesouro Prefixado;01/01/2031;19/06/2026;13,42;13,39;564,27;565,40;564,83
Tesouro Prefixado com Juros Semestrais;01/01/2033;19/06/2026;13,34;13,31;440,77;441,65;441,21
Tesouro Prefixado com Juros Semestrais;01/01/2035;19/06/2026;13,22;13,19;346,48;347,17;346,83
Tesouro Prefixado com Juros Semestrais;01/01/2037;19/06/2026;13,18;13,15;271,53;272,07;271,80
Tesouro IPCA+;15/05/2029;19/06/2026;7,33;7,30;3415,80;3422,64;3419,22
Tesouro IPCA+;15/05/2035;19/06/2026;7,47;7,44;2213,15;2217,58;2215,36
Tesouro IPCA+;15/05/2045;19/06/2026;7,58;7,55;1058,34;1060,46;1059,40
Tesouro IPCA+ com Juros Semestrais;15/08/2032;19/06/2026;7,44;7,41;2699,75;2705,16;2702,45
Tesouro IPCA+ com Juros Semestrais;15/08/2040;19/06/2026;7,55;7,52;1501,88;1504,89;1503,38
Tesouro IPCA+ com Juros Semestrais;15/05/2055;19/06/2026;7,70;7,67;494,95;495,95;495,45
Tesouro Selic;01/03/2029;19/06/2026;0,06;0,03;15961,31;15993,30;15977,31
Tesouro Prefixado;01/01/2027;22/06/2026;13,91;13,88;931,78;933,64;932,71
Tesouro Prefixado;01/01/2029;22/06/2026;13,58;13,55;723,61;725,06;724,34
Tesouro Prefixado;01/01/2031;22/06/2026;13,38;13,35;565,82;566,95;566,39
Tesouro Prefixado com Juros Semestrais;01/01/2033;22/06/2026;13,30;13,27;442,36;443,25;442,80
Tesouro Prefixado com Juros Semestrais;01/01/2035;22/06/2026;13,22;13,19;346,90;347,59;347,25
Tesouro Prefixado com Juros Semestrais;01/01/2037;22/06/2026;13,16;13,13;272,13;272,68;272,41
Tesouro IPCA+;15/05/2029;22/06/2026;7,31;7,28;3420,07;3426,92;3423,49
Tesouro IPCA+;15/05/2035;22/06/2026;7,48;7,45;2212,53;2216,96;2214,75
Tesouro IPCA+;15/05/2045;22/06/2026;7,59;7,56;1057,41;1059,53;1058,47
Tesouro IPCA+ com Juros Semestrais;15/08/2032;22/06/2026;7,45;7,42;2698,69;2704,10;2701,40
Tesouro IPCA+ com Juros Semestrais;15/08/2040;22/06/2026;7,56;7,53;1501,34;1504,35;1502,84
Tesouro IPCA+ com Juros Semestrais;15/05/2055;22/06/2026;7,68;7,65;498,07;499,07;498,57
Tesouro Selic;01/03/2029;22/06/2026;0,06;0,03;15964,41;15996,40;15980,40
Tesouro Prefixado;01/01/2027;23/06/2026;13,94;13,91;931,95;933,82;932,88
Tesouro Prefixado;01/01/2029;23/06/2026;13,57;13,54;724,11;725,56;724,84
Tesouro Prefixado;01/01/2031;23/06/2026;13,39;13,36;565,80;566,93;566,36
Tesouro Prefixado com Juros Semestrais;01/01/2033;23/06/2026;13,26;13,23;443,49;444,38;443,93
Tesouro Prefixado com Juros Semestrais;01/01/2035;23/06/2026;13,24;13,21;346,53;347,23;346,88
Tesouro Prefixado com Juros Semestrais;01/01/2037;23/06/2026;13,15;13,12;272,66;273,20;272,93
Tesouro IPCA+;15/05/2029;23/06/2026;7,28;7,25;3422,97;3429,83;3426,40
Tesouro IPCA+;15/05/2035;23/06/2026;7,47;7,44;2213,65;2218,09;2215,87
Tesouro IPCA+;15/05/2045;23/06/2026;7,55;7,52;1065,18;1067,31;1066,25
Tesouro IPCA+ com Juros Semestrais;15/08/2032;23/06/2026;7,45;7,42;2700,34;2705,76;2703,05
Tesouro IPCA+ com Juros Semestrais;15/08/2040;23/06/2026;7,55;7,52;1502,52;1505,53;1504,02
Tesouro IPCA+ com Juros Semestrais;15/05/2055;23/06/2026;7,65;7,62;501,69;502,70;502,19
Tesouro Selic;01/03/2029;23/06/2026;0,06;0,03;15967,50;15999,50;15983,50
Tesouro Prefixado;01/01/2027;24/06/2026;13,98;13,95;932,14;934,01;933,08
Tesouro Prefixado;01/01/2029;24/06/2026;13,59;13,56;723,92;725,37;724,65
Tesouro Prefixado;01/01/2031;24/06/2026;13,44;13,41;564,77;565,90;565,33
Tesouro Prefixado com Juros Semestrais;01/01/2033;24/06/2026;13,33;13,30;441,96;442,84;442,40
Tesouro Prefixado com Juros Semestrais;01/01/2035;24/06/2026;13,30;13,27;345,05;345,74;345,40
Tesouro Prefixado com Juros Semestrais;01/01/2037;24/06/2026;13,25;13,22;270,23;270,77;270,50
Tesouro IPCA+;15/05/2029;24/06/2026;7,26;7,23;3425,75;3432,62;3429,18
Tesouro IPCA+;15/05/2035;24/06/2026;7,44;7,41;2220,56;2225,01;2222,79
Tesouro IPCA+;15/05/2045;24/06/2026;7,53;7,50;1068,33;1070,47;1069,40
Tesouro IPCA+ com Juros Semestrais;15/08/2032;24/06/2026;7,39;7,36;2709,77;2715,20;2712,49
Tesouro IPCA+ com Juros Semestrais;15/08/2040;24/06/2026;7,54;7,51;1505,02;1508,04;1506,53
Tesouro IPCA+ com Juros Semestrais;15/05/2055;24/06/2026;7,58;7,55;512,34;513,37;512,86
Tesouro Selic;01/03/2029;24/06/2026;0,06;0,03;15970,59;16002,60;15986,60
Tesouro Prefixado;01/01/2027;25/06/2026;13,97;13,94;932,48;934,35;933,42
Tesouro Prefixado;01/01/2029;25/06/2026;13,61;13,58;723,93;725,38;724,65
Tesouro Prefixado;01/01/2031;25/06/2026;13,48;13,45;564,11;565,24;564,68
Tesouro Prefixado com Juros Semestrais;01/01/2033;25/06/2026;13,43;13,40;439,60;440,48;440,04
Tesouro Prefixado com Juros Semestrais;01/01/2035;25/06/2026;13,33;13,30;344,30;344,99;344,64
Tesouro Prefixado com Juros Semestrais;01/01/2037;25/06/2026;13,26;13,23;269,98;270,53;270,25
Tesouro IPCA+;15/05/2029;25/06/2026;7,32;7,29;3420,88;3427,73;3424,31
Tesouro IPCA+;15/05/2035;25/06/2026;7,51;7,48;2207,62;2212,04;2209,83
Tesouro IPCA+;15/05/2045;25/06/2026;7,59;7,56;1057,31;1059,43;1058,37
Tesouro IPCA+ com Juros Semestrais;15/08/2032;25/06/2026;7,42;7,39;2705,76;2711,18;2708,47
Tesouro IPCA+ com Juros Semestrais;15/08/2040;25/06/2026;7,55;7,52;1504,10;1507,12;1505,61
Tesouro IPCA+ com Juros Semestrais;15/05/2055;25/06/2026;7,64;7,61;503,35;504,36;503,86
Tesouro Selic;01/03/2029;25/06/2026;0,06;0,03;15973,69;16005,70;15989,69
Tesouro Prefixado;01/01/2027;26/06/2026;13,99;13,96;932,73;934,60;933,67
Tesouro Prefixado;01/01/2029;26/06/2026;13,66;13,63;723,43;724,88;724,15
Tesouro Prefixado;01/01/2031;26/06/2026;13,49;13,46;564,15;565,28;564,72
Tesouro Prefixado com Juros Semestrais;01/01/2033;26/06/2026;13,41;13,38;440,07;440,96;440,52
Tesouro Prefixado com Juros Semestrais;01/01/2035;26/06/2026;13,27;13,24;346,13;346,82;346,48
Tesouro Prefixado com Juros Semestrais;01/01/2037;26/06/2026;13,22;13,19;271,13;271,67;271,40
Tesouro IPCA+;15/05/2029;26/06/2026;7,32;7,29;3421,01;3427,86;3424,44
Tesouro IPCA+;15/05/2035;26/06/2026;7,54;7,51;2202,63;2207,04;2204,83
Tesouro IPCA+;15/05/2045;26/06/2026;7,63;7,60;1050,24;1052,34;1051,29
Tesouro IPCA+ com Juros Semestrais;15/08/2032;26/06/2026;7,49;7,46;2695,75;2701,15;2698,45
Tesouro IPCA+ com Juros Semestrais;15/08/2040;26/06/2026;7,60;7,57;1494,60;1497,59;1496,10
Tesouro IPCA+ com Juros Semestrais;15/05/2055;26/06/2026;7,73;7,70;491,84;492,82;492,33
Tesouro Selic;01/03/2029;26/06/2026;0,06;0,03;15976,78;16008,80;15992,79
Tesouro Prefixado;01/01/2027;29/06/2026;13,95;13,92;933,93;935,80;934,86
Tesouro Prefixado;01/01/2029;29/06/2026;13,59;13,56;725,31;726,77;726,04
Tesouro Prefixado;01/01/2031;29/06/2026;13,42;13,39;566,30;567,43;566,86
Tesouro Prefixado com Juros Semestrais;01/01/2033;29/06/2026;13,29;13,26;443,72;444,61;444,17
Tesouro Prefixado com Juros Semestrais;01/01/2035;29/06/2026;13,20;13,17;348,21;348,91;348,56
Tesouro Prefixado com Juros Semestrais;01/01/2037;29/06/2026;13,16;13,13;272,99;273,54;273,26
Tesouro IPCA+;15/05/2029;29/06/2026;7,41;7,38;3414,88;3421,73;3418,30
Tesouro IPCA+;15/05/2035;29/06/2026;7,58;7,55;2197,62;2202,02;2199,82
Tesouro IPCA+;15/05/2045;29/06/2026;7,63;7,60;1050,82;1052,92;1051,87
Tesouro IPCA+ com Juros Semestrais;15/08/2032;29/06/2026;7,50;7,47;2695,55;2700,96;2698,25
Tesouro IPCA+ com Juros Semestrais;15/08/2040;29/06/2026;7,60;7,57;1494,73;1497,72;1496,23
Tesouro IPCA+ com Juros Semestrais;15/05/2055;29/06/2026;7,70;7,67;496,18;497,17;496,68
Tesouro Selic;01/03/2029;29/06/2026;0,06;0,03;15979,88;16011,90;15995,89
Tesouro Prefixado;01/01/2027;30/06/2026;13,97;13,94;934,16;936,04;935,10
Tesouro Prefixado;01/01/2029;30/06/2026;13,64;13,61;724,64;726,10;725,37
Tesouro Prefixado;01/01/2031;30/06/2026;13,47;13,44;565,46;566,60;566,03
Tesouro Prefixado com Juros Semestrais;01/01/2033;30/06/2026;13,34;13,31;442,53;443,42;442,98
Tesouro Prefixado com Juros Semestrais;01/01/2035;30/06/2026;13,30;13,27;345,73;346,42;346,07
Tesouro Prefixado com Juros Semestrais;01/01/2037;30/06/2026;13,25;13,22;270,71;271,26;270,98
Tesouro IPCA+;15/05/2029;30/06/2026;7,37;7,34;3419,31;3426,17;3422,74
Tesouro IPCA+;15/05/2035;30/06/2026;7,51;7,48;2209,56;2213,99;2211,78
Tesouro IPCA+;15/05/2045;30/06/2026;7,61;7,58;1056,13;1058,25;1057,19
Tesouro IPCA+ com Juros Semestrais;15/08/2032;30/06/2026;7,49;7,46;2697,86;2703,26;2700,56
Tesouro IPCA+ com Juros Semestrais;15/08/2040;30/06/2026;7,58;7,55;1498,86;1501,86;1500,36
Tesouro IPCA+ com Juros Semestrais;15/05/2055;30/06/2026;7,68;7,65;499,54;500,54;500,04
Tesouro Selic;01/03/2029;30/06/2026;0,06;0,03;15982,97;16015,00;15998,99
Tesouro Prefixado;01/01/2027;01/07/2026;13,97;13,94;934,49;936,36;935,42
Tesouro Prefixado;01/01/2029;01/07/2026;13,58;13,55;725,88;727,34;726,61
Tesouro Prefixado;01/01/2031;01/07/2026;13,49;13,46;565,01;566,14;565,58
Tesouro Prefixado com Juros Semestrais;01/01/2033;01/07/2026;13,39;13,36;441,46;442,34;441,90
Tesouro Prefixado com Juros Semestrais;01/01/2035;01/07/2026;13,31;13,28;345,56;346,25;345,91
Tesouro Prefixado com Juros Semestrais;01/01/2037;01/07/2026;13,21;13,18;271,70;272,25;271,98
Tesouro IPCA+;15/05/2029;01/07/2026;7,34;7,31;3422,61;3429,47;3426,04
Tesouro IPCA+;15/05/2035;01/07/2026;7,50;7,47;2212,95;2217,39;2215,17
Tesouro IPCA+;15/05/2045;01/07/2026;7,59;7,56;1059,27;1061,39;1060,33
Tesouro IPCA+ com Juros Semestrais;15/08/2032;01/07/2026;7,43;7,40;2706,66;2712,09;2709,37
Tesouro IPCA+ com Juros Semestrais;15/08/2040;01/07/2026;7,58;7,55;1500,03;1503,03;1501,53
Tesouro IPCA+ com Juros Semestrais;15/05/2055;01/07/2026;7,69;7,66;497,17;498,16;497,67
Tesouro Selic;01/03/2029;01/07/2026;0,06;0,03;15986,06;16018,10;16002,08
Tesouro Prefixado;01/01/2027;02/07/2026;13,96;13,93;934,89;936,76;935,83
Tesouro Prefixado;01/01/2029;02/07/2026;13,59;13,56;725,95;727,41;726,68
Tesouro Prefixado;01/01/2031;02/07/2026;13,43;13,40;566,76;567,90;567,33
Tesouro Prefixado com Juros Semestrais;01/01/2033;02/07/2026;13,35;13,32;442,56;443,45;443,01
Tesouro Prefixado com Juros Semestrais;01/01/2035;02/07/2026;13,27;13,24;346,73;347,42;347,07
Tesouro Prefixado com Juros Semestrais;01/01/2037;02/07/2026;13,24;13,21;271,08;271,63;271,36
Tesouro IPCA+;15/05/2029;02/07/2026;7,28;7,25;3429,38;3436,25;3432,81
Tesouro IPCA+;15/05/2035;02/07/2026;7,48;7,45;2215,98;2220,42;2218,20
Tesouro IPCA+;15/05/2045;02/07/2026;7,56;7,53;1065,20;1067,34;1066,27
Tesouro IPCA+ com Juros Semestrais;15/08/2032;02/07/2026;7,44;7,41;2705,67;2711,09;2708,38
Tesouro IPCA+ com Juros Semestrais;15/08/2040;02/07/2026;7,51;7,48;1514,21;1517,25;1515,73
Tesouro IPCA+ com Juros Semestrais;15/05/2055;02/07/2026;7,63;7,60;506,25;507,27;506,76
Tesouro Selic;01/03/2029;02/07/2026;0,05;0,02;15989,16;16021,20;16005,18
Tesouro Prefixado;01/01/2027;03/07/2026;13,94;13,91;935,27;937,15;936,21
Tesouro Prefixado;01/01/2029;03/07/2026;13,57;13,54;726,59;728,05;727,32
Tesouro Prefixado;01/01/2031;03/07/2026;13,36;13,33;568,44;569,58;569,01
Tesouro Prefixado com Juros Semestrais;01/01/2033;03/07/2026;13,27;13,24;444,79;445,68;445,24
Tesouro Prefixado com Juros Semestrais;01/01/2035;03/07/2026;13,24;13,21;347,68;348,38;348,03
Tesouro Prefixado com Juros Semestrais;01/01/2037;03/07/2026;13,16;13,13;273,38;273,92;273,65
Tesouro IPCA+;15/05/2029;03/07/2026;7,27;7,24;3430,50;3437,37;3433,93
Tesouro IPCA+;15/05/2035;03/07/2026;7,44;7,41;2223,89;2228,35;2226,12
Tesouro IPCA+;15/05/2045;03/07/2026;7,53;7,50;1071,94;1074,09;1073,01
Tesouro IPCA+ com Juros Semestrais;15/08/2032;03/07/2026;7,39;7,36;2714,91;2720,35;2717,63
Tesouro IPCA+ com Juros Semestrais;15/08/2040;03/07/2026;7,50;7,47;1515,19;1518,23;1516,71
Tesouro IPCA+ com Juros Semestrais;15/05/2055;03/07/2026;7,57;7,54;514,05;515,08;514,56
Tesouro Selic;01/03/2029;03/07/2026;0,05;0,02;15992,25;16024,30;16008,28
Tesouro Prefixado;01/01/2027;06/07/2026;13,99;13,96;936,11;937,98;937,05
Tesouro Prefixado;01/01/2029;06/07/2026;13,59;13,56;726,96;728,41;727,69
Tesouro Prefixado;01/01/2031;06/07/2026;13,42;13,39;567,74;568,88;568,31
Tesouro Prefixado com Juros Semestrais;01/01/2033;06/07/2026;13,32;13,29;444,05;444,94;444,50
Tesouro Prefixado com Juros Semestrais;01/01/2035;06/07/2026;13,23;13,20;348,24;348,94;348,59
Tesouro Prefixado com Juros Semestrais;01/01/2037;06/07/2026;13,21;13,18;272,20;272,75;272,47
Tesouro IPCA+;15/05/2029;06/07/2026;7,26;7,23;3433,34;3440,22;3436,78
Tesouro IPCA+;15/05/2035;06/07/2026;7,47;7,44;2219,27;2223,71;2221,49
Tesouro IPCA+;15/05/2045;06/07/2026;7,55;7,52;1068,58;1070,73;1069,66
Tesouro IPCA+ com Juros Semestrais;15/08/2032;06/07/2026;7,38;7,35;2717,65;2723,09;2720,37
Tesouro IPCA+ com Juros Semestrais;15/08/2040;06/07/2026;7,55;7,52;1507,32;1510,34;1508,83
Tesouro IPCA+ com Juros Semestrais;15/05/2055;06/07/2026;7,57;7,54;514,19;515,22;514,70
Tesouro Selic;01/03/2029;06/07/2026;0,06;0,03;15995,35;16027,40;16011,37
Tesouro Prefixado;01/01/2027;07/07/2026;13,94;13,91;936,64;938,52;937,58
Tesouro Prefixado;01/01/2029;07/07/2026;13,58;13,55;727,45;728,91;728,18
Tesouro Prefixado;01/01/2031;07/07/2026;13,45;13,42;567,21;568,34;567,78
Tesouro Prefixado com Juros Semestrais;01/01/2033;07/07/2026;13,30;13,27;444,69;445,58;445,13
Tesouro Prefixado com Juros Semestrais;01/01/2035;07/07/2026;13,24;13,21;348,26;348,96;348,61
Tesouro Prefixado com Juros Semestrais;01/01/2037;07/07/2026;13,18;13,15;273,12;273,67;273,40
Tesouro IPCA+;15/05/2029;07/07/2026;7,18;7,15;3441,57;3448,46;3445,01
Tesouro IPCA+;15/05/2035;07/07/2026;7,41;7,38;2231,26;2235,73;2233,49
Tesouro IPCA+;15/05/2045;07/07/2026;7,49;7,46;1079,70;1081,86;1080,78
Tesouro IPCA+ com Juros Semestrais;15/08/2032;07/07/2026;7,36;7,33;2720,35;2725,80;2723,07
Tesouro IPCA+ com Juros Semestrais;15/08/2040;07/07/2026;7,48;7,45;1521,55;1524,60;1523,07
Tesouro IPCA+ com Juros Semestrais;15/05/2055;07/07/2026;7,60;7,57;511,14;512,16;511,65
Tesouro Selic;01/03/2029;07/07/2026;0,06;0,03;15998,44;16030,50;16014,47
Tesouro Prefixado;01/01/2027;08/07/2026;13,97;13,94;936,85;938,73;937,79
Tesouro Prefixado;01/01/2029;08/07/2026;13,53;13,50;728,41;729,87;729,14
Tesouro Prefixado;01/01/2031;08/07/2026;13,38;13,35;568,87;570,01;569,44
Tesouro Prefixado com Juros Semestrais;01/01/2033;08/07/2026;13,32;13,29;444,37;445,26;444,82
Tesouro Prefixado com Juros Semestrais;01/01/2035;08/07/2026;13,24;13,21;348,37;349,06;348,71
Tesouro Prefixado com Juros Semestrais;01/01/2037;08/07/2026;13,14;13,11;274,26;274,81;274,53
Tesouro IPCA+;15/05/2029;08/07/2026;7,22;7,19;3438,00;3444,89;3441,44
Tesouro IPCA+;15/05/2035;08/07/2026;7,41;7,38;2231,09;2235,56;2233,32
Tesouro IPCA+;15/05/2045;08/07/2026;7,56;7,53;1066,01;1068,14;1067,08
Tesouro IPCA+ com Juros Semestrais;15/08/2032;08/07/2026;7,36;7,33;2720,85;2726,30;2723,58
Tesouro IPCA+ com Juros Semestrais;15/08/2040;08/07/2026;7,48;7,45;1521,46;1524,51;1522,99
Tesouro IPCA+ com Juros Semestrais;15/05/2055;08/07/2026;7,57;7,54;515,01;516,04;515,52
Tesouro Selic;01/03/2029;08/07/2026;0,06;0,03;16001,53;16033,60;16017,57
Tesouro Prefixado;01/01/2027;09/07/2026;14,01;13,98;937,03;938,91;937,97
Tesouro Prefixado;01/01/2029;09/07/2026;13,62;13,59;727,33;728,79;728,06
Tesouro Prefixado;01/01/2031;09/07/2026;13,46;13,43;567,41;568,55;567,98
Tesouro Prefixado com Juros Semestrais;01/01/2033;09/07/2026;13,35;13,32;443,78;444,67;444,23
Tesouro Prefixado com Juros Semestrais;01/01/2035;09/07/2026;13,29;13,26;347,02;347,71;347,37
Tesouro Prefixado com Juros Semestrais;01/01/2037;09/07/2026;13,22;13,19;272,39;272,94;272,66
Tesouro IPCA+;15/05/2029;09/07/2026;7,20;7,17;3440,58;3447,48;3444,03
Tesouro IPCA+;15/05/2035;09/07/2026;7,36;7,33;2241,34;2245,83;2243,59
Tesouro IPCA+;15/05/2045;09/07/2026;7,48;7,45;1081,74;1083,91;1082,83
Tesouro IPCA+ com Juros Semestrais;15/08/2032;09/07/2026;7,31;7,28;2729,26;2734,73;2731,99
Tesouro IPCA+ com Juros Semestrais;15/08/2040;09/07/2026;7,41;7,38;1535,18;1538,25;1536,72
Tesouro IPCA+ com Juros Semestrais;15/05/2055;09/07/2026;7,60;7,57;511,16;512,19;511,68
Tesouro Selic;01/03/2029;09/07/2026;0,05;0,02;16004,63;16036,70;16020,66
Tesouro Prefixado;01/01/2027;10/07/2026;14,01;13,98;937,34;939,22;938,28
Tesouro Prefixado;01/01/2029;10/07/2026;13,61;13,58;727,76;729,22;728,49
Tesouro Prefixado;01/01/2031;10/07/2026;13,45;13,42;567,82;568,96;568,39
Tesouro Prefixado com Juros Semestrais;01/01/2033;10/07/2026;13,37;13,34;443,34;444,23;443,78
Tesouro Prefixado com Juros Semestrais;01/01/2035;10/07/2026;13,28;13,25;347,39;348,09;347,74
Tesouro Prefixado com Juros Semestrais;01/01/2037;10/07/2026;13,19;13,16;273,18;273,72;273,45
Tesouro IPCA+;15/05/2029;10/07/2026;7,23;7,20;3438,36;3445,25;3441,80
Tesouro IPCA+;15/05/2035;10/07/2026;7,38;7,35;2237,70;2242,18;2239,94
Tesouro IPCA+;15/05/2045;10/07/2026;7,57;7,54;1065,85;1067,99;1066,92
Tesouro IPCA+ com Juros Semestrais;15/08/2032;10/07/2026;7,35;7,32;2723,63;2729,09;2726,36
Tesouro IPCA+ com Juros Semestrais;15/08/2040;10/07/2026;7,49;7,46;1520,10;1523,15;1521,62
Tesouro IPCA+ com Juros Semestrais;15/05/2055;10/07/2026;7,52;7,49;521,33;522,37;521,85
Tesouro Selic;01/03/2029;10/07/2026;0,07;0,04;16007,72;16039,80;16023,76
Tesouro Prefixado;01/01/2027;13/07/2026;14,04;14,01;938,25;940,13;939,19
Tesouro Prefixado;01/01/2029;13/07/2026;13,64;13,61;727,97;729,42;728,70
Tesouro Prefixado;01/01/2031;13/07/2026;13,45;13,42;568,35;569,49;568,92
Tesouro Prefixado com Juros Semestrais;01/01/2033;13/07/2026;13,35;13,32;444,25;445,14;444,70
Tesouro Prefixado com Juros Semestrais;01/01/2035;13/07/2026;13,24;13,21;348,98;349,68;349,33
Tesouro Prefixado com Juros Semestrais;01/01/2037;13/07/2026;13,19;13,16;273,46;274,01;273,73
Tesouro IPCA+;15/05/2029;13/07/2026;7,16;7,13;3447,30;3454,21;3450,76
Tesouro IPCA+;15/05/2035;13/07/2026;7,38;7,35;2239,22;2243,70;2241,46
Tesouro IPCA+;15/05/2045;13/07/2026;7,52;7,49;1075,92;1078,07;1076,99
Tesouro IPCA+ com Juros Semestrais;15/08/2032;13/07/2026;7,31;7,28;2732,51;2737,99;2735,25
Tesouro IPCA+ com Juros Semestrais;15/08/2040;13/07/2026;7,44;7,41;1530,15;1533,22;1531,68
Tesouro IPCA+ com Juros Semestrais;15/05/2055;13/07/2026;7,49;7,46;525,90;526,96;526,43
Tesouro Selic;01/03/2029;13/07/2026;0,06;0,03;16010,81;16042,90;16026,86
Tesouro Prefixado;01/01/2027;14/07/2026;14,03;14,00;938,60;940,48;939,54
Tesouro Prefixado;01/01/2029;14/07/2026;13,62;13,59;728,57;730,03;729,30
Tesouro Prefixado;01/01/2031;14/07/2026;13,46;13,43;568,33;569,47;568,90
Tesouro Prefixado com Juros Semestrais;01/01/2033;14/07/2026;13,34;13,31;444,67;445,56;445,11
Tesouro Prefixado com Juros Semestrais;01/01/2035;14/07/2026;13,27;13,24;348,24;348,94;348,59
Tesouro Prefixado com Juros Semestrais;01/01/2037;14/07/2026;13,22;13,19;272,87;273,41;273,14
Tesouro IPCA+;15/05/2029;14/07/2026;7,16;7,13;3447,90;3454,81;3451,35
Tesouro IPCA+;15/05/2035;14/07/2026;7,37;7,34;2241,86;2246,36;2244,11
Tesouro IPCA+;15/05/2045;14/07/2026;7,44;7,41;1089,83;1092,02;1090,92
Tesouro IPCA+ com Juros Semestrais;15/08/2032;14/07/2026;7,32;7,29;2730,80;2736,27;2733,53
Tesouro IPCA+ com Juros Semestrais;15/08/2040;14/07/2026;7,40;7,37;1539,58;1542,67;1541,13
Tesouro IPCA+ com Juros Semestrais;15/05/2055;14/07/2026;7,50;7,47;524,81;525,86;525,33
Tesouro Selic;01/03/2029;14/07/2026;0,06;0,03;16013,91;16046,00;16029,95
Tesouro Prefixado;01/01/2027;15/07/2026;13,99;13,96;939,13;941,01;940,07
Tesouro Prefixado;01/01/2029;15/07/2026;13,58;13,55;729,50;730,97;730,24
Tesouro Prefixado;01/01/2031;15/07/2026;13,38;13,35;570,31;571,45;570,88
Tesouro Prefixado com Juros Semestrais;01/01/2033;15/07/2026;13,31;13,28;445,48;446,38;445,93
Tesouro Prefixado com Juros Semestrais;01/01/2035;15/07/2026;13,22;13,19;349,60;350,30;349,95
Tesouro Prefixado com Juros Semestrais;01/01/2037;15/07/2026;13,14;13,11;274,81;275,37;275,09
Tesouro IPCA+;15/05/2029;15/07/2026;7,16;7,13;3448,51;3455,42;3451,97
Tesouro IPCA+;15/05/2035;15/07/2026;7,33;7,30;2249,98;2254,49;2252,23
Tesouro IPCA+;15/05/2045;15/07/2026;7,43;7,40;1093,27;1095,46;1094,37
Tesouro IPCA+ com Juros Semestrais;15/08/2032;15/07/2026;7,32;7,29;2731,43;2736,90;2734,16
Tesouro IPCA+ com Juros Semestrais;15/08/2040;15/07/2026;7,42;7,39;1536,07;1539,15;1537,61
Tesouro IPCA+ com Juros Semestrais;15/05/2055;15/07/2026;7,50;7,47;524,72;525,78;525,25
Tesouro Selic;01/03/2029;15/07/2026;0,06;0,03;16017,00;16049,10;16033,05
Tesouro Prefixado;01/01/2027;16/07/2026;13,94;13,91;939,64;941,53;940,59
Tesouro Prefixado;01/01/2029;16/07/2026;13,62;13,59;729,02;730,49;729,75
Tesouro Prefixado;01/01/2031;16/07/2026;13,39;13,36;570,25;571,39;570,82
Tesouro Prefixado com Juros Semestrais;01/01/2033;16/07/2026;13,32;13,29;445,43;446,32;445,87
Tesouro Prefixado com Juros Semestrais;01/01/2035;16/07/2026;13,28;13,25;348,13;348,83;348,48
Tesouro Prefixado com Juros Semestrais;01/01/2037;16/07/2026;13,23;13,20;272,68;273,23;272,96
Tesouro IPCA+;15/05/2029;16/07/2026;7,20;7,17;3445,08;3451,99;3448,53
Tesouro IPCA+;15/05/2035;16/07/2026;7,34;7,31;2248,03;2252,54;2250,29
Tesouro IPCA+;15/05/2045;16/07/2026;7,48;7,45;1083,03;1085,20;1084,12
Tesouro IPCA+ com Juros Semestrais;15/08/2032;16/07/2026;7,28;7,25;2738,43;2743,91;2741,17
Tesouro IPCA+ com Juros Semestrais;15/08/2040;16/07/2026;7,44;7,41;1531,73;1534,80;1533,26
Tesouro IPCA+ com Juros Semestrais;15/05/2055;16/07/2026;7,56;7,53;517,40;518,43;517,91
Tesouro Selic;01/03/2029;16/07/2026;0,08;0,05;16020,10;16052,20;16036,15
Tesouro Prefixado;01/01/2027;17/07/2026;13,94;13,91;939,96;941,85;940,90
Tesouro Prefixado;01/01/2029;17/07/2026;13,57;13,54;730,11;731,58;730,84
Tesouro Prefixado;01/01/2031;17/07/2026;13,37;13,34;570,96;572,10;571,53
Tesouro Prefixado com Juros Semestrais;01/01/2033;17/07/2026;13,28;13,25;446,54;447,44;446,99
Tesouro Prefixado com Juros Semestrais;01/01/2035;17/07/2026;13,24;13,21;349,40;350,10;349,75
Tesouro Prefixado com Juros Semestrais;01/01/2037;17/07/2026;13,16;13,13;274,52;275,07;274,80
Tesouro IPCA+;15/05/2029;17/07/2026;7,20;7,17;3446,32;3453,22;3449,77
Tesouro IPCA+;15/05/2035;17/07/2026;7,40;7,37;2237,46;2241,94;2239,70
Tesouro IPCA+;15/05/2045;17/07/2026;7,47;7,44;1084,50;1086,67;1085,58
Tesouro IPCA+ com Juros Semestrais;15/08/2032;17/07/2026;7,31;7,28;2734,11;2739,59;2736,85
Tesouro IPCA+ com Juros Semestrais;15/08/2040;17/07/2026;7,42;7,39;1535,67;1538,74;1537,21
Tesouro IPCA+ com Juros Semestrais;15/05/2055;17/07/2026;7,51;7,48;524,13;525,18;524,65
Tesouro Selic;01/03/2029;17/07/2026;0,06;0,03;16023,19;16055,30;16039,24
Tesouro Prefixado;01/01/2027;20/07/2026;13,90;13,87;941,12;943,00;942,06
Tesouro Prefixado;01/01/2029;20/07/2026;13,52;13,49;731,71;733,18;732,45
Tesouro Prefixado;01/01/2031;20/07/2026;13,33;13,30;572,50;573,65;573,08
Tesouro Prefixado com Juros Semestrais;01/01/2033;20/07/2026;13,22;13,19;448,65;449,55;449,10
Tesouro Prefixado com Juros Semestrais;01/01/2035;20/07/2026;13,16;13,13;351,87;352,57;352,22
Tesouro Prefixado com Juros Semestrais;01/01/2037;20/07/2026;13,14;13,11;275,36;275,91;275,63
Tesouro IPCA+;15/05/2029;20/07/2026;7,19;7,16;3448,80;3455,71;3452,26
Tesouro IPCA+;15/05/2035;20/07/2026;7,35;7,32;2247,20;2251,71;2249,45
Tesouro IPCA+;15/05/2045;20/07/2026;7,46;7,43;1088,29;1090,47;1089,38
Tesouro IPCA+ com Juros Semestrais;15/08/2032;20/07/2026;7,31;7,28;2735,37;2740,85;2738,11
Tesouro IPCA+ com Juros Semestrais;15/08/2040;20/07/2026;7,43;7,40;1534,11;1537,18;1535,64
Tesouro IPCA+ com Juros Semestrais;15/05/2055;20/07/2026;7,52;7,49;523,28;524,33;523,80
Tesouro Selic;01/03/2029;20/07/2026;0,06;0,03;16026,28;16058,40;16042,34
Tesouro Prefixado;01/01/2027;21/07/2026;13,97;13,94;941,19;943,08;942,14
Tesouro Prefixado;01/01/2029;21/07/2026;13,50;13,47;732,23;733,70;732,97
Tesouro Prefixado;01/01/2031;21/07/2026;13,37;13,34;571,69;572,83;572,26
Tesouro Prefixado com Juros Semestrais;01/01/2033;21/07/2026;13,27;13,24;447,46;448,36;447,91
Tesouro Prefixado com Juros Semestrais;01/01/2035;21/07/2026;13,18;13,15;351,28;351,99;351,63
Tesouro Prefixado com Juros Semestrais;01/01/2037;21/07/2026;13,18;13,15;274,55;275,10;274,82
Tesouro IPCA+;15/05/2029;21/07/2026;7,18;7,15;3450,39;3457,30;3453,85
Tesouro IPCA+;15/05/2035;21/07/2026;7,32;7,29;2253,80;2258,32;2256,06
Tesouro IPCA+;15/05/2045;21/07/2026;7,42;7,39;1094,92;1097,12;1096,02
Tesouro IPCA+ com Juros Semestrais;15/08/2032;21/07/2026;7,26;7,23;2743,22;2748,72;2745,97
Tesouro IPCA+ com Juros Semestrais;15/08/2040;21/07/2026;7,40;7,37;1542,03;1545,12;1543,58
Tesouro IPCA+ com Juros Semestrais;15/05/2055;21/07/2026;7,49;7,46;527,77;528,83;528,30
Tesouro Selic;01/03/2029;21/07/2026;0,05;0,02;16029,38;16061,50;16045,44
Tesouro Prefixado;01/01/2027;22/07/2026;13,90;13,87;941,79;943,68;942,74
Tesouro Prefixado;01/01/2029;22/07/2026;13,50;13,47;732,50;733,97;733,23
Tesouro Prefixado;01/01/2031;22/07/2026;13,35;13,32;572,36;573,51;572,93
Tesouro Prefixado com Juros Semestrais;01/01/2033;22/07/2026;13,28;13,25;447,49;448,38;447,93
Tesouro Prefixado com Juros Semestrais;01/01/2035;22/07/2026;13,20;13,17;351,03;351,73;351,38
Tesouro Prefixado com Juros Semestrais;01/01/2037;22/07/2026;13,16;13,13;275,03;275,59;275,31
Tesouro IPCA+;15/05/2029;22/07/2026;7,23;7,20;3446,75;3453,65;3450,20
Tesouro IPCA+;15/05/2035;22/07/2026;7,39;7,36;2242,35;2246,84;2244,59
Tesouro IPCA+;15/05/2045;22/07/2026;7,51;7,48;1078,89;1081,05;1079,97
Tesouro IPCA+ com Juros Semestrais;15/08/2032;22/07/2026;7,33;7,30;2733,97;2739,44;2736,70
Tesouro IPCA+ com Juros Semestrais;15/08/2040;22/07/2026;7,44;7,41;1533,31;1536,38;1534,85
Tesouro IPCA+ com Juros Semestrais;15/05/2055;22/07/2026;7,50;7,47;525,51;526,56;526,03
Tesouro Selic;01/03/2029;22/07/2026;0,06;0,03;16032,47;16064,60;16048,54
Tesouro Prefixado;01/01/2027;23/07/2026;13,90;13,87;942,13;944,02;943,07
Tesouro Prefixado;01/01/2029;23/07/2026;13,58;13,55;731,44;732,90;732,17
Tesouro Prefixado;01/01/2031;23/07/2026;13,37;13,34;572,13;573,28;572,71
Tesouro Prefixado com Juros Semestrais;01/01/2033;23/07/2026;13,30;13,27;446,97;447,87;447,42
Tesouro Prefixado com Juros Semestrais;01/01/2035;23/07/2026;13,28;13,25;349,14;349,84;349,49
Tesouro Prefixado com Juros Semestrais;01/01/2037;23/07/2026;13,18;13,15;274,52;275,07;274,79
Tesouro IPCA+;15/05/2029;23/07/2026;7,20;7,17;3450,18;3457,09;3453,64
Tesouro IPCA+;15/05/2035;23/07/2026;7,36;7,33;2247,19;2251,70;2249,44
Tesouro IPCA+;15/05/2045;23/07/2026;7,53;7,50;1074,89;1077,04;1075,97
Tesouro IPCA+ com Juros Semestrais;15/08/2032;23/07/2026;7,32;7,29;2735,94;2741,43;2738,68
Tesouro IPCA+ com Juros Semestrais;15/08/2040;23/07/2026;7,45;7,42;1530,78;1533,85;1532,31
Tesouro IPCA+ com Juros Semestrais;15/05/2055;23/07/2026;7,57;7,54;515,75;516,79;516,27
Tesouro Selic;01/03/2029;23/07/2026;0,06;0,03;16035,56;16067,70;16051,63
Tesouro Prefixado;01/01/2027;24/07/2026;13,97;13,94;942,19;944,08;943,14
Tesouro Prefixado;01/01/2029;24/07/2026;13,67;13,64;730,32;731,78;731,05
Tesouro Prefixado;01/01/2031;24/07/2026;13,50;13,47;569,38;570,53;569,95
Tesouro Prefixado com Juros Semestrais;01/01/2033;24/07/2026;13,43;13,40;444,04;444,93;444,48
Tesouro Prefixado com Juros Semestrais;01/01/2035;24/07/2026;13,31;13,28;348,36;349,05;348,71
Tesouro Prefixado com Juros Semestrais;01/01/2037;24/07/2026;13,29;13,26;272,01;272,56;272,28
Tesouro IPCA+;15/05/2029;24/07/2026;7,26;7,23;3445,38;3452,29;3448,84
Tesouro IPCA+;15/05/2035;24/07/2026;7,45;7,42;2231,04;2235,51;2233,27
Tesouro IPCA+;15/05/2045;24/07/2026;7,51;7,48;1080,00;1082,17;1081,08
Tesouro IPCA+ com Juros Semestrais;15/08/2032;24/07/2026;7,37;7,34;2728,45;2733,92;2731,19
Tesouro IPCA+ com Juros Semestrais;15/08/2040;24/07/2026;7,52;7,49;1517,74;1520,78;1519,26
Tesouro IPCA+ com Juros Semestrais;15/05/2055;24/07/2026;7,59;7,56;513,45;514,48;513,97
Tesouro Selic;01/03/2029;24/07/2026;0,05;0,02;16038,66;16070,80;16054,73
Tesouro Prefixado;01/01/2027;27/07/2026;13,97;13,94;943,21;945,10;944,15
Tesouro Prefixado;01/01/2029;27/07/2026;13,66;13,63;731,21;732,68;731,94
Tesouro Prefixado;01/01/2031;27/07/2026;13,50;13,47;569,90;571,04;570,47
Tesouro Prefixado com Juros Semestrais;01/01/2033;27/07/2026;13,39;13,36;445,35;446,24;445,79
Tesouro Prefixado com Juros Semestrais;01/01/2035;27/07/2026;13,34;13,31;347,96;348,65;348,31
Tesouro Prefixado com Juros Semestrais;01/01/2037;27/07/2026;13,28;13,25;272,56;273,10;272,83
Tesouro IPCA+;15/05/2029;27/07/2026;7,24;7,21;3449,39;3456,30;3452,85
Tesouro IPCA+;15/05/2035;27/07/2026;7,44;7,41;2234,91;2239,39;2237,15
Tesouro IPCA+;15/05/2045;27/07/2026;7,54;7,51;1074,17;1076,32;1075,25
Tesouro IPCA+ com Juros Semestrais;15/08/2032;27/07/2026;7,40;7,37;2725,09;2730,55;2727,82
Tesouro IPCA+ com Juros Semestrais;15/08/2040;27/07/2026;7,50;7,47;1523,29;1526,34;1524,81
Tesouro IPCA+ com Juros Semestrais;15/05/2055;27/07/2026;7,61;7,58;510,72;511,74;511,23
Tesouro Selic;01/03/2029;27/07/2026;0,07;0,04;16041,75;16073,90;16057,83
Tesouro Prefixado;01/01/2027;28/07/2026;14,01;13,98;943,41;945,30;944,36
Tesouro Prefixado;01/01/2029;28/07/2026;13,65;13,62;731,59;733,05;732,32
Tesouro Prefixado;01/01/2031;28/07/2026;13,50;13,47;570,10;571,24;570,67
Tesouro Prefixado com Juros Semestrais;01/01/2033;28/07/2026;13,37;13,34;445,94;446,83;446,39
Tesouro Prefixado com Juros Semestrais;01/01/2035;28/07/2026;13,34;13,31;348,11;348,81;348,46
Tesouro Prefixado com Juros Semestrais;01/01/2037;28/07/2026;13,30;13,27;272,17;272,71;272,44
Tesouro IPCA+;15/05/2029;28/07/2026;7,26;7,23;3447,76;3454,67;3451,22
Tesouro IPCA+;15/05/2035;28/07/2026;7,43;7,40;2237,45;2241,94;2239,69
Tesouro IPCA+;15/05/2045;28/07/2026;7,53;7,50;1076,77;1078,93;1077,85
Tesouro IPCA+ com Juros Semestrais;15/08/2032;28/07/2026;7,35;7,32;2732,93;2738,41;2735,67
Tesouro IPCA+ com Juros Semestrais;15/08/2040;28/07/2026;7,48;7,45;1526,78;1529,84;1528,31
Tesouro IPCA+ com Juros Semestrais;15/05/2055;28/07/2026;7,59;7,56;513,79;514,82;514,31
Tesouro Selic;01/03/2029;28/07/2026;0,06;0,03;16044,85;16077,00;16060,92
Tesouro Prefixado;01/01/2027;29/07/2026;14,11;14,08;943,41;945,30;944,36
Tesouro Prefixado;01/01/2029;29/07/2026;13,76;13,73;730,22;731,69;730,95
Tesouro Prefixado;01/01/2031;29/07/2026;13,58;13,55;568,68;569,82;569,25
Tesouro Prefixado com Juros Semestrais;01/01/2033;29/07/2026;13,55;13,52;441,71;442,60;442,15
Tesouro Prefixado com Juros Semestrais;01/01/2035;29/07/2026;13,48;13,45;344,71;345,40;345,05
Tesouro Prefixado com Juros Semestrais;01/01/2037;29/07/2026;13,43;13,40;268,93;269,47;269,20
Tesouro IPCA+;15/05/2029;29/07/2026;7,26;7,23;3448,12;3455,03;3451,58
Tesouro IPCA+;15/05/2035;29/07/2026;7,41;7,38;2240,29;2244,78;2242,53
Tesouro IPCA+;15/05/2045;29/07/2026;7,50;7,47;1081,45;1083,62;1082,54
Tesouro IPCA+ com Juros Semestrais;15/08/2032;29/07/2026;7,37;7,34;2730,68;2736,15;2733,42
Tesouro IPCA+ com Juros Semestrais;15/08/2040;29/07/2026;7,46;7,43;1530,89;1533,96;1532,43
Tesouro IPCA+ com Juros Semestrais;15/05/2055;29/07/2026;7,61;7,58;511,38;512,41;511,89
Tesouro Selic;01/03/2029;29/07/2026;0,06;0,03;16047,94;16080,10;16064,02
Tesouro Prefixado;01/01/2027;30/07/2026;14,17;14,14;943,52;945,41;944,47
Tesouro Prefixado;01/01/2029;30/07/2026;13,84;13,81;729,25;730,71;729,98
Tesouro Prefixado;01/01/2031;30/07/2026;13,70;13,67;566,11;567,24;566,67
Tesouro Prefixado com Juros Semestrais;01/01/2033;30/07/2026;13,58;13,55;441,01;441,89;441,45
Tesouro Prefixado com Juros Semestrais;01/01/2035;30/07/2026;13,55;13,52;342,98;343,67;343,33
Tesouro Prefixado com Juros Semestrais;01/01/2037;30/07/2026;13,49;13,46;267,52;268,05;267,79
Tesouro IPCA+;15/05/2029;30/07/2026;7,23;7,20;3452,09;3459,01;3455,55
Tesouro IPCA+;15/05/2035;30/07/2026;7,39;7,36;2244,24;2248,73;2246,49
Tesouro IPCA+;15/05/2045;30/07/2026;7,50;7,47;1082,68;1084,85;1083,76
Tesouro IPCA+ com Juros Semestrais;15/08/2032;30/07/2026;7,32;7,29;2739,30;2744,79;2742,04
Tesouro IPCA+ com Juros Semestrais;15/08/2040;30/07/2026;7,45;7,42;1534,80;1537,88;1536,34
Tesouro IPCA+ com Juros Semestrais;15/05/2055;30/07/2026;7,58;7,55;515,52;516,56;516,04
Tesouro Selic;01/03/2029;30/07/2026;0,06;0,03;16051,03;16083,20;16067,12
Tesouro Prefixado;01/01/2027;31/07/2026;14,21;14,18;943,72;945,61;944,66
Tesouro Prefixado;01/01/2029;31/07/2026;13,88;13,85;728,85;730,31;729,58
Tesouro Prefixado;01/01/2031;31/07/2026;13,66;13,63;567,22;568,36;567,79
Tesouro Prefixado com Juros Semestrais;01/01/2033;31/07/2026;13,60;13,57;440,70;441,58;441,14
Tesouro Prefixado com Juros Semestrais;01/01/2035;31/07/2026;13,54;13,51;343,19;343,88;343,53
Tesouro Prefixado com Juros Semestrais;01/01/2037;31/07/2026;13,49;13,46;267,64;268,18;267,91
Tesouro IPCA+;15/05/2029;31/07/2026;7,22;7,19;3453,68;3460,60;3457,14
Tesouro IPCA+;15/05/2035;31/07/2026;7,35;7,32;2253,39;2257,91;2255,65
Tesouro IPCA+;15/05/2045;31/07/2026;7,47;7,44;1088,35;1090,53;1089,44
Tesouro IPCA+ com Juros Semestrais;15/08/2032;31/07/2026;7,34;7,31;2737,05;2742,54;2739,80
Tesouro IPCA+ com Juros Semestrais;15/08/2040;31/07/2026;7,46;7,43;1532,20;1535,27;1533,73
Tesouro IPCA+ com Juros Semestrais;15/05/2055;31/07/2026;7,51;7,48;525,22;526,27;525,75
Tesouro Selic;01/03/2029;31/07/2026;0,06;0,03;16054,13;16086,30;16070,21
Tesouro Prefixado;01/01/2027;03/08/2026;14,25;14,22;944,63;946,52;945,57
Tesouro Prefixado;01/01/2029;03/08/2026;13,92;13,89;728,98;730,44;729,71
Tesouro Prefixado;01/01/2031;03/08/2026;13,75;13,72;565,85;566,98;566,42
Tesouro Prefixado com Juros Semestrais;01/01/2033;03/08/2026;13,61;13,58;440,96;441,84;441,40
Tesouro Prefixado com Juros Semestrais;01/01/2035;03/08/2026;13,59;13,56;342,47;343,15;342,81
Tesouro Prefixado com Juros Semestrais;01/01/2037;03/08/2026;13,56;13,53;266,20;266,73;266,46
Tesouro IPCA+;15/05/2029;03/08/2026;7,18;7,15;3458,96;3465,89;3462,43
Tesouro IPCA+;15/05/2035;03/08/2026;7,40;7,37;2245,78;2250,29;2248,03
Tesouro IPCA+;15/05/2045;03/08/2026;7,45;7,42;1092,13;1094,32;1093,22
Tesouro IPCA+ com Juros Semestrais;15/08/2032;03/08/2026;7,30;7,27;2744,44;2749,94;2747,19
Tesouro IPCA+ com Juros Semestrais;15/08/2040;03/08/2026;7,44;7,41;1537,32;1540,40;1538,86
Tesouro IPCA+ com Juros Semestrais;15/05/2055;03/08/2026;7,51;7,48;526,29;527,34;526,82
Tesouro Selic;01/03/2029;03/08/2026;0,07;0,04;16057,22;16089,40;16073,31
Tesouro Prefixado;01/01/2027;04/08/2026;14,27;14,24;944,90;946,80;945,85
Tesouro Prefixado;01/01/2029;04/08/2026;13,85;13,82;730,30;731,76;731,03
Tesouro Prefixado;01/01/2031;04/08/2026;13,71;13,68;566,99;568,12;567,56
Tesouro Prefixado com Juros Semestrais;01/01/2033;04/08/2026;13,66;13,63;439,89;440,77;440,33
Tesouro Prefixado com Juros Semestrais;01/01/2035;04/08/2026;13,54;13,51;343,68;344,37;344,02
Tesouro Prefixado com Juros Semestrais;01/01/2037;04/08/2026;13,50;13,47;267,63;268,17;267,90
Tesouro IPCA+;15/05/2029;04/08/2026;7,18;7,15;3459,43;3466,36;3462,90
Tesouro IPCA+;15/05/2035;04/08/2026;7,40;7,37;2246,08;2250,58;2248,33
Tesouro IPCA+;15/05/2045;04/08/2026;7,47;7,44;1089,07;1091,25;1090,16
Tesouro IPCA+ com Juros Semestrais;15/08/2032;04/08/2026;7,31;7,28;2742,95;2748,45;2745,70
Tesouro IPCA+ com Juros Semestrais;15/08/2040;04/08/2026;7,44;7,41;1537,01;1540,09;1538,55
Tesouro IPCA+ com Juros Semestrais;15/05/2055;04/08/2026;7,54;7,51;521,96;523,01;522,48
Tesouro Selic;01/03/2029;04/08/2026;0,07;0,04;16060,32;16092,50;16076,41
Tesouro Prefixado;01/01/2027;05/08/2026;14,30;14,27;945,14;947,03;946,08
Tesouro Prefixado;01/01/2029;05/08/2026;13,84;13,81;730,69;732,15;731,42
Tesouro Prefixado;01/01/2031;05/08/2026;13,72;13,69;566,88;568,01;567,45
Tesouro Prefixado com Juros Semestrais;01/01/2033;05/08/2026;13,58;13,55;441,97;442,86;442,42
Tesouro Prefixado com Juros Semestrais;01/01/2035;05/08/2026;13,47;13,44;345,60;346,29;345,94
Tesouro Prefixado com Juros Semestrais;01/01/2037;05/08/2026;13,44;13,41;269,38;269,92;269,65
Tesouro IPCA+;15/05/2029;05/08/2026;7,14;7,11;3464,09;3471,03;3467,56
Tesouro IPCA+;15/05/2035;05/08/2026;7,32;7,29;2260,46;2264,99;2262,73
Tesouro IPCA+;15/05/2045;05/08/2026;7,42;7,39;1099,51;1101,71;1100,61
Tesouro IPCA+ com Juros Semestrais;15/08/2032;05/08/2026;7,28;7,25;2748,84;2754,35;2751,60
Tesouro IPCA+ com Juros Semestrais;15/08/2040;05/08/2026;7,40;7,37;1545,76;1548,85;1547,31
Tesouro IPCA+ com Juros Semestrais;15/05/2055;05/08/2026;7,49;7,46;528,56;529,62;529,09
Tesouro Selic;01/03/2029;05/08/2026;0,06;0,03;16063,41;16095,60;16079,50
Tesouro Prefixado;01/01/2027;06/08/2026;14,34;14,31;945,36;947,25;946,30
Tesouro Prefixado;01/01/2029;06/08/2026;13,92;13,89;729,73;731,19;730,46
Tesouro Prefixado;01/01/2031;06/08/2026;13,69;13,66;567,77;568,91;568,34
Tesouro Prefixado com Juros Semestrais;01/01/2033;06/08/2026;13,64;13,61;440,54;441,42;440,98
Tesouro Prefixado com Juros Semestrais;01/01/2035;06/08/2026;13,55;13,52;343,74;344,43;344,09
Tesouro Prefixado com Juros Semestrais;01/01/2037;06/08/2026;13,48;13,45;268,39;268,93;268,66
Tesouro IPCA+;15/05/2029;06/08/2026;7,11;7,08;3467,56;3474,51;3471,04
Tesouro IPCA+;15/05/2035;06/08/2026;7,28;7,25;2268,53;2273,07;2270,80
Tesouro IPCA+;15/05/2045;06/08/2026;7,37;7,34;1109,19;1111,41;1110,30
Tesouro IPCA+ com Juros Semestrais;15/08/2032;06/08/2026;7,24;7,21;2755,49;2761,01;2758,25
Tesouro IPCA+ com Juros Semestrais;15/08/2040;06/08/2026;7,33;7,30;1560,04;1563,17;1561,61
Tesouro IPCA+ com Juros Semestrais;15/05/2055;06/08/2026;7,43;7,40;536,80;537,87;537,34
Tesouro Selic;01/03/2029;06/08/2026;0,05;0,02;16066,50;16098,70;16082,60
Tesouro Prefixado;01/01/2027;07/08/2026;14,29;14,26;945,87;947,77;946,82
Tesouro Prefixado;01/01/2029;07/08/2026;13,89;13,86;730,49;731,95;731,22
Tesouro Prefixado;01/01/2031;07/08/2026;13,70;13,67;567,71;568,85;568,28
Tesouro Prefixado com Juros Semestrais;01/01/2033;07/08/2026;13,58;13,55;442,36;443,24;442,80
Tesouro Prefixado com Juros Semestrais;01/01/2035;07/08/2026;13,48;13,45;345,61;346,31;345,96
Tesouro Prefixado com Juros Semestrais;01/01/2037;07/08/2026;13,41;13,38;270,27;270,81;270,54
Tesouro IPCA+;15/05/2029;07/08/2026;7,13;7,10;3465,86;3472,80;3469,33
Tesouro IPCA+;15/05/2035;07/08/2026;7,29;7,26;2267,73;2272,28;2270,00
Tesouro IPCA+;15/05/2045;07/08/2026;7,39;7,36;1105,32;1107,54;1106,43
Tesouro IPCA+ com Juros Semestrais;15/08/2032;07/08/2026;7,27;7,24;2750,84;2756,36;2753,60
Tesouro IPCA+ com Juros Semestrais;15/08/2040;07/08/2026;7,32;7,29;1562,04;1565,17;1563,60
Tesouro IPCA+ com Juros Semestrais;15/05/2055;07/08/2026;7,48;7,45;530,87;531,93;531,40
Tesouro Selic;01/03/2029;07/08/2026;0,05;0,02;16069,60;16101,80;16085,70
Tesouro Prefixado;01/01/2027;10/08/2026;14,47;14,44;946,31;948,21;947,26
Tesouro Prefixado;01/01/2029;10/08/2026;14,01;13,98;729,39;730,85;730,12
Tesouro Prefixado;01/01/2031;10/08/2026;13,82;13,79;565,72;566,85;566,28
Tesouro Prefixado com Juros Semestrais;01/01/2033;10/08/2026;13,67;13,64;440,64;441,52;441,08
Tesouro Prefixado com Juros Semestrais;01/01/2035;10/08/2026;13,63;13,60;342,28;342,96;342,62
Tesouro Prefixado com Juros Semestrais;01/01/2037;10/08/2026;13,52;13,49;267,74;268,28;268,01
Tesouro IPCA+;15/05/2029;10/08/2026;7,09;7,06;3471,54;3478,50;3475,02
Tesouro IPCA+;15/05/2035;10/08/2026;7,24;7,21;2276,87;2281,44;2279,15
Tesouro IPCA+;15/05/2045;10/08/2026;7,37;7,34;1109,63;1111,85;1110,74
Tesouro IPCA+ com Juros Semestrais;15/08/2032;10/08/2026;7,22;7,19;2761,19;2766,72;2763,96
Tesouro IPCA+ com Juros Semestrais;15/08/2040;10/08/2026;7,33;7,30;1561,40;1564,53;1562,96
Tesouro IPCA+ com Juros Semestrais;15/05/2055;10/08/2026;7,45;7,42;535,41;536,49;535,95
Tesouro Selic;01/03/2029;10/08/2026;0,06;0,03;16072,69;16104,90;16088,80
Tesouro Prefixado;01/01/2027;11/08/2026;14,43;14,40;946,78;948,68;947,73
Tesouro Prefixado;01/01/2029;11/08/2026;13,97;13,94;730,38;731,84;731,11
Tesouro Prefixado;01/01/2031;11/08/2026;13,76;13,73;567,30;568,44;567,87
Tesouro Prefixado com Juros Semestrais;01/01/2033;11/08/2026;13,61;13,58;442,09;442,97;442,53
Tesouro Prefixado com Juros Semestrais;01/01/2035;11/08/2026;13,55;13,52;344,27;344,96;344,61
Tesouro Prefixado com Juros Semestrais;01/01/2037;11/08/2026;13,47;13,44;269,03;269,57;269,30
Tesouro IPCA+;15/05/2029;11/08/2026;7,05;7,02;3475,54;3482,51;3479,03
Tesouro IPCA+;15/05/2035;11/08/2026;7,23;7,20;2280,12;2284,69;2282,40
Tesouro IPCA+;15/05/2045;11/08/2026;7,34;7,31;1115,29;1117,52;1116,41
Tesouro IPCA+ com Juros Semestrais;15/08/2032;11/08/2026;7,17;7,14;2769,33;2774,88;2772,11
Tesouro IPCA+ com Juros Semestrais;15/08/2040;11/08/2026;7,32;7,29;1564,12;1567,26;1565,69
Tesouro IPCA+ com Juros Semestrais;15/05/2055;11/08/2026;7,40;7,37;542,23;543,32;542,78
Tesouro Selic;01/03/2029;11/08/2026;0,06;0,03;16075,78;16108,00;16091,89
Tesouro Prefixado;01/01/2027;12/08/2026;14,37;14,34;947,33;949,23;948,28
Tesouro Prefixado;01/01/2029;12/08/2026;13,96;13,93;730,79;732,25;731,52
Tesouro Prefixado;01/01/2031;12/08/2026;13,80;13,77;566,62;567,76;567,19
Tesouro Prefixado com Juros Semestrais;01/01/2033;12/08/2026;13,71;13,68;439,77;440,65;440,21
Tesouro Prefixado com Juros Semestrais;01/01/2035;12/08/2026;13,60;13,57;343,17;343,85;343,51
Tesouro Prefixado com Juros Semestrais;01/01/2037;12/08/2026;13,55;13,52;267,35;267,88;267,62
Tesouro IPCA+;15/05/2029;12/08/2026;7,02;6,99;3479,42;3486,39;3482,91
Tesouro IPCA+;15/05/2035;12/08/2026;7,21;7,18;2284,51;2289,09;2286,80
Tesouro IPCA+;15/05/2045;12/08/2026;7,32;7,29;1120,18;1122,43;1121,31
Tesouro IPCA+ com Juros Semestrais;15/08/2032;12/08/2026;7,16;7,13;2770,23;2775,78;2773,00
Tesouro IPCA+ com Juros Semestrais;15/08/2040;12/08/2026;7,25;7,22;1578,73;1581,89;1580,31
Tesouro IPCA+ com Juros Semestrais;15/05/2055;12/08/2026;7,38;7,35;545,26;546,35;545,81
Tesouro Selic;01/03/2029;12/08/2026;0,06;0,03;16078,88;16111,10;16094,99
Tesouro Prefixado;01/01/2027;13/08/2026;14,36;14,33;947,72;949,62;948,67
Tesouro Prefixado;01/01/2029;13/08/2026;13,95;13,92;731,13;732,60;731,87
Tesouro Prefixado;01/01/2031;13/08/2026;13,75;13,72;567,75;568,88;568,32
Tesouro Prefixado com Juros Semestrais;01/01/2033;13/08/2026;13,66;13,63;441,17;442,06;441,61
Tesouro Prefixado com Juros Semestrais;01/01/2035;13/08/2026;13,54;13,51;344,96;345,65;345,30
Tesouro Prefixado com Juros Semestrais;01/01/2037;13/08/2026;13,48;13,45;269,00;269,54;269,27
Tesouro IPCA+;15/05/2029;13/08/2026;7,04;7,01;3477,67;3484,64;3481,16
Tesouro IPCA+;15/05/2035;13/08/2026;7,20;7,17;2286,52;2291,10;2288,81
Tesouro IPCA+;15/05/2045;13/08/2026;7,28;7,25;1128,80;1131,06;1129,93
Tesouro IPCA+ com Juros Semestrais;15/08/2032;13/08/2026;7,17;7,14;2769,83;2775,38;2772,61
Tesouro IPCA+ com Juros Semestrais;15/08/2040;13/08/2026;7,29;7,26;1569,82;1572,97;1571,39
Tesouro IPCA+ com Juros Semestrais;15/05/2055;13/08/2026;7,40;7,37;543,01;544,10;543,56
Tesouro Selic;01/03/2029;13/08/2026;0,06;0,03;16081,97;16114,20;16098,09
Tesouro Prefixado;01/01/2027;14/08/2026;14,31;14,28;948,22;950,12;949,17
Tesouro Prefixado;01/01/2029;14/08/2026;13,87;13,84;732,68;734,15;733,41
Tesouro Prefixado;01/01/2031;14/08/2026;13,69;13,66;569,37;570,51;569,94
Tesouro Prefixado com Juros Semestrais;01/01/2033;14/08/2026;13,56;13,53;443,91;444,80;444,35
Tesouro Prefixado com Juros Semestrais;01/01/2035;14/08/2026;13,48;13,45;346,45;347,14;346,80
Tesouro Prefixado com Juros Semestrais;01/01/2037;14/08/2026;13,42;13,39;270,67;271,21;270,94
Tesouro IPCA+;15/05/2029;14/08/2026;7,09;7,06;3474,21;3481,18;3477,69
Tesouro IPCA+;15/05/2035;14/08/2026;7,29;7,26;2269,96;2274,51;2272,23
Tesouro IPCA+;15/05/2045;14/08/2026;7,37;7,34;1110,42;1112,65;1111,53
Tesouro IPCA+ com Juros Semestrais;15/08/2032;14/08/2026;7,18;7,15;2768,97;2774,52;2771,74
Tesouro IPCA+ com Juros Semestrais;15/08/2040;14/08/2026;7,28;7,25;1571,88;1575,03;1573,45
Tesouro IPCA+ com Juros Semestrais;15/05/2055;14/08/2026;7,43;7,40;538,40;539,48;538,94
Tesouro Selic;01/03/2029;14/08/2026;0,06;0,03;16085,07;16117,30;16101,18
Tesouro Prefixado;01/01/2027;17/08/2026;14,27;14,24;949,38;951,28;950,33
Tesouro Prefixado;01/01/2029;17/08/2026;13,84;13,81;733,83;735,30;734,57
Tesouro Prefixado;01/01/2031;17/08/2026;13,60;13,57;571,84;572,99;572,41
Tesouro Prefixado com Juros Semestrais;01/01/2033;17/08/2026;13,49;13,46;446,12;447,01;446,56
Tesouro Prefixado com Juros Semestrais;01/01/2035;17/08/2026;13,44;13,41;347,82;348,51;348,17
Tesouro Prefixado com Juros Semestrais;01/01/2037;17/08/2026;13,38;13,35;271,89;272,43;272,16
Tesouro IPCA+;15/05/2029;17/08/2026;7,13;7,10;3472,66;3479,62;3476,14
Tesouro IPCA+;15/05/2035;17/08/2026;7,27;7,24;2274,61;2279,17;2276,89
Tesouro IPCA+;15/05/2045;17/08/2026;7,40;7,37;1105,23;1107,44;1106,33
Tesouro IPCA+ com Juros Semestrais;15/08/2032;17/08/2026;7,23;7,20;2762,38;2767,91;2765,15
Tesouro IPCA+ com Juros Semestrais;15/08/2040;17/08/2026;7,33;7,30;1562,69;1565,82;1564,26
Tesouro IPCA+ com Juros Semestrais;15/05/2055;17/08/2026;7,45;7,42;536,30;537,37;536,83
Tesouro Selic;01/03/2029;17/08/2026;0,07;0,04;16088,16;16120,40;16104,28
Tesouro Prefixado;01/01/2027;18/08/2026;14,25;14,22;949,78;951,69;950,73
Tesouro Prefixado;01/01/2029;18/08/2026;13,81;13,78;734,65;736,12;735,38
Tesouro Prefixado;01/01/2031;18/08/2026;13,62;13,59;571,59;572,74;572,16
Tesouro Prefixado com Juros Semestrais;01/01/2033;18/08/2026;13,54;13,51;445,11;446,01;445,56
Tesouro Prefixado com Juros Semestrais;01/01/2035;18/08/2026;13,46;13,43;347,44;348,14;347,79
Tesouro Prefixado com Juros Semestrais;01/01/2037;18/08/2026;13,37;13,34;272,37;272,92;272,64
Tesouro IPCA+;15/05/2029;18/08/2026;7,10;7,07;3476,10;3483,06;3479,58
Tesouro IPCA+;15/05/2035;18/08/2026;7,29;7,26;2271,57;2276,13;2273,85
Tesouro IPCA+;15/05/2045;18/08/2026;7,39;7,36;1106,85;1109,07;1107,96
Tesouro IPCA+ com Juros Semestrais;15/08/2032;18/08/2026;7,22;7,19;2764,31;2769,85;2767,08
Tesouro IPCA+ com Juros Semestrais;15/08/2040;18/08/2026;7,35;7,32;1560,74;1563,87;1562,31
Tesouro IPCA+ com Juros Semestrais;15/05/2055;18/08/2026;7,45;7,42;535,73;536,80;536,26
Tesouro Selic;01/03/2029;18/08/2026;0,06;0,03;16091,25;16123,50;16107,38
Tesouro Prefixado;01/01/2027;19/08/2026;14,20;14,17;950,30;952,20;951,25
Tesouro Prefixado;01/01/2029;19/08/2026;13,80;13,77;734,96;736,43;735,70
Tesouro Prefixado;01/01/2031;19/08/2026;13,62;13,59;571,91;573,06;572,48
Tesouro Prefixado com Juros Semestrais;01/01/2033;19/08/2026;13,54;13,51;445,26;446,15;445,71
Tesouro Prefixado com Juros Semestrais;01/01/2035;19/08/2026;13,46;13,43;347,48;348,17;347,82
Tesouro Prefixado com Juros Semestrais;01/01/2037;19/08/2026;13,40;13,37;271,67;272,21;271,94
Tesouro IPCA+;15/05/2029;19/08/2026;7,02;6,99;3483,44;3490,43;3486,94
Tesouro IPCA+;15/05/2035;19/08/2026;7,22;7,19;2285,18;2289,76;2287,47
Tesouro IPCA+;15/05/2045;19/08/2026;7,37;7,34;1111,67;1113,90;1112,79
Tesouro IPCA+ com Juros Semestrais;15/08/2032;19/08/2026;7,14;7,11;2778,03;2783,60;2780,82
Tesouro IPCA+ com Juros Semestrais;15/08/2040;19/08/2026;7,27;7,24;1575,98;1579,14;1577,56
Tesouro IPCA+ com Juros Semestrais;15/05/2055;19/08/2026;7,42;7,39;539,77;540,85;540,31
Tesouro Selic;01/03/2029;19/08/2026;0,06;0,03;16094,35;16126,60;16110,47
Tesouro Prefixado;01/01/2027;20/08/2026;14,15;14,12;950,80;952,70;951,75
Tesouro Prefixado;01/01/2029;20/08/2026;13,75;13,72;736,06;737,53;736,80
Tesouro Prefixado;01/01/2031;20/08/2026;13,57;13,54;573,11;574,26;573,69
Tesouro Prefixado com Juros Semestrais;01/01/2033;20/08/2026;13,48;13,45;446,78;447,67;447,22
Tesouro Prefixado com Juros Semestrais;01/01/2035;20/08/2026;13,39;13,36;349,53;350,23;349,88
Tesouro Prefixado com Juros Semestrais;01/01/2037;20/08/2026;13,37;13,34;272,38;272,93;272,66
Tesouro IPCA+;15/05/2029;20/08/2026;7,08;7,05;3478,96;3485,93;3482,45
Tesouro IPCA+;15/05/2035;20/08/2026;7,26;7,23;2278,14;2282,71;2280,42
Tesouro IPCA+;15/05/2045;20/08/2026;7,39;7,36;1108,46;1110,68;1109,57
Tesouro IPCA+ com Juros Semestrais;15/08/2032;20/08/2026;7,20;7,17;2769,37;2774,92;2772,15
Tesouro IPCA+ com Juros Semestrais;15/08/2040;20/08/2026;7,34;7,31;1561,79;1564,92;1563,35
Tesouro IPCA+ com Juros Semestrais;15/05/2055;20/08/2026;7,45;7,42;536,01;537,09;536,55
Tesouro Selic;01/03/2029;20/08/2026;0,06;0,03;16097,44;16129,70;16113,57
Tesouro Prefixado;01/01/2027;21/08/2026;14,18;14,15;951,03;952,94;951,99
Tesouro Prefixado;01/01/2029;21/08/2026;13,76;13,73;736,12;737,60;736,86
Tesouro Prefixado;01/01/2031;21/08/2026;13,57;13,54;573,49;574,64;574,07
Tesouro Prefixado com Juros Semestrais;01/01/2033;21/08/2026;13,45;13,42;447,66;448,55;448,11
Tesouro Prefixado com Juros Semestrais;01/01/2035;21/08/2026;13,39;13,36;349,65;350,35;350,00
Tesouro Prefixado com Juros Semestrais;01/01/2037;21/08/2026;13,32;13,29;273,80;274,35;274,08
Tesouro IPCA+;15/05/2029;21/08/2026;7,14;7,11;3473,94;3480,91;3477,42
Tesouro IPCA+;15/05/2035;21/08/2026;7,31;7,28;2269,38;2273,92;2271,65
Tesouro IPCA+;15/05/2045;21/08/2026;7,42;7,39;1102,54;1104,75;1103,64
Tesouro IPCA+ com Juros Semestrais;15/08/2032;21/08/2026;7,25;7,22;2762,34;2767,88;2765,11
Tesouro IPCA+ com Juros Semestrais;15/08/2040;21/08/2026;7,35;7,32;1560,39;1563,52;1561,96
Tesouro IPCA+ com Juros Semestrais;15/05/2055;21/08/2026;7,51;7,48;528,04;529,10;528,57
Tesouro Selic;01/03/2029;21/08/2026;0,06;0,03;16100,53;16132,80;16116,67
Tesouro Prefixado;01/01/2027;24/08/2026;14,17;14,14;952,11;954,02;953,07
Tesouro Prefixado;01/01/2029;24/08/2026;13,76;13,73;736,89;738,37;737,63
Tesouro Prefixado;01/01/2031;24/08/2026;13,54;13,51;574,56;575,71;575,13
Tesouro Prefixado com Juros Semestrais;01/01/2033;24/08/2026;13,50;13,47;446,88;447,78;447,33
Tesouro Prefixado com Juros Semestrais;01/01/2035;24/08/2026;13,38;13,35;350,14;350,84;350,49
Tesouro Prefixado com Juros Semestrais;01/01/2037;24/08/2026;13,32;13,29;274,16;274,71;274,44
Tesouro IPCA+;15/05/2029;24/08/2026;7,03;7,00;3485,63;3492,62;3489,12
Tesouro IPCA+;15/05/2035;24/08/2026;7,24;7,21;2283,84;2288,42;2286,13
Tesouro IPCA+;15/05/2045;24/08/2026;7,35;7,32;1117,13;1119,37;1118,25
Tesouro IPCA+ com Juros Semestrais;15/08/2032;24/08/2026;7,16;7,13;2776,72;2782,28;2779,50
Tesouro IPCA+ com Juros Semestrais;15/08/2040;24/08/2026;7,28;7,25;1575,73;1578,89;1577,31
Tesouro IPCA+ com Juros Semestrais;15/05/2055;24/08/2026;7,37;7,34;547,75;548,85;548,30
Tesouro Selic;01/03/2029;24/08/2026;0,06;0,03;16103,63;16135,90;16119,76
Tesouro Prefixado;01/01/2027;25/08/2026;14,16;14,13;952,47;954,38;953,42
Tesouro Prefixado;01/01/2029;25/08/2026;13,73;13,70;737,59;739,07;738,33
Tesouro Prefixado;01/01/2031;25/08/2026;13,57;13,54;574,29;575,44;574,86
Tesouro Prefixado com Juros Semestrais;01/01/2033;25/08/2026;13,45;13,42;448,33;449,23;448,78
Tesouro Prefixado com Juros Semestrais;01/01/2035;25/08/2026;13,33;13,30;351,60;352,30;351,95
Tesouro Prefixado com Juros Semestrais;01/01/2037;25/08/2026;13,29;13,26;274,95;275,50;275,22
Tesouro IPCA+;15/05/2029;25/08/2026;7,05;7,02;3485,14;3492,12;3488,63
Tesouro IPCA+;15/05/2035;25/08/2026;7,21;7,18;2290,42;2295,01;2292,72
Tesouro IPCA+;15/05/2045;25/08/2026;7,29;7,26;1128,77;1131,03;1129,90
Tesouro IPCA+ com Juros Semestrais;15/08/2032;25/08/2026;7,14;7,11;2780,57;2786,15;2783,36
Tesouro IPCA+ com Juros Semestrais;15/08/2040;25/08/2026;7,27;7,24;1577,39;1580,55;1578,97
Tesouro IPCA+ com Juros Semestrais;15/05/2055;25/08/2026;7,38;7,35;546,38;547,48;546,93
Tesouro Selic;01/03/2029;25/08/2026;0,06;0,03;16106,72;16139,00;16122,86
Tesouro Prefixado;01/01/2027;26/08/2026;14,18;14,15;952,78;954,69;953,74
Tesouro Prefixado;01/01/2029;26/08/2026;13,75;13,72;737,57;739,05;738,31
Tesouro Prefixado;01/01/2031;26/08/2026;13,56;13,53;574,67;575,82;575,24
Tesouro Prefixado com Juros Semestrais;01/01/2033;26/08/2026;13,45;13,42;448,46;449,36;448,91
Tesouro Prefixado com Juros Semestrais;01/01/2035;26/08/2026;13,36;13,33;351,13;351,83;351,48
Tesouro Prefixado com Juros Semestrais;01/01/2037;26/08/2026;13,29;13,26;274,89;275,44;275,17
Tesouro IPCA+;15/05/2029;26/08/2026;7,01;6,98;3489,13;3496,13;3492,63
Tesouro IPCA+;15/05/2035;26/08/2026;7,25;7,22;2283,34;2287,92;2285,63
Tesouro IPCA+;15/05/2045;26/08/2026;7,31;7,28;1125,12;1127,37;1126,24
Tesouro IPCA+ com Juros Semestrais;15/08/2032;26/08/2026;7,13;7,10;2782,16;2787,73;2784,95
Tesouro IPCA+ com Juros Semestrais;15/08/2040;26/08/2026;7,30;7,27;1572,47;1575,62;1574,04
Tesouro IPCA+ com Juros Semestrais;15/05/2055;26/08/2026;7,40;7,37;544,06;545,15;544,61
Tesouro Selic;01/03/2029;26/08/2026;0,06;0,03;16109,82;16142,10;16125,96
Tesouro Prefixado;01/01/2027;27/08/2026;14,27;14,24;952,86;954,77;953,82
Tesouro Prefixado;01/01/2029;27/08/2026;13,86;13,83;736,19;737,66;736,92
Tesouro Prefixado;01/01/2031;27/08/2026;13,61;13,58;573,79;574,94;574,36
Tesouro Prefixado com Juros Semestrais;01/01/2033;27/08/2026;13,53;13,50;446,74;447,63;447,19
Tesouro Prefixado com Juros Semestrais;01/01/2035;27/08/2026;13,42;13,39;349,59;350,29;349,94
Tesouro Prefixado com Juros Semestrais;01/01/2037;27/08/2026;13,33;13,30;273,98;274,53;274,26
Tesouro IPCA+;15/05/2029;27/08/2026;7,08;7,05;3483,55;3490,53;3487,04
Tesouro IPCA+;15/05/2035;27/08/2026;7,23;7,20;2286,39;2290,97;2288,68
Tesouro IPCA+;15/05/2045;27/08/2026;7,35;7,32;1117,74;1119,98;1118,86
Tesouro IPCA+ com Juros Semestrais;15/08/2032;27/08/2026;7,16;7,13;2778,61;2784,17;2781,39
Tesouro IPCA+ com Juros Semestrais;15/08/2040;27/08/2026;7,29;7,26;1574,52;1577,68;1576,10
Tesouro IPCA+ com Juros Semestrais;15/05/2055;27/08/2026;7,43;7,40;539,20;540,28;539,74
Tesouro Selic;01/03/2029;27/08/2026;0,07;0,04;16112,91;16145,20;16129,05
Tesouro Prefixado;01/01/2027;28/08/2026;14,34;14,31;953,00;954,91;953,96
Tesouro Prefixado;01/01/2029;28/08/2026;13,87;13,84;736,24;737,71;736,97
Tesouro Prefixado;01/01/2031;28/08/2026;13,70;13,67;571,90;573,05;572,48
Tesouro Prefixado com Juros Semestrais;01/01/2033;28/08/2026;13,58;13,55;445,64;446,54;446,09
Tesouro Prefixado com Juros Semestrais;01/01/2035;28/08/2026;13,49;13,46;347,93;348,62;348,28
Tesouro Prefixado com Juros Semestrais;01/01/2037;28/08/2026;13,42;13,39;271,90;272,45;272,17
Tesouro IPCA+;15/05/2029;28/08/2026;6,98;6,95;3492,78;3499,78;3496,28
Tesouro IPCA+;15/05/2035;28/08/2026;7,18;7,15;2296,47;2301,07;2298,77
Tesouro IPCA+;15/05/2045;28/08/2026;7,25;7,22;1136,66;1138,94;1137,80
Tesouro IPCA+ com Juros Semestrais;15/08/2032;28/08/2026;7,14;7,11;2781,99;2787,57;2784,78
Tesouro IPCA+ com Juros Semestrais;15/08/2040;28/08/2026;7,24;7,21;1585,36;1588,53;1586,95
Tesouro IPCA+ com Juros Semestrais;15/05/2055;28/08/2026;7,37;7,34;549,02;550,12;549,57
Tesouro Selic;01/03/2029;28/08/2026;0,06;0,03;16116,00;16148,30;16132,15
